ID,Cycle,Predicted_RUL
1,1,158.1832072474499
1,2,167.4336859108007
1,3,148.48592964033014
1,4,156.5243698389968
1,5,169.88826947483176
1,6,169.03593467683822
1,7,159.57073397752538
1,8,159.5613990855054
1,9,157.33772870745452
1,10,171.12608455594454
1,11,173.39949396729935
1,12,170.71205103618558
1,13,165.3398289320321
1,14,171.9715016025002
1,15,154.15563240805932
1,16,152.47733726388833
1,17,166.62066528022115
1,18,151.60884545664885
1,19,169.18706083722645
1,20,159.83394957063138
1,21,160.96985047869384
1,22,147.4094018240139
1,23,175.07099679003295
1,24,153.3111524900596
1,25,162.30112115523661
1,26,154.7870881951676
1,27,158.49593422161706
1,28,152.85511495027458
1,29,165.11665691524104
1,30,156.15995944631868
1,31,158.03857136280567
2,1,138.3577224198234
2,2,135.8197361400089
2,3,134.59985703065468
2,4,144.50320537915104
2,5,138.96620123156754
2,6,139.41593049294897
2,7,127.72246609118883
2,8,129.97961918108922
2,9,122.67536048551847
2,10,128.27491489829845
2,11,137.63117820947082
2,12,115.432205706471
2,13,139.60034168885613
2,14,133.45623094680195
2,15,137.44519737978408
2,16,140.43124363114475
2,17,135.1579786985385
2,18,132.97910996025894
2,19,131.77123855757236
2,20,120.36312538522179
2,21,123.90845674845332
2,22,133.51658977063198
2,23,141.89330508171406
2,24,123.38429170646123
2,25,124.71192748197063
2,26,113.46629235998262
2,27,114.39944133393874
2,28,131.48704676788475
2,29,139.8385982491891
2,30,127.97475386688893
2,31,121.73244673419686
2,32,111.49903960664233
2,33,131.0564659278025
2,34,136.25422021945997
2,35,132.7603225861967
2,36,124.08219402882969
2,37,144.1258013943734
2,38,127.06405757159519
2,39,116.98760335770203
2,40,131.8361113021383
2,41,129.69637430582952
2,42,123.91066439266433
2,43,111.2692583171447
2,44,110.48202097046305
2,45,134.4895060556446
2,46,124.60385605480406
2,47,143.72706478151667
2,48,124.90718588299933
2,49,122.7280513029109
3,1,129.8542940475745
3,2,128.57185799449508
3,3,135.65840265560837
3,4,118.4566347063228
3,5,122.30078722040344
3,6,139.50614816100278
3,7,130.61753562169906
3,8,130.320796834043
3,9,116.97198550718895
3,10,127.43191938876407
3,11,125.47808328198153
3,12,130.9952491394215
3,13,115.89415218459908
3,14,126.55026627607003
3,15,112.75818734639324
3,16,129.24448764909175
3,17,128.66147213247314
3,18,118.80762940649583
3,19,117.89305599819636
3,20,118.09729801825597
3,21,123.66334301551979
3,22,123.20075245651242
3,23,112.00507885226398
3,24,134.24481395272596
3,25,101.2358997779229
3,26,129.94970300725254
3,27,121.20679274416761
3,28,129.93319509025605
3,29,117.8036980041652
3,30,98.90128049936902
3,31,107.38017190150276
3,32,127.86479610932292
3,33,95.60992833979253
3,34,101.85793741857924
3,35,126.37140064238338
3,36,113.62233718828065
3,37,123.25208493866376
3,38,120.15734973245708
3,39,112.07129001258
3,40,118.18926001644286
3,41,120.08588770547067
3,42,113.08361844562751
3,43,119.61210077688156
3,44,115.77908773669333
3,45,107.384727533572
3,46,121.22842459108506
3,47,110.46300289181818
3,48,117.95981098611082
3,49,120.21472076803911
3,50,100.9466451380722
3,51,118.44663524761563
3,52,130.74143625883153
3,53,117.1086395992752
3,54,115.92122954853403
3,55,121.10048062428541
3,56,125.12136001573526
3,57,112.7633337060688
3,58,99.40730299282586
3,59,111.47646963802981
3,60,110.95708857272984
3,61,112.1356030901079
3,62,128.03923282184405
3,63,104.07670124316064
3,64,120.69118326749594
3,65,108.12118930190627
3,66,118.78044703326304
3,67,124.78330561119947
3,68,109.82364946055168
3,69,100.4789571439178
3,70,118.89267375681084
3,71,120.20929224816791
3,72,112.09446288742765
3,73,109.23061072583369
3,74,117.7854266538925
3,75,111.70732345762372
3,76,102.90126452894765
3,77,101.33209710507072
3,78,115.53225109973573
3,79,109.07151209611038
3,80,117.76514610816957
3,81,114.65837233881757
3,82,122.04579112242209
3,83,103.86200797576748
3,84,99.66748829594871
3,85,107.89438041091489
3,86,116.00753461847489
3,87,93.21677810381516
3,88,98.39668214524863
3,89,99.11948211948038
3,90,109.24853777927638
3,91,121.50414369064674
3,92,104.90828649715695
3,93,106.06099136659759
3,94,101.1659191982908
3,95,95.47124453519064
3,96,106.99153823155211
3,97,115.87473970768042
3,98,108.09522612241562
3,99,111.90513337310404
3,100,96.03552741761087
3,101,103.44048914207087
3,102,93.96232618771319
3,103,103.9964106145344
3,104,93.37833981995936
3,105,107.46638426795835
3,106,102.20068097613694
3,107,106.8598613391805
3,108,99.97806730640878
3,109,95.13946317340015
3,110,113.91596912765817
3,111,91.12491524592042
3,112,82.18512463801017
3,113,94.73693236618419
3,114,94.13703076979436
3,115,98.40271748403029
3,116,100.22908861236647
3,117,85.51736154149694
3,118,87.18788238969864
3,119,96.78008814805071
3,120,69.93167880173132
3,121,93.17297505003808
3,122,86.37073969114863
3,123,85.93909224160598
3,124,84.21901454047475
3,125,79.67700060301286
3,126,83.29081776081875
4,1,135.91192365647294
4,2,139.632215731006
4,3,137.20716306167014
4,4,130.78771017625695
4,5,133.6500715946313
4,6,132.0510240764852
4,7,137.07860173984955
4,8,126.41929439958767
4,9,129.67902185097046
4,10,137.85017739563773
4,11,129.87208680424374
4,12,131.40142611481133
4,13,128.9439403708384
4,14,133.74883416917874
4,15,121.68625729720225
4,16,124.42763452269719
4,17,118.41001131493249
4,18,148.22714122939215
4,19,120.3960984829464
4,20,133.35119525746268
4,21,135.11619519797387
4,22,140.64829992273008
4,23,117.23558296161355
4,24,134.86501064739423
4,25,145.6654236716131
4,26,132.55769047774083
4,27,145.1362093405187
4,28,136.2930424674123
4,29,125.48887158003345
4,30,124.891494227777
4,31,138.38266158360057
4,32,108.71238353347871
4,33,133.1391203657986
4,34,129.1815948196454
4,35,123.3802814038936
4,36,142.19630326895276
4,37,119.80556908731523
4,38,121.85325973122963
4,39,139.0938044420909
4,40,130.7892280836968
4,41,119.32618130004266
4,42,137.5820661806647
4,43,122.63625429653621
4,44,122.82298907278164
4,45,132.5070765779965
4,46,119.44777636961953
4,47,111.66917872290651
4,48,132.86692319251597
4,49,142.7296379813779
4,50,117.15890620357823
4,51,114.50465649564285
4,52,140.638212624297
4,53,122.24069762493309
4,54,138.34711590090592
4,55,117.72613148984965
4,56,124.42155426139652
4,57,123.83790009337827
4,58,112.57570887048496
4,59,126.81736726574309
4,60,128.13348547440546
4,61,128.19387591411942
4,62,122.02935042213358
4,63,117.54745639312023
4,64,137.37911216217617
4,65,102.59374971817306
4,66,120.14082524017431
4,67,143.20825244800653
4,68,120.29447642572632
4,69,116.10670066867897
4,70,110.42344054386194
4,71,121.07363593339687
4,72,104.88056468594004
4,73,105.80156147072557
4,74,103.71424815137289
4,75,103.65562807332026
4,76,103.98506790146348
4,77,123.73715298103343
4,78,122.76545006215747
4,79,110.47609950447804
4,80,109.93702621699777
4,81,121.28828200016869
4,82,110.49806696819724
4,83,118.0291186242539
4,84,117.78146101128368
4,85,110.71301833013422
4,86,111.93214875189005
4,87,107.18048460771388
4,88,120.62533321832598
4,89,110.53591231067549
4,90,117.48031908732082
4,91,123.45548374741338
4,92,118.6385427047353
4,93,116.07650082024338
4,94,105.73165887208597
4,95,112.65086809814966
4,96,107.90768402576214
4,97,110.76229725973099
4,98,101.1736349232524
4,99,102.42560478515225
4,100,106.58797674601374
4,101,86.36729850088886
4,102,112.16410010308027
4,103,102.21121419341944
4,104,108.3258005775715
4,105,95.78782754510758
4,106,98.28243220354489
5,1,146.89148837742687
5,2,124.70586807868676
5,3,135.94014110408898
5,4,145.66511149716098
5,5,142.18669966464222
5,6,122.87593204312725
5,7,122.08727338160679
5,8,120.66283603507327
5,9,121.24138132932421
5,10,100.78354698435578
5,11,124.45244995540997
5,12,142.53131347559975
5,13,136.42675266086007
5,14,120.14300746559456
5,15,123.02253187230963
5,16,142.8413322182605
5,17,137.58932027725677
5,18,122.9499860820797
5,19,130.3484589523723
5,20,125.53478710418858
5,21,148.2572474940389
5,22,131.1097413242096
5,23,110.0004347551876
5,24,133.89560512505705
5,25,131.7369801645691
5,26,127.40008743145154
5,27,135.47675360490393
5,28,117.05648138884862
5,29,131.16126532343333
5,30,129.22825835140247
5,31,141.7531390919612
5,32,134.05013175366912
5,33,124.76696924494172
5,34,136.53061032081314
5,35,123.65767248508928
5,36,132.32577750289056
5,37,111.22298106743256
5,38,120.48673622046772
5,39,125.80001614769571
5,40,117.5841485670826
5,41,118.65821471983509
5,42,107.18520406981406
5,43,123.87570239992056
5,44,112.23266509476525
5,45,135.35819971407182
5,46,123.30339969518536
5,47,110.30289766422356
5,48,122.98527567752171
5,49,118.60307137577911
5,50,128.18465450503572
5,51,122.60443760039925
5,52,134.0123708925821
5,53,118.92568356903212
5,54,136.39276960812276
5,55,107.93398852125392
5,56,131.5982572153589
5,57,137.36248826955853
5,58,115.24514383856149
5,59,123.53688612231053
5,60,129.75699718584656
5,61,129.93523764162092
5,62,106.73845640852232
5,63,128.55772653345775
5,64,112.4692900829541
5,65,134.19221935786481
5,66,117.68679018491821
5,67,118.40313927008538
5,68,110.35775961593026
5,69,112.5231393474387
5,70,117.94772099256807
5,71,108.97525027564552
5,72,116.74331916055235
5,73,122.44347875314998
5,74,92.36927262718382
5,75,115.9625871451426
5,76,110.92337973925169
5,77,128.020705264571
5,78,122.01652251956693
5,79,106.62884661425778
5,80,128.60991355501756
5,81,111.43828918576764
5,82,118.70557141318568
5,83,109.82127968508576
5,84,111.97905308542249
5,85,114.22410157416016
5,86,128.0382915950904
5,87,90.7565219492244
5,88,104.87788639545033
5,89,105.66432843284565
5,90,108.66083830986463
5,91,106.74131952734024
5,92,117.94714724028017
5,93,108.22718185903796
5,94,112.15151341159071
5,95,103.4463252088608
5,96,101.28720416394935
5,97,108.61848391301464
5,98,111.67897199683648
6,1,134.50848221995693
6,2,117.19691190654703
6,3,137.7635908171651
6,4,133.91730295622256
6,5,144.84630920398922
6,6,137.2853342629387
6,7,128.33046993872267
6,8,134.44929179505561
6,9,127.32284654515388
6,10,143.99123366756248
6,11,132.8111847077671
6,12,111.96447824950155
6,13,124.03116952568234
6,14,126.08079743827693
6,15,125.46892091103655
6,16,125.07722043400281
6,17,145.3785812908318
6,18,143.95781154598808
6,19,129.54418265380082
6,20,119.44268192298478
6,21,128.43995028371864
6,22,127.03063061642752
6,23,129.0514127649949
6,24,128.42129800867406
6,25,128.17416000865342
6,26,140.18481605795387
6,27,123.16937777058047
6,28,130.403909970948
6,29,141.71370166842826
6,30,129.3545095904119
6,31,121.00297338308883
6,32,117.28453309033648
6,33,115.87489353767887
6,34,135.45954533047916
6,35,128.1096880389232
6,36,128.72310267922876
6,37,140.07329156249762
6,38,140.8946616332978
6,39,135.75204140903952
6,40,119.44178452040069
6,41,137.5909987384075
6,42,124.33153479201428
6,43,136.67139550647698
6,44,101.61854422460601
6,45,111.87879755423637
6,46,132.8539499676117
6,47,133.85726371336204
6,48,137.4792582802911
6,49,130.42919603201153
6,50,128.95562364609214
6,51,137.11794313015707
6,52,122.07269018690567
6,53,123.08559323637746
6,54,137.4048312141531
6,55,119.06530852368451
6,56,137.20836685414542
6,57,113.10017390993016
6,58,148.2456383019744
6,59,126.80729929728841
6,60,122.81392487279663
6,61,130.8854289782903
6,62,105.8114320840541
6,63,129.60246030009876
6,64,112.6176508609351
6,65,115.23806881037308
6,66,129.45156295636843
6,67,122.3640475285647
6,68,122.37625110374938
6,69,125.315100660795
6,70,118.78141051078273
6,71,125.46348564545042
6,72,121.88140116677096
6,73,134.31262715163757
6,74,114.39977673035173
6,75,133.98009284815635
6,76,107.4792953513388
6,77,124.98235714749899
6,78,125.78045248020499
6,79,128.70900849928148
6,80,103.08580694525153
6,81,134.09328832857136
6,82,121.74872215204232
6,83,116.1230369979312
6,84,129.65405389938678
6,85,106.54485013490194
6,86,116.20890462565876
6,87,125.88523310338496
6,88,113.25883958292252
6,89,112.35425783002574
6,90,124.88913626907743
6,91,123.54659433354391
6,92,112.8320899479586
6,93,122.34984723104571
6,94,128.21171556077024
6,95,113.17498136704671
6,96,98.5847963696142
6,97,141.877422628153
6,98,113.94566690943611
6,99,121.41057036798156
6,100,109.01146884051559
6,101,113.50836395067745
6,102,107.6700151724508
6,103,121.66212927142624
6,104,120.38175407213566
6,105,122.47055897917016
7,1,162.08290180398035
7,2,182.94714332112926
7,3,193.817008573591
7,4,178.33276545810804
7,5,162.11161992815323
7,6,185.61640127233113
7,7,188.5495215569681
7,8,169.45887255111302
7,9,170.04474941885564
7,10,174.92589070148824
7,11,168.37570262726513
7,12,193.32685052756278
7,13,175.59259253281925
7,14,173.44403205740673
7,15,185.42760905454634
7,16,170.06514395512932
7,17,171.46154930861667
7,18,200.45083592351875
7,19,175.78982272537542
7,20,194.7489025498944
7,21,194.710746502853
7,22,191.11530064960243
7,23,173.92498177016387
7,24,157.8550498623663
7,25,171.91505247219175
7,26,186.44907375790353
7,27,182.15158298338065
7,28,164.1215922513511
7,29,170.22589326271554
7,30,172.8492315040785
7,31,172.41676609595015
7,32,184.2920169190911
7,33,180.4786545024981
7,34,175.3820543542679
7,35,177.670195092418
7,36,154.91852516766812
7,37,156.55880442894704
7,38,174.25475999579066
7,39,174.08723466438823
7,40,171.3122654887993
7,41,168.68964111125388
7,42,167.3379788941529
7,43,175.15227044714266
7,44,157.3195238537155
7,45,166.62521914590616
7,46,187.43039811134804
7,47,160.80907116828894
7,48,166.8683552088769
7,49,175.23121029502363
7,50,162.31997736654012
7,51,181.73414632662025
7,52,185.41386230228818
7,53,173.82073819042125
7,54,181.6182006768213
7,55,171.17959015880479
7,56,155.31898444470426
7,57,183.00865105674893
7,58,166.3518746527552
7,59,175.86168608014123
7,60,174.06490812532138
7,61,180.8104043705389
7,62,177.05946713880985
7,63,176.68439406828838
7,64,169.450715393672
7,65,172.7182835549611
7,66,166.33627599278407
7,67,167.94807363746804
7,68,168.32002701505553
7,69,164.48653481545625
7,70,190.2952253935946
7,71,168.22953804086137
7,72,188.41129057617218
7,73,157.66201439326687
7,74,164.36435937936767
7,75,170.39292152083362
7,76,174.37360030048876
7,77,156.8615892778762
7,78,176.28233293896483
7,79,165.37957719560654
7,80,169.04884478649183
7,81,165.0443913252966
7,82,165.4858165717451
7,83,162.64998723265307
7,84,166.55435229734576
7,85,174.93616298091365
7,86,174.1434748115571
7,87,150.9173274597997
7,88,164.45801481035596
7,89,161.8412354167085
7,90,171.13292794735753
7,91,172.4185624219972
7,92,177.91677544635604
7,93,167.5718837664026
7,94,153.14206073549576
7,95,178.8184345997288
7,96,173.81344167522911
7,97,161.28702985357086
7,98,158.52545830738381
7,99,167.4571381751448
7,100,153.52123630371352
7,101,155.39142597177124
7,102,166.69466356361227
7,103,155.26311487740895
7,104,171.59485144999053
7,105,178.86613048067375
7,106,173.83862141090503
7,107,158.11454753817816
7,108,158.76920622332545
7,109,177.36197297471517
7,110,158.0235953488591
7,111,145.9739329599688
7,112,162.207174762254
7,113,146.93534721949254
7,114,153.4822230945574
7,115,154.51410570350708
7,116,170.66062060384138
7,117,157.9714575347898
7,118,154.07904025251628
7,119,133.2146337886661
7,120,148.19988880805613
7,121,166.39177628423204
7,122,154.7948757250997
7,123,166.46269876352744
7,124,152.06100010273803
7,125,149.4464607348491
7,126,143.842088135425
7,127,156.96240576315904
7,128,158.39032497203152
7,129,165.55305855067854
7,130,152.1778891289723
7,131,151.597819577044
7,132,140.67011570946488
7,133,152.457535715861
7,134,161.5084680798027
7,135,171.4751977079868
7,136,146.1816573824617
7,137,147.26477054003044
7,138,146.40855856054986
7,139,157.309327809955
7,140,157.9490112514759
7,141,135.09644673742878
7,142,131.79310031801288
7,143,141.4825127459044
7,144,136.98380083094526
7,145,137.1123287069786
7,146,147.31872566620586
7,147,139.1746686559345
7,148,142.8810334212758
7,149,151.73555801621114
7,150,136.60619248091825
7,151,155.0040286694566
7,152,146.21856434638903
7,153,139.47100527520524
7,154,145.1859241612692
7,155,143.7186594731029
7,156,151.78072574106045
7,157,146.05530167640245
7,158,139.83398114700685
7,159,130.6564308846573
7,160,130.40509870076494
8,1,146.3459125161171
8,2,141.10876915384142
8,3,142.85882346362632
8,4,144.94503981065645
8,5,154.02280149489525
8,6,147.14802629953192
8,7,145.66133100245497
8,8,140.70225085232232
8,9,160.13031072969898
8,10,134.1478443974047
8,11,148.39403765116003
8,12,125.69905400417338
8,13,153.98261594123323
8,14,137.0052648451383
8,15,141.7300575778645
8,16,155.73277704963402
8,17,137.10386616976757
8,18,130.64282707222446
8,19,151.42790266945667
8,20,149.56608223552757
8,21,150.29087724113197
8,22,133.44519122653583
8,23,139.44073144202412
8,24,142.7608351848903
8,25,138.19959487166489
8,26,150.9568760703114
8,27,144.17683769206633
8,28,149.67799723388453
8,29,148.07292453972332
8,30,135.74689451816084
8,31,131.09595626215742
8,32,135.85047533056058
8,33,138.17421430605464
8,34,151.76010965560272
8,35,146.11483264133858
8,36,125.3210357719945
8,37,147.881706796019
8,38,136.88045810064068
8,39,144.73738253720512
8,40,136.63609974515566
8,41,156.12251822311373
8,42,155.3093555043306
8,43,127.25285906092904
8,44,134.13598684454337
8,45,139.8919003089395
8,46,137.72299866870162
8,47,138.25873540667817
8,48,137.64247056453314
8,49,156.9342615177011
8,50,120.51813614684215
8,51,159.96300495232572
8,52,124.98171633660968
8,53,133.83815534699534
8,54,134.12881382687192
8,55,131.28614891548932
8,56,122.20722937077517
8,57,131.20368425076595
8,58,136.17500035956618
8,59,136.2590763665794
8,60,140.37935271281458
8,61,129.79350933301612
8,62,134.98856343446823
8,63,126.03082928182266
8,64,140.10654732424882
8,65,144.24391708284384
8,66,139.91722335168743
8,67,131.38588356271794
8,68,143.45044923275418
8,69,128.10892084539228
8,70,134.45109535986558
8,71,130.09180795037537
8,72,145.93871266490896
8,73,129.15666175732622
8,74,137.25921607749478
8,75,131.0936412888841
8,76,140.263085630344
8,77,150.3002624497458
8,78,140.86795150926628
8,79,132.17977532051736
8,80,136.06373851338867
8,81,129.63285267507308
8,82,128.41693848287105
8,83,129.23219503683504
8,84,119.39148044098692
8,85,133.94739317632047
8,86,115.95884055442002
8,87,138.69936000612506
8,88,131.3002081613813
8,89,148.15165909411735
8,90,115.25118272393593
8,91,137.72293436831387
8,92,138.9440304438176
8,93,131.140240030727
8,94,126.98875696622417
8,95,119.07557754215668
8,96,124.17137708840892
8,97,130.91856711838045
8,98,129.15899199747946
8,99,128.50940193538554
8,100,124.95117670026957
8,101,124.11550084665942
8,102,118.13572446879698
8,103,142.58806366178032
8,104,117.6819994263642
8,105,119.6929484057764
8,106,125.50792202874436
8,107,128.62234535688185
8,108,125.82359414678649
8,109,111.75600028267945
8,110,132.7245548187202
8,111,116.96806488071161
8,112,124.74566129603772
8,113,125.2585761842929
8,114,115.79601968188945
8,115,128.66246882760606
8,116,109.65872668023803
8,117,125.89536944619613
8,118,150.1365160750138
8,119,128.22217950610502
8,120,129.21582365951326
8,121,136.2975546441885
8,122,120.96586509273038
8,123,125.87552561638586
8,124,126.69978096615523
8,125,127.31244596709439
8,126,124.83447863905167
8,127,123.30598014230782
8,128,127.10244728544785
8,129,115.302928830788
8,130,107.8962165476114
8,131,119.02045189707133
8,132,130.03398392278177
8,133,119.6966309685231
8,134,118.5776126999699
8,135,129.7003052120417
8,136,115.2006434622599
8,137,113.99541186864371
8,138,119.66503482166445
8,139,118.15264595260669
8,140,105.44416500758962
8,141,114.58649559787591
8,142,124.20930321040214
8,143,124.95180232048733
8,144,112.79335675219772
8,145,99.47532999097893
8,146,126.42548983012966
8,147,129.16847048957425
8,148,131.62829115815111
8,149,111.43042492617678
8,150,133.37166678978247
8,151,106.25352599871985
8,152,101.45074301578279
8,153,105.80856224785384
8,154,111.91354374920775
8,155,116.89350005291635
8,156,119.21435079860385
8,157,93.43828980128455
8,158,110.02648710006906
8,159,112.20729974731512
8,160,101.47579028987093
8,161,110.86904943120317
8,162,110.16037153436628
8,163,104.17188922823698
8,164,113.21115396390087
8,165,101.99907477528905
8,166,96.0857189980452
9,1,126.74082954553887
9,2,105.88794360036263
9,3,113.66913490035222
9,4,123.36705190273642
9,5,111.62693559021864
9,6,122.1807956568664
9,7,131.99330362933688
9,8,126.61629640111641
9,9,128.66018815757707
9,10,118.06264710670803
9,11,121.25976956544037
9,12,126.09415762103163
9,13,110.89099234009336
9,14,111.01913227059413
9,15,115.08022625770536
9,16,132.2230712040764
9,17,110.06748649397923
9,18,122.02758120093495
9,19,126.75641677898238
9,20,136.87429821371916
9,21,113.44419144977292
9,22,126.46316244486661
9,23,114.65707590171951
9,24,134.07581164079602
9,25,136.58288092202565
9,26,102.11117950729385
9,27,128.5112852210732
9,28,125.67701601790031
9,29,113.85513304582855
9,30,113.0183041661221
9,31,105.43396379897604
9,32,133.44880295057374
9,33,115.06421886225871
9,34,118.1527957823273
9,35,101.1835754144704
9,36,124.39343005299452
9,37,118.42336809822882
9,38,119.91681726483512
9,39,125.91447372220864
9,40,115.16129483381519
9,41,116.10491249193728
9,42,114.34907179114816
9,43,102.4865611117566
9,44,108.92158687605115
9,45,124.11194406739378
9,46,123.9342258960678
9,47,118.94865187401592
9,48,117.57052424819267
9,49,131.020389391153
9,50,129.59360100388585
9,51,113.42958829425334
9,52,127.34001574237482
9,53,104.89648204029072
9,54,130.94384092028486
9,55,113.03388403209101
10,1,157.04141706800146
10,2,186.3058324696467
10,3,198.00117258017417
10,4,145.27827304543462
10,5,159.09551245481998
10,6,167.82754031756485
10,7,162.72273335285718
10,8,184.94260447881243
10,9,174.02715971735597
10,10,196.90459763199033
10,11,186.4623020842264
10,12,182.16571224713698
10,13,171.37033385688846
10,14,165.4207701418345
10,15,167.88988760308712
10,16,165.10619995204615
10,17,179.900392876385
10,18,178.29595884948503
10,19,189.89211240889563
10,20,167.2497792052891
10,21,172.99181978988054
10,22,173.77141542203026
10,23,163.2599740873993
10,24,180.48255041777156
10,25,173.56293821801955
10,26,163.26246246902156
10,27,172.08331332250964
10,28,165.30612380354432
10,29,171.52593268574856
10,30,160.7967327850347
10,31,173.87939160503447
10,32,163.64300291820837
10,33,159.17250071055605
10,34,172.73353907208366
10,35,164.02832763681363
10,36,165.99191278457874
10,37,169.69694940492627
10,38,185.72970602982969
10,39,158.65561348687334
10,40,165.54197032797674
10,41,157.2335926280066
10,42,176.072684652303
10,43,171.99946723968606
10,44,161.68983226837008
10,45,184.34647258397308
10,46,160.39103150292067
10,47,161.3402747661603
10,48,161.68002213975706
10,49,185.46446792672214
10,50,164.4355103666312
10,51,158.83233740994183
10,52,164.77600343398808
10,53,162.60628041700693
10,54,186.22867737138586
10,55,167.1512422995438
10,56,180.97618724199128
10,57,146.58390119341493
10,58,154.9381383028085
10,59,170.73657567464397
10,60,167.28337068442488
10,61,182.73469294318056
10,62,161.132410135775
10,63,171.82640597235877
10,64,176.9534913677926
10,65,172.57920243154513
10,66,162.6543865416752
10,67,172.10066590110364
10,68,147.90454474116268
10,69,176.86996721138712
10,70,167.4142595629237
10,71,170.11252037917438
10,72,172.31347123120213
10,73,171.61976109241368
10,74,163.29684117289435
10,75,163.8889369515382
10,76,174.2805855327315
10,77,173.74996543188172
10,78,170.6581066437211
10,79,161.88271742152574
10,80,154.98757303514867
10,81,178.7112115968048
10,82,167.11617904464947
10,83,157.36081706968253
10,84,169.83162974653533
10,85,168.04562700804672
10,86,170.74821560282726
10,87,154.99526972338208
10,88,169.44842830671405
10,89,157.65986251234426
10,90,168.2421852828411
10,91,165.08241587431985
10,92,166.1331920477969
10,93,158.10349563149794
10,94,171.17639698310813
10,95,174.68680319873965
10,96,162.38484127995616
10,97,164.7148162525118
10,98,144.79205369185365
10,99,162.15633631813398
10,100,166.27387278479
10,101,169.0863013908529
10,102,156.2918181582936
10,103,168.27146119816462
10,104,153.28555257210974
10,105,149.7823038080969
10,106,147.33163508099096
10,107,156.36777005931071
10,108,156.23459641757654
10,109,162.58647585730068
10,110,175.18746939742414
10,111,150.66990171982616
10,112,156.8760340441222
10,113,174.36769161986012
10,114,160.07431624422316
10,115,160.96550260517688
10,116,145.70569214608986
10,117,175.29007190919947
10,118,142.08373835160455
10,119,151.6085050727561
10,120,144.70029563602293
10,121,166.7095507520571
10,122,179.56418258456688
10,123,161.04111022508005
10,124,159.85124403372174
10,125,146.69846488143958
10,126,152.17359468337963
10,127,147.33846614485083
10,128,165.78131828972255
10,129,141.3973929759086
10,130,158.4509573156829
10,131,133.7142079960904
10,132,142.96048604113457
10,133,145.96456025351654
10,134,149.31727632286493
10,135,152.85222501044336
10,136,145.59515457546513
10,137,151.18486881170247
10,138,159.14323667058488
10,139,142.83534696251445
10,140,145.48370371790952
10,141,149.3624636059103
10,142,142.0342025472928
10,143,170.270691908765
10,144,145.84186489431886
10,145,150.2304420749715
10,146,158.180049482311
10,147,147.208246462018
10,148,145.84333366461215
10,149,146.05368617878412
10,150,127.9143419922766
10,151,163.74191065230116
10,152,141.1599102186883
10,153,152.0453220338386
10,154,142.9741650162323
10,155,144.68879774825473
10,156,152.98699704969476
10,157,138.36892427518615
10,158,138.43943867260532
10,159,145.1363756714709
10,160,134.7795271161449
10,161,135.69506475751405
10,162,140.35906345381227
10,163,140.85244448184676
10,164,137.69841692330374
10,165,145.70429317968956
10,166,136.7292770374479
10,167,142.44872224517167
10,168,127.30911118486256
10,169,125.7065213482565
10,170,132.35945742722834
10,171,128.20732089654484
10,172,132.70904356850951
10,173,129.41272408868826
10,174,131.8312072455301
10,175,121.23915190408297
10,176,139.3560803936125
10,177,126.82425342695205
10,178,158.3024508470262
10,179,137.61701581002853
10,180,121.42421310715145
10,181,140.3524049353873
10,182,129.19594693250838
10,183,114.80103338112531
10,184,129.1720070078445
10,185,125.0023317347077
10,186,123.57953284740506
10,187,111.98527877687593
10,188,129.16747623830452
10,189,107.92421481755446
10,190,136.07543500256725
10,191,127.42183184406895
10,192,117.35157249496842
11,1,107.08754979680816
11,2,115.2461003416538
11,3,121.19885436078766
11,4,130.44938464849838
11,5,120.78212155649089
11,6,121.664438023814
11,7,116.80831777871936
11,8,116.28164764442772
11,9,119.69622601814626
11,10,118.50448070903076
11,11,114.08349227780127
11,12,115.16190508463478
11,13,111.47440650463977
11,14,133.21613080994575
11,15,131.9960623710067
11,16,118.3824367072666
11,17,110.34740899033204
11,18,109.73778177161876
11,19,126.04393539519515
11,20,122.9698009416752
11,21,124.05182170965418
11,22,117.93612302413385
11,23,115.44097174839408
11,24,121.94763422579854
11,25,112.88194129218755
11,26,111.55452227668138
11,27,116.71083844354143
11,28,113.96899945790938
11,29,119.13621303331456
11,30,115.69625365250977
11,31,108.04545757567394
11,32,113.79269593390927
11,33,130.81464928484638
11,34,125.19780828016519
11,35,130.17820414091693
11,36,124.49440939222404
11,37,119.85410334989137
11,38,114.7582105218753
11,39,111.90753993365797
11,40,115.30961178531288
11,41,117.90632750172517
11,42,116.07938968075905
11,43,121.73231765496894
11,44,113.19509642964113
11,45,121.21096204267815
11,46,124.359445177819
11,47,121.31998928693065
11,48,117.66585000685882
11,49,104.28530449897517
11,50,111.65794173054746
11,51,110.09484213241376
11,52,116.98625165097474
11,53,108.25735176602029
11,54,109.37133782821184
11,55,110.01741079246858
11,56,112.38067457728903
11,57,109.11662892787717
11,58,120.77633315809362
11,59,120.8248767987825
11,60,103.62122225285566
11,61,110.60968185380625
11,62,115.359675923959
11,63,105.93896850779129
11,64,109.55310149664001
11,65,126.06976007812773
11,66,123.55201034029596
11,67,130.27058394698543
11,68,113.78735592488374
11,69,108.75708747797762
11,70,104.66280279353668
11,71,128.81882951778243
11,72,117.22672175215848
11,73,97.55575473743374
11,74,101.15861364571902
11,75,107.28211691373144
11,76,108.12137611025537
11,77,97.70302929931495
11,78,100.21514982383815
11,79,102.39181284696679
11,80,97.43064725429576
11,81,116.4841751831409
11,82,109.98530112674052
11,83,98.47984615426685
12,1,167.07965060342394
12,2,185.5172101570788
12,3,173.56987342301
12,4,171.97395782913372
12,5,183.02538930984156
12,6,185.1438979342638
12,7,169.06958357567783
12,8,167.64432459331874
12,9,182.5483658331941
12,10,176.81493643735303
12,11,182.74381626326067
12,12,178.06182413254282
12,13,193.05833468353376
12,14,184.23483726440463
12,15,175.6981419326621
12,16,170.7093180059892
12,17,195.62092610391846
12,18,179.21881518403825
12,19,185.70153850752104
12,20,174.50909662779304
12,21,163.5416637277085
12,22,173.3913531279104
12,23,180.71650886017596
12,24,182.0130010099674
12,25,153.8088113090198
12,26,169.42129400080012
12,27,165.17792178696254
12,28,161.7459336289612
12,29,192.98552956368076
12,30,175.34520015375165
12,31,163.4865022614831
12,32,175.59688371105585
12,33,182.4044356267259
12,34,190.7443948678265
12,35,181.18859797902405
12,36,179.57304197424673
12,37,176.322136084651
12,38,185.7144442616409
12,39,171.55177339525835
12,40,186.7412147698342
12,41,174.66845821503375
12,42,178.48643181445368
12,43,185.1617483486625
12,44,171.6135270105151
12,45,182.633724699117
12,46,170.68029247166123
12,47,186.52529924995906
12,48,161.28889335710846
12,49,180.7251530091744
12,50,153.41652003063064
12,51,159.52702742164547
12,52,176.6936450311041
12,53,181.0146940193663
12,54,178.4426907869929
12,55,198.5463820881705
12,56,173.993002859017
12,57,174.36548859023605
12,58,178.43893257215677
12,59,173.77849737925862
12,60,174.12733872578247
12,61,165.54756500282383
12,62,168.9568415586109
12,63,179.3643887911312
12,64,175.8487920715561
12,65,168.11253848423075
12,66,180.7983070878836
12,67,183.22582802484976
12,68,159.5017337724421
12,69,168.64716794611013
12,70,158.39829515627935
12,71,166.46010332195146
12,72,156.65775673360622
12,73,159.6766703860776
12,74,171.8468551739934
12,75,156.10926923189254
12,76,161.95682072524505
12,77,170.51122639099776
12,78,160.4138610051741
12,79,165.7291229057737
12,80,173.50833373799105
12,81,176.26001170714153
12,82,175.5589809781668
12,83,161.00720088987146
12,84,161.0620630842168
12,85,169.65393540890364
12,86,157.68062601344718
12,87,178.8369145191391
12,88,175.41303482580406
12,89,162.1734367434692
12,90,179.41252965913736
12,91,155.87516682670685
12,92,151.27448334636574
12,93,171.2414815309312
12,94,166.94968012004392
12,95,153.07618492758775
12,96,159.38168449079967
12,97,172.39696251120768
12,98,164.3943961997429
12,99,171.4136944912898
12,100,160.20603752470925
12,101,173.40950473974226
12,102,168.59447508318408
12,103,178.6455248620623
12,104,160.34462832013378
12,105,166.64497914201638
12,106,179.02954994831816
12,107,172.88221393896674
12,108,173.44930142973317
12,109,168.29897768705268
12,110,166.0575122099399
12,111,162.15298948605778
12,112,169.78438460284087
12,113,164.08520046598278
12,114,171.8921919765271
12,115,143.6872518480668
12,116,166.85796560742892
12,117,172.08896643974003
12,118,168.46663581226312
12,119,159.656266918013
12,120,162.04758937345468
12,121,171.7603986105969
12,122,153.507028097898
12,123,167.115499291147
12,124,157.29016787622822
12,125,163.78688750357833
12,126,171.87473285439773
12,127,167.9555487051839
12,128,159.54066269029863
12,129,153.31759784388123
12,130,162.141986859162
12,131,177.98426442654454
12,132,163.04286929036607
12,133,167.50279116442834
12,134,169.87945789899095
12,135,167.11285812842834
12,136,153.55542471374793
12,137,169.4750358520687
12,138,159.44446608741418
12,139,153.33410853760142
12,140,172.86978686702787
12,141,159.3935314634
12,142,173.32518177115708
12,143,154.00325705792056
12,144,165.69083409421728
12,145,150.0115138321853
12,146,157.42791330398177
12,147,150.54884169413708
12,148,153.5824534460844
12,149,150.66572478374292
12,150,149.06555374225718
12,151,160.69167645867856
12,152,140.3530432718253
12,153,159.82537700067041
12,154,167.3103459270933
12,155,159.3342102356837
12,156,164.54141284739308
12,157,152.48713559311
12,158,133.36899692201405
12,159,150.5841182985314
12,160,162.45329711053637
12,161,146.03286194612156
12,162,150.84619164979085
12,163,157.25512426429486
12,164,138.8394169993844
12,165,162.63002866778697
12,166,141.5173802037607
12,167,162.10781193789444
12,168,147.17792187060695
12,169,159.3864741759462
12,170,160.12558795919176
12,171,157.80035418109037
12,172,153.6268600259791
12,173,150.72118605974538
12,174,147.9758508347004
12,175,147.76084522840392
12,176,158.77288619715546
12,177,158.87203357972612
12,178,160.95602622881415
12,179,149.5233024546469
12,180,155.30693975025497
12,181,153.3786948905472
12,182,146.29502524563577
12,183,139.8450293984206
12,184,142.7334345634008
12,185,139.93694833424524
12,186,133.61163464255515
12,187,147.17411534198618
12,188,130.49300352034334
12,189,135.25489892381302
12,190,134.5339720135089
12,191,153.23821452962875
12,192,131.49190293130232
12,193,141.41680690644716
12,194,127.05085877679812
12,195,133.19211763402564
12,196,137.72993545005738
12,197,140.29344732868776
12,198,134.12374206805544
12,199,144.37173426122172
12,200,131.9368148611684
12,201,149.8601857014146
12,202,142.1023167924577
12,203,137.8270085085387
12,204,135.50789432716556
12,205,124.35619487329677
12,206,132.05791687063174
12,207,139.15400464480626
12,208,135.8167106507899
12,209,142.77566720929462
12,210,147.3127409019071
12,211,137.4607535150426
12,212,125.74692662882444
12,213,131.392068174202
12,214,119.15792872071324
12,215,133.60660002390796
12,216,131.459082927875
12,217,113.39561920712003
13,1,158.76270548737375
13,2,187.711639427318
13,3,175.41742097957467
13,4,171.17832412206917
13,5,184.11746754212072
13,6,168.12859663988638
13,7,187.0163314227393
13,8,159.3281554654386
13,9,163.50314450418227
13,10,168.61376414017286
13,11,170.97517279544263
13,12,157.6794971506897
13,13,184.41457162573352
13,14,168.25570238108048
13,15,187.94394464931975
13,16,161.39525760087417
13,17,182.63297445200442
13,18,168.5212915848242
13,19,184.1134613659524
13,20,184.21322877479543
13,21,164.41984857904026
13,22,165.04219995660242
13,23,177.92624163690198
13,24,166.995232421963
13,25,172.23249255036353
13,26,161.57791548645764
13,27,168.61733519559493
13,28,172.62840148908435
13,29,186.5030867804744
13,30,176.82191353401868
13,31,178.48875952744856
13,32,176.1000582753477
13,33,173.2900806652906
13,34,176.51811451227695
13,35,178.3677645388234
13,36,178.3107181412197
13,37,168.1801422725548
13,38,169.15758990736504
13,39,173.60013319268182
13,40,159.54840999425505
13,41,175.4953654902638
13,42,159.94968798889022
13,43,162.94603846702375
13,44,163.93390753520362
13,45,170.10018217474862
13,46,168.4878383588075
13,47,167.74351016999572
13,48,159.22085496634827
13,49,167.26302376874082
13,50,165.65512861066964
13,51,176.26517697529925
13,52,181.35580819824827
13,53,167.88514658770873
13,54,188.01881012355443
13,55,171.51986510990537
13,56,175.24542100117833
13,57,177.23242188095173
13,58,158.56279559650284
13,59,162.79622636165004
13,60,165.1467369174061
13,61,171.5011977742397
13,62,155.95433114934713
13,63,162.87537126352254
13,64,176.05683619048796
13,65,168.3803026869282
13,66,164.16837565733294
13,67,159.26303436064336
13,68,164.0036685890227
13,69,154.8769139212818
13,70,165.3801529881748
13,71,171.13083229830954
13,72,166.0807282650494
13,73,180.67043150149402
13,74,148.4163827188895
13,75,178.38242611472378
13,76,164.2531543966179
13,77,176.80102307611378
13,78,160.01798631920246
13,79,158.8089220228867
13,80,155.01290731343033
13,81,149.90475341951242
13,82,170.68415930695483
13,83,168.20878003972757
13,84,153.05266367869626
13,85,160.34590073738946
13,86,165.97364593324892
13,87,164.72435361504904
13,88,157.88692052612896
13,89,160.7910185600631
13,90,163.25291605546954
13,91,170.40119562619657
13,92,165.93571552859794
13,93,154.36822704299993
13,94,169.5828053769219
13,95,157.8186372986529
13,96,168.4597873162711
13,97,144.6774258827936
13,98,175.60767669636698
13,99,170.1524449356366
13,100,157.68093128885084
13,101,161.5980232362781
13,102,137.7608744175377
13,103,167.95723383252334
13,104,166.52062383732118
13,105,164.34983577782987
13,106,173.34585791929567
13,107,171.23704079347954
13,108,152.76471148827113
13,109,144.51722033591068
13,110,154.10295995717752
13,111,160.8696848906693
13,112,173.0379107194167
13,113,178.16329023014987
13,114,161.82036938697274
13,115,143.9545857134217
13,116,175.29920436990506
13,117,146.67367599760473
13,118,154.63715843041427
13,119,159.16787290353386
13,120,157.36369848100003
13,121,151.64050273047178
13,122,153.61835997259186
13,123,139.48157323167834
13,124,134.37370756505697
13,125,143.5163786316989
13,126,152.84941598257865
13,127,147.06467070721556
13,128,165.39745212586422
13,129,156.8359882106306
13,130,144.78719263647508
13,131,146.3732458508166
13,132,147.33050110509794
13,133,159.22001268873282
13,134,141.27744376906776
13,135,156.3954534006043
13,136,149.68784478837915
13,137,143.01608957181452
13,138,140.22722870764846
13,139,151.7277695833618
13,140,153.26690512332425
13,141,150.20364493275702
13,142,158.4301616151788
13,143,142.10460314000375
13,144,140.25605709885713
13,145,150.90081240115978
13,146,146.44310116351699
13,147,142.2770041302574
13,148,148.83737590217788
13,149,156.13080523555982
13,150,139.63755591309746
13,151,121.96259469441429
13,152,152.2257688966929
13,153,146.88547461805865
13,154,153.95629098635982
13,155,152.00746382378566
13,156,133.07916397883673
13,157,144.40273747665924
13,158,136.7389512774971
13,159,135.8638495953346
13,160,129.60166279766418
13,161,132.4544318698463
13,162,135.78356735536363
13,163,158.20564914733404
13,164,148.3897388108744
13,165,136.40105567411229
13,166,136.03463224422012
13,167,133.53495048446348
13,168,139.87342684490432
13,169,143.48908544908045
13,170,146.71611430829216
13,171,140.77275746225496
13,172,134.49417924265435
13,173,122.04157886849134
13,174,133.14346899888187
13,175,128.83128147615935
13,176,126.18400158226723
13,177,143.52553358314617
13,178,131.11312340880977
13,179,123.53082760827965
13,180,122.12344552174909
13,181,139.72022485263005
13,182,131.13074836802843
13,183,137.94132013226044
13,184,129.32316660392098
13,185,121.8979913686926
13,186,132.14051039308833
13,187,122.61974445676606
13,188,130.84449168748688
13,189,115.09943908583955
13,190,123.53907611628529
13,191,123.21194295062742
13,192,126.64497542975005
13,193,125.92694521362137
13,194,113.63738497966551
13,195,102.27710869857401
14,1,115.47117621537473
14,2,123.18639148196962
14,3,118.34803593004472
14,4,125.08971057905
14,5,130.55462136512506
14,6,126.35560746400733
14,7,113.90843493340071
14,8,138.33656903427618
14,9,114.1619677048584
14,10,141.85086813433736
14,11,126.35036751562438
14,12,112.55961028987076
14,13,110.08626253479451
14,14,132.50764039397473
14,15,105.50894064061868
14,16,129.92091843608068
14,17,113.15305717579031
14,18,109.35479452792788
14,19,116.14108563533227
14,20,117.10002589403302
14,21,119.53586498681398
14,22,124.34437668176543
14,23,110.43698976757878
14,24,122.5484509968519
14,25,132.42824823086266
14,26,109.19216134873568
14,27,113.84838292775385
14,28,131.28669730460388
14,29,121.75482456617465
14,30,119.59564909565961
14,31,101.80823554898961
14,32,121.02182188704319
14,33,121.26194369106088
14,34,112.95746887240966
14,35,116.03583203650487
14,36,119.21315510231943
14,37,115.54554746122449
14,38,121.94207381617161
14,39,123.29036059348437
14,40,118.64842405548552
14,41,108.64650665037334
14,42,107.07550187468587
14,43,122.72351270532818
14,44,97.14084521196492
14,45,115.4572352944524
14,46,113.99593033696874
15,1,155.85541714343708
15,2,175.95560217124876
15,3,179.98619765340118
15,4,171.9507537366153
15,5,161.5446074772044
15,6,171.8704102031188
15,7,159.18893742632645
15,8,186.16543848163565
15,9,176.9894448572595
15,10,168.92928608626244
15,11,159.9070931217284
15,12,167.76858397647447
15,13,149.8188505757862
15,14,172.3871583216387
15,15,162.2676535351784
15,16,171.64640873296594
15,17,160.63884939123818
15,18,167.2355412668985
15,19,161.92275546686142
15,20,161.59389868951985
15,21,160.70007536218327
15,22,177.46929879237723
15,23,168.16155839848216
15,24,173.86895585602906
15,25,177.6782778309571
15,26,170.72003319345822
15,27,169.82906790087873
15,28,155.3978495552292
15,29,174.44364747949294
15,30,164.25893762493797
15,31,160.54131911799777
15,32,161.66909707478771
15,33,163.21516365160642
15,34,174.94836807453248
15,35,168.50742458376044
15,36,164.44733401044505
15,37,164.73761319000914
15,38,149.73021087465168
15,39,155.48878921523283
15,40,159.68421340655186
15,41,161.59177757339785
15,42,158.2476024323405
15,43,153.04604820349778
15,44,177.3136241400789
15,45,150.22387421745225
15,46,159.67246395109396
15,47,171.2771375827724
15,48,167.31468056098674
15,49,151.64401348341198
15,50,148.8014972867968
15,51,162.63177045134944
15,52,162.79560260890867
15,53,161.44078255690692
15,54,153.65329245595785
15,55,157.2095617500163
15,56,168.7956015483942
15,57,160.02064344234532
15,58,154.39933015721908
15,59,158.56027207591978
15,60,139.63627552210528
15,61,170.08193397209106
15,62,146.60290750971762
15,63,158.49651143906522
15,64,156.1895534938958
15,65,159.9199841813097
15,66,138.76148451188055
15,67,158.95997570733016
15,68,157.08091311794124
15,69,159.76209800752986
15,70,145.2180513986823
15,71,151.6218586283503
15,72,142.37766064028256
15,73,146.50621486990713
15,74,155.66045602069062
15,75,141.7268441815977
15,76,161.6894179727824
16,1,176.6028637336276
16,2,167.71844526431232
16,3,184.2157674398768
16,4,176.38391360927199
16,5,163.5502014321246
16,6,165.45903989701765
16,7,172.62271501145733
16,8,183.17480385443196
16,9,180.39277586359822
16,10,178.80744387871528
16,11,168.71738160027598
16,12,179.5230327713507
16,13,181.60581777019252
16,14,160.86173567512014
16,15,176.66018490912393
16,16,179.08814356397488
16,17,173.71973510162206
16,18,174.63544873510546
16,19,171.71707854629494
16,20,173.00827337465307
16,21,158.4412224611442
16,22,172.32630577693635
16,23,174.46437910593522
16,24,161.9403930191911
16,25,186.99631576309912
16,26,162.1747578833456
16,27,171.3417010862322
16,28,175.6267605150788
16,29,197.05399345049227
16,30,164.64722298862762
16,31,173.7956561660394
16,32,166.5886057799944
16,33,176.0811267674144
16,34,158.38696336460998
16,35,144.75240030117857
16,36,164.5527855806722
16,37,166.35103013068147
16,38,195.39522937542642
16,39,172.369655966977
16,40,173.16017773805652
16,41,164.4333978620125
16,42,164.42671336569765
16,43,162.6628123294504
16,44,174.63479748416285
16,45,163.8680545064708
16,46,166.04743413219694
16,47,169.9868146982044
16,48,153.77336440740328
16,49,157.28720213308407
16,50,153.97881292221427
16,51,165.5189873570198
16,52,166.10383004372125
16,53,166.43046545090328
16,54,186.12123677109776
16,55,162.49746924973442
16,56,156.8301185756136
16,57,186.2875658384728
16,58,173.65505787225266
16,59,158.35462375926727
16,60,168.77558188233525
16,61,171.26666673649743
16,62,160.62272783690423
16,63,171.66934855817817
16,64,154.70411222010443
16,65,168.03998861562286
16,66,159.36274501075968
16,67,169.37053133519657
16,68,155.61206306426902
16,69,161.0794089271658
16,70,151.2174859784718
16,71,154.54945085827785
16,72,172.8810847083805
16,73,178.4499617400288
16,74,156.34242892585462
16,75,157.21527384899673
16,76,162.22342947604193
16,77,153.95665059945895
16,78,173.82350303618296
16,79,159.14940640860004
16,80,154.50881926369038
16,81,163.02670661862066
16,82,163.9392641288723
16,83,168.27748495076958
16,84,151.89538041260676
16,85,161.5216665295884
16,86,164.48078145946783
16,87,162.22018288866093
16,88,145.41566104833328
16,89,158.24073217065597
16,90,158.5218589939177
16,91,146.1635908830358
16,92,159.47653787497256
16,93,147.50338652104256
16,94,132.51542788007646
16,95,165.88472793898836
16,96,150.3615363517165
16,97,160.74348534790624
16,98,157.48084839749208
16,99,150.67670609922789
16,100,139.26086110362667
16,101,155.74609556344512
16,102,145.49360573738522
16,103,161.49108653134317
16,104,147.9296734109812
16,105,153.44478553977387
16,106,144.51690311358834
16,107,152.8552907952253
16,108,150.24821249987872
16,109,149.0991997007368
16,110,143.53648364760738
16,111,137.0437606339692
16,112,146.59546761665842
16,113,139.601055650317
17,1,158.40483537499676
17,2,164.3595699673897
17,3,149.13361234834883
17,4,171.34132829250302
17,5,178.13054265404935
17,6,155.38398422619503
17,7,173.08365194917133
17,8,166.93080313538667
17,9,167.72362235031324
17,10,156.84737579336797
17,11,169.6098597976088
17,12,166.24431826914952
17,13,164.6798084742477
17,14,175.10663843620569
17,15,158.40264973409649
17,16,173.78353130663163
17,17,162.42129953054246
17,18,177.45125702045334
17,19,162.48967974698462
17,20,163.42394690056972
17,21,159.56064226968738
17,22,161.75421592147904
17,23,162.6765654184128
17,24,166.62223495902435
17,25,166.07825114470324
17,26,160.58277511241613
17,27,174.82187800087559
17,28,160.38058894830465
17,29,167.2234172582539
17,30,157.20643776177894
17,31,166.72204146932927
17,32,162.10806114779552
17,33,157.73224862781353
17,34,160.49369682153338
17,35,154.31423847799306
17,36,175.4045105419791
17,37,178.431256760814
17,38,154.0650052698038
17,39,147.2267874730751
17,40,152.0673604295298
17,41,169.65402550615545
17,42,164.35848811063624
17,43,172.86845986108528
17,44,162.85877001927292
17,45,154.15205917380808
17,46,150.055788132624
17,47,155.28817153057025
17,48,158.15612996843993
17,49,156.0821864547761
17,50,164.02122829573636
17,51,163.88522881745303
17,52,149.78194548805186
17,53,165.83387391109136
17,54,168.7675027371879
17,55,166.2698757938051
17,56,165.57069171778858
17,57,157.2553604425775
17,58,160.539008624517
17,59,152.4306345191435
17,60,147.98250608054514
17,61,152.14157414640067
17,62,166.92725653263915
17,63,150.14015895192279
17,64,162.2034907014895
17,65,159.55894831231853
17,66,150.88508986929082
17,67,158.74664347576618
17,68,168.82030627031054
17,69,161.67814535844082
17,70,157.16992778869462
17,71,143.19060342626472
17,72,150.29537045066536
17,73,143.36854659891105
17,74,156.34055294121208
17,75,139.64244964290992
17,76,136.25937931844965
17,77,158.05157612712355
17,78,160.6255118084082
17,79,147.64721313602058
17,80,145.92901424395677
17,81,164.59724790485052
17,82,143.42200375119864
17,83,163.30795965035213
17,84,142.84821737138554
17,85,151.22059020557208
17,86,148.1260070049466
17,87,147.60304595489288
17,88,161.62153284128
17,89,147.89688243035926
17,90,165.46336807881016
17,91,139.8082677842758
17,92,155.46475768765958
17,93,140.05141719523817
17,94,144.64912390511017
17,95,157.24643891732558
17,96,141.1829623374215
17,97,132.4546591664839
17,98,150.45629777522117
17,99,143.30621206617798
17,100,141.33779490346205
17,101,141.12850401588366
17,102,138.8986617535702
17,103,140.86197939568956
17,104,138.25423465907807
17,105,148.5195941683196
17,106,137.17860896594357
17,107,113.35674624243984
17,108,128.84720784601814
17,109,134.63774936573463
17,110,135.69621591399482
17,111,130.80873136493028
17,112,133.7816428449878
17,113,148.00083434866974
17,114,151.02518152390257
17,115,142.72936394947465
17,116,129.0486678493471
17,117,131.4503418731474
17,118,139.1682241288072
17,119,123.01647584684542
17,120,116.71100376761751
17,121,134.32431585785525
17,122,121.34140032301366
17,123,129.74559699789097
17,124,129.38850893596828
17,125,125.70312294080213
17,126,114.75692917197011
17,127,130.0957318416622
17,128,129.6862891693745
17,129,123.62394168005267
17,130,126.67866900653462
17,131,118.80566171630926
17,132,117.3532177007728
17,133,122.77084811752138
17,134,145.6197646290966
17,135,112.56083114718786
17,136,111.97887196078955
17,137,125.71939056277915
17,138,123.70345974584052
17,139,94.20459295369801
17,140,120.98009332292713
17,141,107.54001356642402
17,142,124.98465987636882
17,143,115.1831455889187
17,144,97.46581666391285
17,145,130.30411698306852
17,146,101.51387335872278
17,147,115.98274177602434
17,148,95.83407393380185
17,149,113.50420297399978
17,150,110.35662978267646
17,151,93.31933751297765
17,152,84.6927841030847
17,153,97.12349796453782
17,154,101.78548963725916
17,155,96.06640578611405
17,156,98.56294429398258
17,157,93.21774571348215
17,158,82.19027508117142
17,159,94.32352692437416
17,160,91.42148236819776
17,161,92.49695177817193
17,162,99.368378188723
17,163,80.18054051340732
17,164,101.2511781497451
17,165,81.90405753800587
18,1,159.86425117289764
18,2,165.16739849011356
18,3,189.67404382502718
18,4,158.48737881940906
18,5,151.01724507422477
18,6,178.0066657990683
18,7,161.13045401219279
18,8,159.9244295903045
18,9,157.0738435810199
18,10,178.75487515790155
18,11,176.08897513466945
18,12,169.19373548348085
18,13,190.71493978892977
18,14,151.91593775780348
18,15,173.3020688088145
18,16,164.98240519214596
18,17,152.58546228600608
18,18,163.29759409683174
18,19,165.93767403835955
18,20,155.03700105307507
18,21,146.9185305245337
18,22,166.06454297878372
18,23,168.53858226984448
18,24,169.89490806136746
18,25,162.68387010235165
18,26,167.48041395979817
18,27,162.58814832015196
18,28,175.6701644311397
18,29,176.57195291097742
18,30,157.66330580539943
18,31,157.6133038408734
18,32,167.0197235475789
18,33,165.02581650523643
18,34,165.80626338464208
18,35,148.95577679095732
18,36,162.73608033542405
18,37,150.66736347725964
18,38,161.05794587824494
18,39,151.56709949075594
18,40,164.47325206187088
18,41,153.89874210060225
18,42,138.93972571582708
18,43,163.23216326015245
18,44,169.17023356811842
18,45,166.25328945202637
18,46,154.6894743580924
18,47,172.94030480073707
18,48,162.13277133193333
18,49,156.3812068128609
18,50,153.43548083640053
18,51,147.1882661167765
18,52,157.39009548633476
18,53,159.74132458107488
18,54,166.19101848498394
18,55,168.91167305882846
18,56,147.66994839170366
18,57,166.43763367296197
18,58,152.22020429221448
18,59,144.19794686956448
18,60,153.20604751187784
18,61,152.10077842096507
18,62,152.69904663243506
18,63,138.14966599119361
18,64,145.90957552292093
18,65,139.73767652492097
18,66,163.6579287013592
18,67,175.3151789088588
18,68,155.13574842405797
18,69,157.74886456040258
18,70,161.91500513756182
18,71,152.68227081917576
18,72,168.45702566478576
18,73,151.13414446530805
18,74,153.56269107901608
18,75,153.45463446252688
18,76,143.39622922848503
18,77,153.8317585525947
18,78,155.95585337006196
18,79,146.74203825452423
18,80,141.1188060186978
18,81,137.8394530841033
18,82,142.4312664039462
18,83,121.55737693053379
18,84,139.4717763600056
18,85,145.04327213704528
18,86,130.95316891977564
18,87,142.98484138093772
18,88,127.26412427969626
18,89,148.60963848578103
18,90,144.60152738065517
18,91,126.56687432197214
18,92,157.8869444828306
18,93,132.56322483188706
18,94,126.84800630963582
18,95,137.07792120659724
18,96,136.6644031494361
18,97,144.3936721989594
18,98,131.50999354939268
18,99,132.5788051836571
18,100,137.31540477370436
18,101,131.69590997441264
18,102,140.08024688206206
18,103,135.63372006450663
18,104,129.29089458401722
18,105,132.67723285677494
18,106,115.12454022133898
18,107,143.49207973427838
18,108,126.88053239342116
18,109,133.82794629190175
18,110,124.33832367128343
18,111,132.79769949307956
18,112,127.24982646672288
18,113,99.54362117921119
18,114,130.05832004648983
18,115,124.34702084110177
18,116,124.95211781737453
18,117,112.09343833068851
18,118,107.41561135284428
18,119,102.43728084981558
18,120,114.58366826605925
18,121,96.78380818520964
18,122,101.20690358591673
18,123,118.9421757728851
18,124,97.19120836281218
18,125,100.27129008549673
18,126,82.70392746590369
18,127,97.9887641351379
18,128,92.90532803056703
18,129,87.17234807471687
18,130,92.28845738737436
18,131,101.92787826416316
18,132,88.09408783062827
18,133,80.0787361808616
19,1,177.83226522870245
19,2,163.01504022956942
19,3,168.87244535314676
19,4,159.97552432265365
19,5,179.58876480080653
19,6,180.59533459792146
19,7,149.02823615797388
19,8,191.08455259040056
19,9,166.6229942655482
19,10,184.3874658158893
19,11,173.29643645334
19,12,189.61528558999998
19,13,195.53428974300914
19,14,152.8991888689634
19,15,166.69774387760845
19,16,160.43378872363246
19,17,173.6603536123148
19,18,187.4333094899048
19,19,186.4427260481898
19,20,174.8910262182617
19,21,170.68587345576088
19,22,163.3455540422001
19,23,159.58483306347625
19,24,171.38367403329175
19,25,165.8563558083115
19,26,167.40401360210672
19,27,183.29609979694942
19,28,171.1962786213844
19,29,163.59529099584324
19,30,182.8895531949529
19,31,174.59005433833227
19,32,158.0000611180003
19,33,171.57811821089126
19,34,178.3495847541053
19,35,183.33151017664932
19,36,165.08418503230496
19,37,163.47100121322728
19,38,177.25889304248267
19,39,152.710897145138
19,40,167.476328640696
19,41,166.09414562149323
19,42,181.25919643617817
19,43,177.5655049363122
19,44,175.47680305190443
19,45,168.76433968437777
19,46,183.4709776344971
19,47,174.96371029179136
19,48,173.98374145857815
19,49,159.13683506357484
19,50,179.97449927660637
19,51,181.14461271828623
19,52,174.24088985061098
19,53,166.72568739882263
19,54,160.43028044351377
19,55,182.19490168512857
19,56,168.45233403013845
19,57,168.210907303539
19,58,167.37702099687885
19,59,158.79353478380654
19,60,165.00581377492927
19,61,167.5258543657692
19,62,173.34587914629083
19,63,164.74860560297384
19,64,152.05461410035787
19,65,172.6746341110411
19,66,158.81675692852878
19,67,161.7533700542408
19,68,184.20832269481616
19,69,155.93915254955937
19,70,158.17922124911274
19,71,174.70719602127792
19,72,162.1674299719598
19,73,153.6302979317261
19,74,158.85949757644266
19,75,167.56710381776793
19,76,143.08336017365218
19,77,168.05801174130465
19,78,160.75818811639328
19,79,173.07453047625313
19,80,160.94250963025843
19,81,162.30454190756427
19,82,168.58340979485365
19,83,148.9531700454827
19,84,159.33059353196586
19,85,152.02418417631998
19,86,166.20671467990906
19,87,152.57325697451597
19,88,159.96838624458178
19,89,165.39236933688517
19,90,164.1790444883518
19,91,165.410826296109
19,92,148.57405261656095
19,93,158.90974988762173
19,94,153.420040943005
19,95,159.49267977615818
19,96,138.43918914551614
19,97,165.110467221617
19,98,163.6142305006215
19,99,141.01429186087626
19,100,158.72030920549878
19,101,145.893902326221
19,102,171.8373323239357
19,103,159.67984669629368
19,104,136.23388089620857
19,105,169.10338600407704
19,106,141.6295133911044
19,107,135.78131386914174
19,108,146.2134105568257
19,109,143.05654805758968
19,110,150.79065702864318
19,111,126.89305119510391
19,112,158.22044186206767
19,113,141.15544193451933
19,114,151.88618970023526
19,115,132.9502865387767
19,116,144.28142785004457
19,117,150.25412864306418
19,118,150.72870308891288
19,119,143.8070220918744
19,120,148.21630461132736
19,121,149.93993320380105
19,122,154.15600099271978
19,123,159.2492070136068
19,124,137.24263518521911
19,125,131.10917474183952
19,126,151.55806505231885
19,127,139.66460738929163
19,128,133.5634568749374
19,129,130.9589447497856
19,130,137.31772791848925
19,131,138.3987913135934
19,132,126.22772899857955
19,133,136.99160630325787
19,134,135.66142564089387
19,135,124.96086097565421
20,1,148.12906767426466
20,2,140.64211156527745
20,3,154.4681692125887
20,4,151.45104758028174
20,5,139.64974261354655
20,6,143.02527888868644
20,7,164.07102759298868
20,8,137.89259233760822
20,9,143.3295884844847
20,10,152.65994985694124
20,11,146.6539346043719
20,12,141.03418003789557
20,13,150.92550112503523
20,14,158.23631213347835
20,15,144.19037303737423
20,16,156.25802107063646
20,17,140.7428834116581
20,18,150.78241686722322
20,19,146.18537153287616
20,20,144.76084434516088
20,21,151.940648813601
20,22,148.58093943702988
20,23,142.99089165456826
20,24,144.01308532139228
20,25,142.79321034233726
20,26,157.07738480031549
20,27,133.37647133832797
20,28,141.24222202676174
20,29,138.01916203099245
20,30,148.8016151949705
20,31,155.44667319685686
20,32,126.67542729058187
20,33,149.23653855349403
20,34,145.61301092874783
20,35,157.3298596694367
20,36,160.91768712791963
20,37,158.98855182655097
20,38,142.77576111574308
20,39,144.4574880660366
20,40,158.34099226587568
20,41,154.60354616428958
20,42,146.5323489560833
20,43,152.26700325650745
20,44,134.37240512941207
20,45,157.91052927679266
20,46,150.2498498451605
20,47,133.682375634482
20,48,143.61836935054453
20,49,144.74356324672408
20,50,135.79543085144542
20,51,134.7208092044457
20,52,149.09831587114604
20,53,139.98612715746276
20,54,132.58449731310247
20,55,140.82116029904864
20,56,147.67296116560465
20,57,170.08822663503815
20,58,135.92565965709218
20,59,140.33183529360394
20,60,148.14485447837797
20,61,150.62764746036555
20,62,128.54082352964906
20,63,131.79523619911924
20,64,134.5916867560445
20,65,147.46941094992508
20,66,148.30709521376411
20,67,143.68640287390735
20,68,128.75263558157894
20,69,141.72540773761284
20,70,163.86934371924144
20,71,149.2866598219698
20,72,121.40251563813945
20,73,127.42633113422198
20,74,136.81404460701742
20,75,137.75198938652466
20,76,138.94240532969707
20,77,143.38950480350468
20,78,119.94101112656062
20,79,153.01434799452545
20,80,124.86630072408298
20,81,111.01914153629332
20,82,147.0052403074369
20,83,138.43424181970477
20,84,131.57951598592626
20,85,129.52505700604524
20,86,141.20719290223497
20,87,128.80412119206449
20,88,143.76862506504403
20,89,129.90431196137797
20,90,128.20111768627248
20,91,142.72071083937772
20,92,120.96124149164825
20,93,130.488042495228
20,94,128.18026601546444
20,95,131.8523358858074
20,96,139.97999091424572
20,97,123.65765498664405
20,98,132.15375102855614
20,99,119.01633796788519
20,100,137.1859368255973
20,101,145.3500214204687
20,102,109.30189891711052
20,103,149.04214695602423
20,104,130.45926753475214
20,105,122.87750576566032
20,106,126.32903345889645
20,107,118.57590517657809
20,108,128.60108945400862
20,109,143.70023942143598
20,110,121.42251371569
20,111,128.25591612003336
20,112,101.87263381690718
20,113,125.10409870276635
20,114,113.66845451210975
20,115,128.0660395410523
20,116,122.16219853280927
20,117,117.22157852664532
20,118,127.89083176013082
20,119,124.96817356163228
20,120,121.19633947486
20,121,127.6983188400045
20,122,130.83076619026542
20,123,121.06784204818541
20,124,105.42471419883077
20,125,118.56314372416819
20,126,87.07904221588979
20,127,108.06372302565433
20,128,104.48160404160444
20,129,107.64829295278469
20,130,96.10125700473145
20,131,95.25486324934172
20,132,101.65623203554424
20,133,107.34461980986816
20,134,98.29450254012772
20,135,108.87861508142669
20,136,103.5103697324812
20,137,104.63945713570865
20,138,101.44089740292111
20,139,103.80074513878208
20,140,108.29483191575855
20,141,100.56453620512912
20,142,98.14834712610173
20,143,97.14553318216349
20,144,95.31785129799391
20,145,89.43498256686144
20,146,117.52806964733463
20,147,83.75392498690053
20,148,85.57720442514983
20,149,83.65264817132265
20,150,83.00222298079461
20,151,96.1446131534467
20,152,82.38332488079323
20,153,71.0446816792246
20,154,79.99166021622659
20,155,79.02779471161193
20,156,59.870631716854405
20,157,82.46666305065446
20,158,68.14424516554573
20,159,80.229896956429
20,160,81.93223904889601
20,161,69.56227731710533
20,162,65.5014942799171
20,163,70.90308621601434
20,164,71.4769315096346
20,165,81.16838401714631
20,166,72.15363971905026
20,167,70.29753227817127
20,168,44.730142159736715
20,169,46.50914288435888
20,170,50.87698820642254
20,171,54.674161537739565
20,172,52.00783617181878
20,173,48.58354150001833
20,174,50.50206290638016
20,175,57.73175739707949
20,176,45.457810377149144
20,177,53.35306071967352
20,178,51.07386053800292
20,179,33.32838536136842
20,180,32.00977619022888
20,181,35.552097189822234
20,182,28.04470984361251
20,183,12.552338187510031
20,184,23.782541308304644
21,1,180.8637618732755
21,2,192.2297712110303
21,3,184.04301495783147
21,4,173.1525950208743
21,5,157.36306528365822
21,6,171.1333926651132
21,7,190.86868518497795
21,8,159.28109897671675
21,9,189.52295615483308
21,10,176.82556339204893
21,11,173.28551514506398
21,12,173.9267593537661
21,13,178.66108849277953
21,14,177.27015299766208
21,15,172.36250947731605
21,16,179.17264895158587
21,17,176.55635002117197
21,18,175.6460739626782
21,19,180.53894830771605
21,20,173.60687927201798
21,21,164.7604408225161
21,22,174.65893645733013
21,23,171.06818091303285
21,24,172.22188961171196
21,25,173.50333315844182
21,26,183.84297317900928
21,27,171.00636804268288
21,28,176.3828562642011
21,29,181.0870532916888
21,30,161.49355487534194
21,31,176.07809846795863
21,32,156.7965501374274
21,33,158.3604488074634
21,34,168.94548267497157
21,35,172.58332622406306
21,36,171.76272901243647
21,37,177.8904555648769
21,38,177.37736106399097
21,39,184.51928547253192
21,40,182.78974579961505
21,41,159.19828960305313
21,42,164.45025654854544
21,43,158.9226789809909
21,44,166.35407941388257
21,45,168.4591208310012
21,46,151.22268061466457
21,47,170.9520215435914
21,48,176.90577265316097
21,49,158.75636438350193
21,50,170.1313406159752
21,51,182.4599165287509
21,52,162.5557789033628
21,53,172.0005859240773
21,54,167.93993666190363
21,55,169.02033194804972
21,56,168.16983459252515
21,57,172.24578288743214
21,58,172.66021946530964
21,59,156.89379316626582
21,60,167.2190714499593
21,61,164.6666960602306
21,62,158.94900073886674
21,63,176.1012703191227
21,64,161.35611048480496
21,65,175.0688614953251
21,66,182.6791167367046
21,67,163.82440540453536
21,68,173.38327000463323
21,69,168.84102041831648
21,70,173.11490216063976
21,71,177.44314563421358
21,72,177.56036668688466
21,73,175.6553434846137
21,74,172.9034802344977
21,75,170.55765671590052
21,76,160.43341026621056
21,77,162.24416746488714
21,78,173.00647301171557
21,79,180.53320827390417
21,80,163.60222094290657
21,81,171.42108405561885
21,82,163.724320127003
21,83,169.0337350331829
21,84,152.49415558649343
21,85,175.53148543699353
21,86,182.32940056010557
21,87,155.49200226743415
21,88,156.62989041086985
21,89,172.37080244331446
21,90,168.26695518668566
21,91,171.30929888779065
21,92,152.59886689779523
21,93,161.61912822745217
21,94,152.97339645179454
21,95,161.77867122757016
21,96,155.41597717258264
21,97,161.69784730806714
21,98,165.74314476613654
21,99,170.1782169919752
21,100,148.3308977350389
21,101,148.6247082541522
21,102,157.81267878998187
21,103,174.83000604624976
21,104,164.75195744085067
21,105,176.64487660332816
21,106,162.74762461344653
21,107,139.29755870327062
21,108,160.45346367034654
21,109,147.96383425503154
21,110,162.11921537471062
21,111,148.69435872571194
21,112,147.02213785740605
21,113,155.61527226897306
21,114,152.51338208622474
21,115,165.71724667429226
21,116,143.52219606988365
21,117,160.24257671833038
21,118,144.37780069437576
21,119,153.12662345476565
21,120,151.69795498311578
21,121,148.3049990675645
21,122,125.15966519506765
21,123,145.9748744431854
21,124,142.45187134569278
21,125,129.6186073974677
21,126,153.08773451090383
21,127,145.14015429069696
21,128,138.37224545890058
21,129,141.5739484087826
21,130,150.46473215967126
21,131,136.77704132378858
21,132,119.40628598624608
21,133,151.78628915267473
21,134,143.53640164827812
21,135,138.101908552635
21,136,137.7859359222639
21,137,144.09453540747927
21,138,144.5089612374577
21,139,123.90179165308655
21,140,127.54812092635257
21,141,140.08219150191871
21,142,118.4981074311072
21,143,130.40756290107674
21,144,117.59613645960053
21,145,135.40009142196504
21,146,120.27846390921331
21,147,117.959382578847
21,148,119.93998540616303
22,1,129.3844043497811
22,2,148.04474767824286
22,3,114.11182393075433
22,4,130.69733428575273
22,5,129.03883937395585
22,6,133.58196792771923
22,7,142.40719918302784
22,8,126.39063285745215
22,9,136.64949697202246
22,10,140.60846537581529
22,11,141.61897665179276
22,12,136.52033730426047
22,13,129.11473360135278
22,14,121.22302687710908
22,15,131.3104884029308
22,16,141.42279317120847
22,17,144.1832035692496
22,18,133.129892226425
22,19,129.32679284918413
22,20,146.78308654020657
22,21,137.25391515427327
22,22,132.15296868454607
22,23,124.71137551109132
22,24,133.85533041604504
22,25,143.19777344734757
22,26,137.41645489516668
22,27,130.5200529519061
22,28,145.41474745361484
22,29,130.5398749141459
22,30,142.48354153001856
22,31,128.00825129452278
22,32,139.6094713533821
22,33,118.10566508455668
22,34,143.63973726687254
22,35,141.84775533201173
22,36,123.2911721602577
22,37,126.47566863209067
22,38,135.35613562633807
22,39,141.7758838214213
23,1,197.91965763368353
23,2,186.69742550919182
23,3,191.4040123938903
23,4,184.76319130099728
23,5,184.2360843339411
23,6,188.90128648202517
23,7,182.94780767036718
23,8,181.25405440187023
23,9,186.28650973593176
23,10,184.4059199058247
23,11,186.57722985524742
23,12,197.72057535636122
23,13,182.3390104574355
23,14,192.35877817569417
23,15,190.5147507735819
23,16,184.52099954296136
23,17,163.19037432664481
23,18,183.60814459102403
23,19,195.60323723104375
23,20,189.45489774756425
23,21,185.25512754496594
23,22,183.27572594392404
23,23,178.04679861037584
23,24,197.43935987995064
23,25,197.17537855253613
23,26,189.48653493112943
23,27,169.8525066600123
23,28,184.93111136427615
23,29,162.65907930846151
23,30,182.494695393063
23,31,175.9671368864656
23,32,182.89485365334258
23,33,182.60563379628002
23,34,189.68089678995602
23,35,187.20377269118035
23,36,170.64061523551936
23,37,179.05760654890037
23,38,189.4111674723681
23,39,194.26487074054603
23,40,189.53015740399132
23,41,185.45975423995696
23,42,174.56878153179423
23,43,166.9670498362102
23,44,185.61207467004715
23,45,185.22930086664564
23,46,191.98839477045112
23,47,192.14643294730922
23,48,192.41610678937286
23,49,183.99706574057927
23,50,176.54267895274097
23,51,182.84251429027063
23,52,179.5186557731795
23,53,177.22132275054173
23,54,167.43910097800836
23,55,186.6093170556269
23,56,179.75592532630253
23,57,203.68478438659804
23,58,185.5108309401694
23,59,164.34405762152164
23,60,187.45799734168395
23,61,171.29856656647462
23,62,173.68922821049637
23,63,170.06813942088047
23,64,189.68392435363785
23,65,190.90928010927746
23,66,175.74490132876963
23,67,188.98868279263843
23,68,168.01802919548936
23,69,173.50520137223066
23,70,197.96212265986833
23,71,172.05162789793394
23,72,162.28427385735267
23,73,172.27756607995252
23,74,174.84841179123032
23,75,176.62437215133104
23,76,177.71587941935286
23,77,173.5214267691481
23,78,162.702816088713
23,79,180.18035463633714
23,80,165.0646485008765
23,81,176.04759996799112
23,82,173.05864746498992
23,83,170.7651027215179
23,84,176.19353979991865
23,85,176.56021726646577
23,86,167.99246028752532
23,87,170.93247962155147
23,88,163.84733334834164
23,89,182.42611985336407
23,90,177.69485591461125
23,91,171.38299983782053
23,92,169.4392816244217
23,93,169.23526119044982
23,94,168.86304946057498
23,95,166.20074649874005
23,96,176.0927450084564
23,97,173.2461501499638
23,98,172.4568967999803
23,99,173.23616252826469
23,100,164.2889491969254
23,101,178.81616921254317
23,102,148.2529584288568
23,103,176.4088418866013
23,104,169.40534506850236
23,105,166.6164650501887
23,106,148.9300525591243
23,107,165.95147568159155
23,108,176.84186249236518
23,109,162.49530583673913
23,110,164.98986231508025
23,111,162.9637792999274
23,112,167.26056667036028
23,113,168.8495387887233
23,114,159.15857488533948
23,115,164.80057561708963
23,116,172.37122973367514
23,117,171.2705602421629
23,118,172.60667451302288
23,119,165.87892507240758
23,120,162.5162643262738
23,121,168.14316258463077
23,122,161.19598515951657
23,123,163.19922997390677
23,124,157.50088614765264
23,125,146.14087415099493
23,126,166.83840368846722
23,127,153.17853417464357
23,128,175.80511554046825
23,129,176.24485468635976
23,130,155.1654570885148
24,1,186.5956835035613
24,2,176.74777083659137
24,3,169.92026603179693
24,4,186.36127709703578
24,5,191.8222136398399
24,6,174.78954848268768
24,7,201.13125122895872
24,8,186.4620079331653
24,9,173.73185933561763
24,10,169.9644072361989
24,11,190.07793379365467
24,12,181.9920580664766
24,13,168.1441201603011
24,14,190.1890047115885
24,15,197.55516176469973
24,16,166.30578933689685
24,17,185.33446946489858
24,18,179.2418636406801
24,19,188.572442352699
24,20,169.72635295853252
24,21,183.45965271546447
24,22,177.8814005352324
24,23,176.01398934409372
24,24,181.61431379632268
24,25,162.4868368890311
24,26,170.96133160449972
24,27,179.82740004287916
24,28,196.0712015520403
24,29,177.40073962480528
24,30,158.18706159431895
24,31,172.278218571053
24,32,167.96547325031133
24,33,173.39529668165778
24,34,156.85918779141502
24,35,178.11240420021932
24,36,190.6490855056909
24,37,175.84173777628166
24,38,161.40626527927816
24,39,182.37750122226134
24,40,178.74142815818777
24,41,188.7653737366636
24,42,173.67657213458733
24,43,170.1223211413162
24,44,184.88892772012332
24,45,176.71561614442908
24,46,173.06358274559898
24,47,185.04317666069255
24,48,178.1229716843518
24,49,168.5168914000824
24,50,148.12590375436412
24,51,183.04332109518873
24,52,163.08551519682806
24,53,171.06707785230537
24,54,176.2264162581123
24,55,180.64330316324777
24,56,171.63767494964122
24,57,182.06166334020963
24,58,177.53496878615988
24,59,183.33244575072604
24,60,166.44159890030278
24,61,174.5149568553461
24,62,161.8040806541685
24,63,166.72050749092887
24,64,161.9185500213789
24,65,173.67664508004964
24,66,172.4566479340574
24,67,174.12698777207697
24,68,170.29182951332768
24,69,171.26327577757183
24,70,158.56810410073376
24,71,154.75019228203746
24,72,170.35058134824794
24,73,169.1922890758433
24,74,168.73081062041456
24,75,168.4812649545347
24,76,178.1541751977784
24,77,169.72590594075155
24,78,162.46460131800268
24,79,157.1841104414052
24,80,163.08684703496692
24,81,149.88619184955314
24,82,156.48017284681555
24,83,178.7514866001875
24,84,171.86424102545425
24,85,150.68325791787356
24,86,163.71041057407274
24,87,162.8702385628858
24,88,169.31856189591053
24,89,146.93451731096138
24,90,161.9821617842681
24,91,164.34611761086853
24,92,158.80850926059065
24,93,162.1287987504329
24,94,171.87520393211162
24,95,170.81215520229307
24,96,164.91858924506232
24,97,160.5408704881993
24,98,152.0082018685207
24,99,149.70980821207922
24,100,142.69626377816894
24,101,169.32086805984727
24,102,163.68143999147287
24,103,159.04842733692203
24,104,150.81768096756423
24,105,145.83671876588778
24,106,164.78198125642666
24,107,152.24326335120713
24,108,153.65918286854867
24,109,146.02092511554656
24,110,142.40072123837308
24,111,167.89476552164706
24,112,146.10546999461076
24,113,151.44831358105876
24,114,148.82814009826689
24,115,128.2898554423009
24,116,140.01251385640353
24,117,153.08737306784315
24,118,148.28016516212665
24,119,153.89166870657937
24,120,129.52127311518416
24,121,150.37942471953284
24,122,136.62697818523156
24,123,140.6854023153719
24,124,131.96026604047802
24,125,148.29224365600385
24,126,139.72548710304545
24,127,134.8950027391984
24,128,150.38151679687144
24,129,143.1154102316359
24,130,119.51177345015458
24,131,123.47148936828307
24,132,143.06277709893766
24,133,129.34709822300647
24,134,136.71941437857458
24,135,128.3314960051357
24,136,130.5474936097453
24,137,125.1885267352045
24,138,130.27497764832515
24,139,115.98798540867574
24,140,120.63289923597767
24,141,137.87721315392992
24,142,116.2462248479278
24,143,123.59557593308273
24,144,107.0325163238158
24,145,112.83489050826756
24,146,99.1183062379132
24,147,119.5321615057037
24,148,116.12912391437567
24,149,99.03150274597283
24,150,111.81582793722919
24,151,105.84434984665131
24,152,103.38533024337084
24,153,115.23223415315442
24,154,101.97576091403607
24,155,105.0495034209016
24,156,109.53588364302414
24,157,103.17257349671854
24,158,95.98343335928803
24,159,98.04014784091851
24,160,89.75468445580918
24,161,93.48932539521775
24,162,85.79326232113817
24,163,84.80157396280265
24,164,90.03305890917545
24,165,91.1920690654224
24,166,83.75522313731199
24,167,77.01854088885011
24,168,79.71816449901962
24,169,53.291841318816296
24,170,72.49806541268481
24,171,77.3558778091101
24,172,58.8715399538778
24,173,55.48309618556232
24,174,54.72573667347024
24,175,55.00334000075236
24,176,67.02650504535995
24,177,52.8771423540602
24,178,53.02358225971693
24,179,54.77434143735445
24,180,50.19663698937802
24,181,43.81095781752083
24,182,40.18475570883311
24,183,44.43688907462638
24,184,31.462094043497927
24,185,25.482367124583106
24,186,30.75115397539048
25,1,148.18384218965366
25,2,160.3150526071695
25,3,148.0096360227908
25,4,150.07663379446603
25,5,155.66583131968218
25,6,164.50319103323272
25,7,148.03598294663243
25,8,144.66831808685674
25,9,154.80335891872528
25,10,139.89976471138652
25,11,147.38878371880855
25,12,145.52815321656817
25,13,162.6056681232294
25,14,157.5068959103519
25,15,161.96759413916152
25,16,176.77194526404492
25,17,170.75767582203844
25,18,133.67809456179384
25,19,148.16509078846138
25,20,170.58271418507502
25,21,153.6307733491849
25,22,161.1184098120866
25,23,159.49217617316754
25,24,149.3026304406958
25,25,149.50494158521178
25,26,153.43702772234974
25,27,165.32835394979338
25,28,154.44006911125325
25,29,173.47377905249596
25,30,154.69365792248573
25,31,144.72530814314086
25,32,145.60860131293884
25,33,157.44407606619643
25,34,157.11434273427585
25,35,149.70479768262885
25,36,157.92837271498865
25,37,159.6672396483773
25,38,158.2827421316324
25,39,136.87194353403174
25,40,145.92571849629167
25,41,149.01900503769866
25,42,142.61173421946296
25,43,166.24245089804754
25,44,143.65229020436527
25,45,142.8856885485584
25,46,151.9662234121788
25,47,160.4839005216927
25,48,139.19578631425975
26,1,168.5029250872176
26,2,160.327334350819
26,3,166.05995258054463
26,4,169.43337329306814
26,5,152.03241902863374
26,6,153.64518097684777
26,7,166.06175213596725
26,8,162.48188874257903
26,9,155.23737172114488
26,10,165.45153293048497
26,11,170.09822115868155
26,12,157.06288578269596
26,13,155.17880340688862
26,14,149.53695973767026
26,15,148.93615094624693
26,16,154.2169995457807
26,17,158.03061335392704
26,18,161.14147577279073
26,19,156.17794103280175
26,20,150.74415278730157
26,21,156.2569985651935
26,22,166.69566680160642
26,23,158.2561606658419
26,24,162.95383124996442
26,25,161.08321300102398
26,26,137.75479136659123
26,27,152.32893965147377
26,28,169.74235031221178
26,29,159.4680123430444
26,30,161.49089476195513
26,31,157.90505051153013
26,32,160.65360258126748
26,33,157.0526704367221
26,34,140.49336829975073
26,35,156.88079350916087
26,36,162.75146772818698
26,37,159.56738769763615
26,38,165.64719889608386
26,39,156.32402257874492
26,40,143.87994928959233
26,41,151.69234499070444
26,42,149.8887728312693
26,43,157.06924087696825
26,44,159.71501436179096
26,45,140.5029255546251
26,46,163.9246514645929
26,47,152.82624998073152
26,48,170.87721166563279
26,49,161.69342698976106
26,50,136.81960408877057
26,51,170.67684726438893
26,52,164.19772686308715
26,53,145.88208274125645
26,54,152.54344006619067
26,55,156.43651187555224
26,56,164.9120338324865
26,57,149.75993302132702
26,58,139.6448520963604
26,59,155.1878337241942
26,60,155.09090838904376
26,61,146.02504649182083
26,62,163.59686509429594
26,63,154.79768987369607
26,64,147.3740544843895
26,65,155.58491127922025
26,66,138.44815520846169
26,67,137.9024825219385
26,68,149.51692248674226
26,69,151.75097511526837
26,70,159.61259768286254
26,71,146.23542475858994
26,72,157.18267789944366
26,73,153.38678731427353
26,74,146.56259922948084
26,75,156.1403765460127
26,76,143.32482933961728
27,1,185.13616017709137
27,2,178.69385645489092
27,3,170.00297246420814
27,4,169.33583142519637
27,5,159.27590996932122
27,6,173.8169855856395
27,7,175.94103471186827
27,8,190.08115434773208
27,9,176.39070963401173
27,10,178.59660084209463
27,11,173.98199235118227
27,12,163.6949647400179
27,13,175.3462452784297
27,14,187.64961635068175
27,15,180.89054317040427
27,16,186.5108266682364
27,17,181.40139370977704
27,18,178.198029818348
27,19,186.22760811960325
27,20,173.39310184016358
27,21,184.92706944659585
27,22,191.0796166426735
27,23,161.4282616169512
27,24,175.4848397129972
27,25,190.54421808145707
27,26,187.786044847453
27,27,172.0481673932518
27,28,164.57730902192998
27,29,167.3181193140772
27,30,181.03836024395423
27,31,194.28181798190053
27,32,177.5972571849852
27,33,188.74703209361178
27,34,157.9375268592994
27,35,181.13870676717488
27,36,185.43056255303964
27,37,168.25660130065808
27,38,173.06886021401442
27,39,193.20541752880672
27,40,162.70937093006796
27,41,175.7633516722999
27,42,180.43638070607267
27,43,181.5529872034822
27,44,191.89178142827586
27,45,178.41429152521596
27,46,164.19484343960357
27,47,177.96295166875643
27,48,180.06130804102577
27,49,167.7737764307385
27,50,177.20415965814027
27,51,166.72897043098055
27,52,174.09553050946852
27,53,170.36293350323103
27,54,179.6150215552043
27,55,173.780037800665
27,56,174.89185893406102
27,57,178.52957572352898
27,58,175.1335529529606
27,59,176.6111321910139
27,60,176.7268431858829
27,61,180.18907746410696
27,62,185.63556668363162
27,63,173.0457823776087
27,64,162.5613045982609
27,65,178.28331694145163
27,66,179.02127608923183
27,67,166.25726885622134
27,68,165.98062493893667
27,69,149.4979753306252
27,70,168.60976495298382
27,71,161.6874049078615
27,72,174.4900936408958
27,73,178.35202782398846
27,74,169.12242613527633
27,75,146.74831408784667
27,76,158.42604908059002
27,77,146.79863743712485
27,78,175.51673838686838
27,79,173.81620867041056
27,80,164.88190977358317
27,81,167.39907783520175
27,82,149.98301425972022
27,83,165.70157108486455
27,84,171.5318710684951
27,85,163.8489016271633
27,86,146.85769130238623
27,87,171.20097640044696
27,88,176.48726139083738
27,89,165.65342078039248
27,90,155.69096831500065
27,91,163.9622509946057
27,92,164.40733463168726
27,93,148.01434385271568
27,94,151.0118089912139
27,95,168.01590945676435
27,96,155.25274002966762
27,97,168.2040938653081
27,98,153.90691079062526
27,99,143.29963831936766
27,100,165.02341068159149
27,101,173.02143009168503
27,102,164.4227579874714
27,103,152.83538159595628
27,104,159.5994453268213
27,105,155.54019561206223
27,106,154.54599912511185
27,107,145.01194783816754
27,108,160.50495389541902
27,109,147.2779237364157
27,110,172.18861003946222
27,111,153.60811565861513
27,112,136.19338998531748
27,113,152.18417860327463
27,114,147.1653812204604
27,115,132.68465881248994
27,116,154.2788040509331
27,117,140.19129430533212
27,118,154.46601038928202
27,119,152.7935799411498
27,120,143.36319750294206
27,121,129.4507332432113
27,122,153.60843014185957
27,123,144.71761100593721
27,124,125.58349831875239
27,125,137.13597995514283
27,126,147.3791850547277
27,127,122.36346978740767
27,128,132.66502489018603
27,129,131.2904841308773
27,130,142.62393359906855
27,131,140.49198589508887
27,132,121.29114842494891
27,133,124.5672705785255
27,134,134.6010355326871
27,135,123.96294127842702
27,136,125.2134962467826
27,137,151.10842586382932
27,138,143.4816288602451
27,139,140.70152667279763
27,140,128.40678460490017
28,1,132.8515670207562
28,2,146.25172680380638
28,3,142.79791578187724
28,4,145.9041648994753
28,5,139.37840584451624
28,6,143.87369631847832
28,7,145.08138933770533
28,8,158.71009521008818
28,9,138.30595109704882
28,10,142.63392317354737
28,11,137.3715244205523
28,12,150.852653291382
28,13,141.24667932650482
28,14,143.46692161094688
28,15,142.27819100074703
28,16,147.69155397557188
28,17,146.83262193363043
28,18,128.86096686420206
28,19,145.60438803354918
28,20,119.00301066850079
28,21,134.43905790055578
28,22,120.53104882751359
28,23,132.0620832954446
28,24,143.69831757535576
28,25,151.72519974150055
28,26,152.6605713529134
28,27,138.69313754473114
28,28,134.55642158417322
28,29,158.0757875092968
28,30,144.62990910538065
28,31,140.48365033022128
28,32,153.42117016568955
28,33,128.03251466009533
28,34,133.98771384519932
28,35,138.4351668185409
28,36,139.82616998210142
28,37,134.08441257129016
28,38,125.49498004082125
28,39,140.79616645519855
28,40,136.1796968614217
28,41,153.00343661704392
28,42,150.66769511290477
28,43,157.81275032885605
28,44,138.04830103369022
28,45,139.77834971045377
28,46,136.47232954336505
28,47,149.62550795439165
28,48,139.21121685538674
28,49,127.3121799970395
28,50,142.60075430278084
28,51,137.44930884166388
28,52,127.83283353944717
28,53,138.02808531667688
28,54,146.34489135399053
28,55,137.82372539771313
28,56,143.0394162562443
28,57,134.33746698469622
28,58,133.7148033457779
28,59,143.81595027596632
28,60,136.3740248825925
28,61,125.46246015516226
28,62,135.63123853378056
28,63,125.42944492433162
28,64,146.444145804664
28,65,143.4496499569941
28,66,134.86499601519608
28,67,130.29655117932998
28,68,161.9550978958723
28,69,129.90645539753314
28,70,133.112535766355
28,71,140.1622735811834
28,72,128.51310214483237
28,73,131.8770612169028
28,74,123.96407018213358
28,75,148.17385824077064
28,76,148.36984505110013
28,77,133.5051969459746
28,78,146.00089411709632
28,79,140.71219004830346
28,80,142.44352741370676
28,81,134.56588521556114
28,82,127.32756604338647
28,83,122.07831208220159
28,84,146.1404809828964
28,85,143.93031535841874
28,86,134.3208151719591
28,87,131.40580792467517
28,88,133.6612163076352
28,89,140.95631015959952
28,90,131.01182601205073
28,91,131.64205650490476
28,92,132.41529851006635
28,93,122.80179585581936
28,94,154.32298917122534
28,95,132.00636605640466
28,96,101.81444582880067
28,97,138.22115154736093
28,98,132.80290417154902
28,99,138.8222184432525
28,100,111.98078880015237
28,101,137.0977088156069
28,102,128.1873523232789
28,103,135.30210052178882
28,104,139.01633665413829
28,105,134.3395874860289
28,106,118.5177302040538
28,107,136.15862445662788
28,108,126.03989837096015
28,109,113.72746241421555
28,110,112.60484850173816
28,111,133.05895982854418
28,112,120.5168387710728
28,113,123.99469043404679
28,114,128.2694574433699
28,115,126.09268805843021
28,116,125.5601190373709
28,117,122.15682342206128
28,118,135.6649653773784
28,119,120.93893642020703
28,120,147.7355105295719
28,121,125.52563250431558
28,122,123.30545945107588
28,123,151.16055718582356
28,124,105.8971370086947
28,125,105.13195656758035
28,126,113.4672600961494
28,127,121.95964786615514
28,128,120.74049597261182
28,129,111.16365094628418
28,130,116.19820492081635
28,131,131.81473910478235
28,132,118.35369082957914
28,133,117.22150092432275
28,134,141.16623192781117
28,135,122.04687172215199
28,136,98.27056076398003
28,137,129.2371050201764
28,138,114.13152670762793
28,139,123.66842456429731
28,140,115.40422863625281
28,141,108.94472558289999
28,142,135.85987574725004
28,143,106.43470910479664
28,144,121.88228059076937
28,145,119.27227271415177
28,146,121.21000572360936
28,147,128.24138893910276
28,148,106.22213381288748
28,149,112.58483871088538
28,150,112.26681082377036
28,151,102.1700299851218
28,152,98.73126592839253
28,153,127.372385103532
28,154,129.00100238910818
28,155,109.11758670421841
28,156,119.61000847756804
28,157,110.72919898961845
28,158,110.6655743077863
29,1,173.9322198985319
29,2,172.7087546380062
29,3,177.15311248839134
29,4,154.31807769136503
29,5,164.11284422631434
29,6,162.10618371253076
29,7,154.4873597950209
29,8,177.76163426882704
29,9,168.99744972777262
29,10,167.17068351338094
29,11,155.10294855920074
29,12,165.6569244719285
29,13,139.48329542139254
29,14,153.64116560104594
29,15,154.7341052339034
29,16,176.64982520863123
29,17,157.36238583367958
29,18,158.32602275410318
29,19,175.44431631932093
29,20,163.7582907459
29,21,159.55590016607312
29,22,157.4815594330139
29,23,172.5650763772428
29,24,162.68072725797538
29,25,146.93151937772927
29,26,166.04221230218536
29,27,148.7937151247752
29,28,156.73156043230847
29,29,163.67426246151445
29,30,155.23461092132493
29,31,179.48923282473697
29,32,163.81148640079482
29,33,152.19117968724458
29,34,164.87023711270012
29,35,163.05111090840364
29,36,163.71502409469394
29,37,174.3629216884874
29,38,170.87099339022825
29,39,167.37978824377933
29,40,154.0425551894732
29,41,140.44668225078203
29,42,162.88140590753756
29,43,166.67003634800494
29,44,157.0372758887097
29,45,172.47609597160772
29,46,162.4605337781686
29,47,161.68542229593731
29,48,152.68016471492592
29,49,155.91269865300274
29,50,151.15082058910048
29,51,152.71776009572204
29,52,155.4325280712801
29,53,158.06326860937406
29,54,159.81175062262628
29,55,149.81533526729618
29,56,166.76597652587225
29,57,159.3527251137275
29,58,153.11060466241906
29,59,160.99187640067248
29,60,151.091234569074
29,61,161.24553910500254
29,62,162.32435680959316
29,63,169.46229214355117
29,64,161.5357284509373
29,65,164.19029301212868
29,66,147.998347165616
29,67,164.7149182981957
29,68,149.89799596372177
29,69,146.6776421804534
29,70,154.7635773186048
29,71,153.87109671540384
29,72,163.137536587863
29,73,175.35871013884025
29,74,157.77994852734264
29,75,164.00312811949698
29,76,149.65418208477786
29,77,154.27028836662066
29,78,138.13904041341448
29,79,141.61013045928848
29,80,149.13459914069972
29,81,146.44069006229984
29,82,165.9094126814889
29,83,160.18794823127973
29,84,156.7656585699151
29,85,132.18482610356295
29,86,161.24499793928408
29,87,136.85405765511678
29,88,152.71133724064566
29,89,162.4284136400529
29,90,150.18147884002246
29,91,144.82135388575261
29,92,147.56511860303
29,93,145.63179515763477
29,94,149.11874494471704
29,95,147.72793541214196
29,96,139.69268689010642
29,97,155.65683137140877
29,98,159.9433799758408
29,99,168.7508997211553
29,100,142.79372840267024
29,101,134.79832175420597
29,102,145.75412790532573
29,103,155.47561113406846
29,104,164.73450626032718
29,105,160.98898805229692
29,106,141.80334177614714
29,107,166.8286381011858
29,108,159.4328178131691
29,109,144.75663461335353
29,110,146.41721418050292
29,111,154.88047923384875
29,112,143.81691044502077
29,113,146.57534631663293
29,114,154.67401549314673
29,115,139.91184385312954
29,116,155.35506405180786
29,117,149.69874385322328
29,118,147.05740144028096
29,119,135.54662839135563
29,120,149.38713871846267
29,121,151.49217335536378
29,122,144.1812373829598
29,123,136.4394473221182
29,124,150.27472861761635
29,125,143.78665594221093
29,126,142.6740461618174
29,127,134.8604662396101
29,128,130.77663754695095
29,129,144.62377329955052
29,130,140.76124387005984
29,131,141.508074880403
29,132,145.6073851656256
29,133,120.51366115242126
29,134,148.33499974707956
29,135,129.28176842886023
29,136,131.39864571136422
29,137,136.53853930655168
29,138,139.36029841158597
29,139,133.92111045996717
29,140,134.97641758370446
29,141,144.48577781234053
29,142,126.4926761387469
29,143,144.10122617408342
29,144,122.9497832604975
29,145,126.53664336205111
29,146,131.90617936491617
29,147,130.83210637237062
29,148,133.9130099441536
29,149,132.82819001858297
29,150,142.0348294832511
29,151,132.89131959901715
29,152,113.26095891020668
29,153,137.70055213398882
29,154,126.51302297164511
29,155,124.89946109520679
29,156,123.7692376152554
29,157,145.80978000928008
29,158,131.01490088982973
29,159,124.17194131703582
29,160,123.10167048427684
29,161,116.46379620929656
29,162,114.19145822197606
29,163,132.14014224872517
29,164,111.54079571765033
29,165,128.50155897074728
29,166,119.77246109070256
29,167,120.82915035699261
29,168,116.1142651551927
29,169,125.02857506184955
29,170,128.27250135003123
29,171,123.70029623764276
30,1,128.97890658737742
30,2,131.4195145474223
30,3,121.36246136421687
30,4,137.18151851557195
30,5,130.99907603877364
30,6,130.2671423941938
30,7,135.50689917535055
30,8,119.99078849583748
30,9,126.63870947490796
30,10,126.91632401579409
30,11,132.0359275912342
30,12,131.92600306817621
30,13,138.29022846849693
30,14,122.58159119969059
30,15,115.32025981905463
30,16,123.36001566346386
30,17,141.07566399051575
30,18,137.04626027555787
30,19,110.64570800801448
30,20,137.21551747094782
30,21,119.6983132808964
30,22,142.3223230309668
30,23,129.60452274065756
30,24,139.76749660352652
30,25,130.03011888160836
30,26,121.16753077800968
30,27,123.0713037346577
30,28,125.45181356849207
30,29,134.48620985867456
30,30,123.88145493212505
30,31,141.0793632644345
30,32,126.81655686577142
30,33,130.95667702218634
30,34,119.19460497821274
30,35,139.21103095298167
30,36,130.33470830501756
30,37,122.17642214149237
30,38,130.27227545135247
30,39,121.90951965372369
30,40,120.75591573811835
30,41,130.65008915253566
30,42,134.9221221088228
30,43,140.38310936374182
30,44,125.28757274021336
30,45,115.95269731484586
30,46,118.66822076503013
30,47,135.66268719281652
30,48,121.51460138164111
30,49,129.79444373663864
30,50,124.13608516774548
30,51,113.93518367933575
30,52,121.1856012638018
30,53,125.18671622022521
30,54,120.99453511222964
30,55,134.07620255286747
30,56,130.68630162508634
30,57,118.15116598310124
30,58,138.96146141874488
30,59,145.43574333397555
30,60,107.91199736467388
30,61,98.09850755562366
30,62,122.60486585491162
30,63,125.06766195721866
30,64,125.37261032036622
30,65,130.93342253869923
30,66,121.37322150428372
30,67,123.07690939142776
30,68,129.21186195977498
30,69,128.12643435584323
30,70,132.12493110272044
30,71,136.05907488988305
30,72,141.1299259144289
30,73,125.08992555033183
30,74,123.44760202076577
30,75,111.93177425937029
30,76,117.56409059348516
30,77,126.84068329131696
30,78,124.13387952889025
30,79,147.8105665386247
30,80,127.8923397448525
30,81,99.95842613295827
30,82,118.65000648288697
30,83,126.96320521268353
30,84,107.52855157863814
30,85,122.16346762751346
30,86,121.290796819565
30,87,114.57693970484252
30,88,126.22345204182784
30,89,133.69394621679385
30,90,126.25667626259383
30,91,129.4600388341205
30,92,116.99726177330012
30,93,117.200510087554
30,94,128.5535723984649
30,95,132.1210058597353
30,96,123.56473005059524
30,97,125.31560073919536
30,98,117.39757222983462
30,99,115.49643763621862
30,100,122.22801494224404
30,101,122.27277154044714
30,102,122.95300495547417
30,103,130.43098973885935
30,104,123.86842241698469
30,105,122.61466124010622
30,106,109.08316635886149
30,107,115.52517607119808
30,108,114.89444568761974
30,109,129.11837964318693
30,110,102.60578468425956
30,111,100.19613304422819
30,112,97.91027580843365
30,113,119.37529634792008
30,114,108.32017696010007
30,115,104.94170238482184
30,116,106.12414789067407
30,117,91.20032981930126
30,118,129.76693199975125
30,119,100.79589589004172
30,120,104.30745813644899
30,121,98.16813506392646
30,122,123.155252718454
30,123,101.29459686038899
30,124,107.60526347413543
30,125,111.80138421375887
30,126,105.19181195211422
30,127,97.06585072547023
30,128,92.15141060417227
30,129,113.46979556840961
30,130,113.43112220246985
30,131,90.02584298544389
30,132,109.25896733290574
30,133,111.69286086785723
30,134,95.38543197205581
30,135,103.30571298803261
30,136,119.0946172001859
30,137,100.13855689372576
30,138,82.14324270786892
30,139,106.49138951189525
30,140,102.10742810275406
30,141,114.96505397769215
30,142,99.59368396137143
30,143,99.96007409441518
31,1,162.0727867759706
31,2,158.68266071143444
31,3,145.1940911441343
31,4,156.57444873625354
31,5,164.62569290385
31,6,174.4557105799904
31,7,163.16777225928672
31,8,161.0724667578179
31,9,154.7009345348779
31,10,156.90331468869408
31,11,155.91179812926566
31,12,156.0815677556384
31,13,144.82955691694224
31,14,166.17962420691038
31,15,175.45659509443794
31,16,163.2057513796317
31,17,158.82447316437901
31,18,169.7492143548443
31,19,157.97431112412596
31,20,155.5368399171566
31,21,156.19690322640236
31,22,142.0421578445239
31,23,162.6774733668426
31,24,152.45460094763257
31,25,149.75235792199965
31,26,169.28229337424273
31,27,141.79174683918245
31,28,149.86734861899458
31,29,139.55888687625702
31,30,167.71715840733668
31,31,162.14694547321415
31,32,154.83388522006862
31,33,148.7383557745634
31,34,154.55490541039035
31,35,152.71921836968977
31,36,166.5348501126573
31,37,152.6139053802617
31,38,157.89438171050278
31,39,165.2072691518406
31,40,144.94455467167427
31,41,146.9584255940863
31,42,156.47815279033966
31,43,159.2183144497394
31,44,154.2224294750631
31,45,149.33458154651453
31,46,159.2006283125229
31,47,155.79022519019782
31,48,145.14533070620382
31,49,150.2080291291204
31,50,158.1539860454359
31,51,161.62133358382562
31,52,151.29021076514618
31,53,146.4433355051442
31,54,140.88896912211203
31,55,145.70207901552203
31,56,150.27812919912685
31,57,148.61918476776918
31,58,148.33242752762453
31,59,136.68240172385413
31,60,152.26913793891435
31,61,134.90667758327618
31,62,154.25948020874057
31,63,144.22545227536466
31,64,139.7053837516869
31,65,127.68070971277484
31,66,150.62952144884912
31,67,148.0497154041077
31,68,139.5416562822502
31,69,135.33094757374784
31,70,135.61884647684928
31,71,154.36870595325308
31,72,133.40335645298182
31,73,138.23872480291175
31,74,147.21727616834687
31,75,148.51777728437446
31,76,141.15826659914455
31,77,147.3076347179158
31,78,151.19986041910306
31,79,143.0754335920792
31,80,148.01369146155776
31,81,140.6023117814184
31,82,153.97502894127683
31,83,139.83190916283638
31,84,156.07579603070917
31,85,140.27667437467608
31,86,148.37097053522302
31,87,139.89075381708972
31,88,141.95212321898725
31,89,135.37652017609798
31,90,143.34422821938642
31,91,125.340808028428
31,92,122.13536600582302
31,93,126.47645248555636
31,94,129.7335569297138
31,95,128.73283476920915
31,96,140.16663747445273
31,97,124.98331636015791
31,98,134.58847558246634
31,99,128.57653832454525
31,100,139.67093557825137
31,101,130.29447502548283
31,102,104.66678404252161
31,103,120.92287195810059
31,104,116.0176496180793
31,105,150.9265606256231
31,106,133.76270696766733
31,107,113.23774845096341
31,108,133.88610685819003
31,109,134.73905151050712
31,110,140.0826771780121
31,111,146.74402108792856
31,112,125.02567881494178
31,113,131.3807402613602
31,114,139.2440111776814
31,115,132.39002842843183
31,116,115.28684912956669
31,117,110.83037780676386
31,118,104.26672474679071
31,119,120.9774929448904
31,120,125.32626396253181
31,121,106.12172688897408
31,122,115.07927937617933
31,123,111.23582300473936
31,124,122.05627209096565
31,125,115.09077247306413
31,126,124.56106146228558
31,127,115.17115031865251
31,128,111.85789818144985
31,129,116.63264027188416
31,130,109.46633213780297
31,131,112.50792147939501
31,132,102.38902455364587
31,133,119.26306278764969
31,134,107.90344525517139
31,135,102.0969084125536
31,136,105.20784830217599
31,137,85.42315863849944
31,138,116.65733574896876
31,139,100.41616809711559
31,140,117.53986765211448
31,141,109.43753526585351
31,142,95.90603818147792
31,143,103.14098721941991
31,144,101.56959573703352
31,145,86.79245597582485
31,146,96.21011393357185
31,147,101.17093451099936
31,148,73.94337267069204
31,149,87.29170964675723
31,150,85.80315584634081
31,151,94.17496719775954
31,152,80.3582786675106
31,153,84.31442038624664
31,154,65.59446186829882
31,155,98.04833187477197
31,156,90.22199484288285
31,157,74.8863024739403
31,158,98.43208377894189
31,159,70.28739381175546
31,160,73.60553593336954
31,161,63.58623850000731
31,162,64.81211185548455
31,163,65.66492979449686
31,164,76.83810056732909
31,165,71.04220806097146
31,166,77.09695689707587
31,167,62.64409013171098
31,168,52.7218755142967
31,169,60.672137278321316
31,170,67.17433924072247
31,171,57.171443556129816
31,172,63.86955086469243
31,173,62.170751226876746
31,174,51.76249683293281
31,175,45.832570477272384
31,176,35.50356128283602
31,177,53.04622722195927
31,178,36.45215557178017
31,179,18.388542266649893
31,180,29.500570154064917
31,181,35.04913881738321
31,182,22.307208773490856
31,183,35.7050504283834
31,184,30.108865295551368
31,185,25.683670164566138
31,186,21.350680768926395
31,187,18.868891030957457
31,188,25.3588437733124
31,189,29.733481119401404
31,190,11.735322385677136
31,191,21.423130893017515
31,192,-6.552970135162468
31,193,-2.4921394120174227
31,194,8.970140515928506
31,195,7.212535688042408
31,196,10.429426414033514
32,1,166.32470966027176
32,2,192.65863985133183
32,3,192.48087031503383
32,4,166.60950236376084
32,5,170.20723330065084
32,6,169.76995009007805
32,7,182.69294463988626
32,8,184.4144071834744
32,9,173.14713820516772
32,10,175.57451693360053
32,11,175.68138356144482
32,12,187.41887660924112
32,13,182.84417370402662
32,14,182.77163443867175
32,15,181.01454843858664
32,16,169.52962241065688
32,17,188.55222836967732
32,18,187.6670896304422
32,19,188.47402973908174
32,20,166.82897369576676
32,21,194.51731925884087
32,22,165.31481296528364
32,23,169.71137092921708
32,24,180.37863561615814
32,25,164.45777480414836
32,26,176.01817621546797
32,27,174.10912135694525
32,28,171.4183246522589
32,29,178.94524641768658
32,30,184.3857285440463
32,31,173.44400970441347
32,32,168.5044543424301
32,33,183.05007193532947
32,34,179.6632581615704
32,35,183.77110189612722
32,36,171.63341326460068
32,37,173.73872161490726
32,38,171.57922848554153
32,39,182.5446902034164
32,40,188.03764084803697
32,41,183.9408506978216
32,42,177.27957202937978
32,43,183.03548239605152
32,44,177.9079684199096
32,45,171.71759826406196
32,46,168.07591246126685
32,47,154.8878339570365
32,48,180.5991160379781
32,49,178.45458002765372
32,50,184.12896229741455
32,51,175.59736868985055
32,52,177.3683864257764
32,53,166.72944512724644
32,54,177.53708099246433
32,55,184.90448755696707
32,56,159.43880938668735
32,57,189.89180651541392
32,58,170.7973078557261
32,59,170.1634045544488
32,60,185.597797573384
32,61,176.0108101224032
32,62,171.71683805713838
32,63,157.1955817403359
32,64,180.92616509040818
32,65,185.68750256106432
32,66,153.48371177710942
32,67,176.77725953089248
32,68,158.38716722153185
32,69,170.3701430503279
32,70,153.13631297755637
32,71,165.07221667199337
32,72,162.18552773725241
32,73,164.57247744886263
32,74,162.6713013638073
32,75,161.36117127985926
32,76,164.13571607728954
32,77,177.06399112235522
32,78,163.12558329447347
32,79,168.41628870586283
32,80,165.3406264204823
32,81,150.10032488341676
32,82,163.324073624608
32,83,164.36863812875526
32,84,163.83337967225816
32,85,171.26694836342358
32,86,159.86522267574037
32,87,170.07691752613755
32,88,170.77445491199614
32,89,161.4780840084859
32,90,162.41301969677443
32,91,145.45380485069472
32,92,147.8857338991511
32,93,147.23150162947422
32,94,158.6353671534598
32,95,143.6922481063957
32,96,160.63419843841984
32,97,156.33311363896064
32,98,142.62028227507835
32,99,152.52163487650978
32,100,161.65546551042644
32,101,150.29068098895368
32,102,144.85960934413015
32,103,150.76965744013432
32,104,132.83331469343102
32,105,147.27966469171224
32,106,135.87525902957714
32,107,137.43504452296474
32,108,157.61533799943572
32,109,138.21044687779795
32,110,152.07728102469991
32,111,134.38708688740735
32,112,144.20324875746155
32,113,144.71694172808202
32,114,152.9271849077486
32,115,144.72186689043883
32,116,153.70014574627567
32,117,145.19008837168803
32,118,131.37664925405988
32,119,127.23425974062411
32,120,121.74627702569705
32,121,144.8899644658959
32,122,129.2717547717184
32,123,125.88217223744141
32,124,137.12786307474016
32,125,141.02560210370575
32,126,139.7666407963843
32,127,129.54607627366204
32,128,122.43387067531876
32,129,106.15823748859111
32,130,120.03715353101143
32,131,126.75730054703308
32,132,103.62108644207183
32,133,120.63279139211227
32,134,118.74510342933354
32,135,112.68900527483493
32,136,110.57396150713612
32,137,111.69536129693734
32,138,106.74557222156727
32,139,113.27459996494872
32,140,118.29771940616774
32,141,96.22751757681544
32,142,97.18895566018182
32,143,97.02844236258534
32,144,99.11633583514777
32,145,105.20537246124877
33,1,101.6611397616216
33,2,105.29822427821637
33,3,122.52178331463074
33,4,112.86169148958288
33,5,120.04328869865276
33,6,99.36951411883638
33,7,115.86605964275077
33,8,99.29729263273475
33,9,113.08574679181038
33,10,111.37010075617582
33,11,98.62576024697046
33,12,103.49843500745192
33,13,112.26354519651795
33,14,114.51263281004503
33,15,108.75149725444498
33,16,115.7293872480659
33,17,112.0023273210536
33,18,90.04163671977585
33,19,100.54895024538564
33,20,106.25325422258175
33,21,106.86233955723583
33,22,100.02238689370279
33,23,94.88455427660665
33,24,103.36009887375985
33,25,123.49181310014683
33,26,101.02193564640766
33,27,122.9069951337151
33,28,106.59653637227893
33,29,115.36639602341165
33,30,97.23224112883327
33,31,95.19172821752727
33,32,110.05940867574827
33,33,96.04341004225716
33,34,100.46752646109962
33,35,120.71343075831828
33,36,122.28154300541792
33,37,96.5322450328531
33,38,90.68867495108861
33,39,100.180032492397
33,40,104.08545819197025
33,41,106.95469106030941
33,42,93.74606470995059
33,43,97.72600617415446
33,44,102.15009933568945
33,45,102.18186607294774
33,46,115.63714495341992
33,47,111.90730162803084
33,48,98.42892810153717
33,49,108.17243730484915
33,50,106.16421288037964
34,1,176.1534428287123
34,2,168.3460759158188
34,3,175.52875218488043
34,4,174.244629733701
34,5,165.96570412925212
34,6,185.96931704595045
34,7,177.6643304512836
34,8,189.71438376867445
34,9,185.8258125118591
34,10,192.95701216677844
34,11,174.29817982230452
34,12,189.59736467672337
34,13,187.3741683728149
34,14,191.3994492318743
34,15,184.71489759956603
34,16,179.9205682224565
34,17,173.31835949885135
34,18,176.5767491859733
34,19,183.10491241142154
34,20,158.2535379575129
34,21,181.0495370454446
34,22,184.26778096913768
34,23,178.200456025952
34,24,182.60725941693818
34,25,181.65200332879613
34,26,196.24393154469726
34,27,178.7132353297202
34,28,185.51349245650636
34,29,177.92273145650688
34,30,172.8386237279774
34,31,178.8073291828914
34,32,180.2141276839102
34,33,171.15210465663404
34,34,171.25744280107028
34,35,184.9984245239757
34,36,180.02360309490177
34,37,181.67908781398728
34,38,179.93161924291053
34,39,165.64552245868254
34,40,159.52604102880287
34,41,175.38076060585445
34,42,184.86767318817147
34,43,172.596414770509
34,44,196.49468797945883
34,45,181.85302245004277
34,46,167.47231430266402
34,47,172.56062189392105
34,48,168.7912078359368
34,49,165.57714956335258
34,50,173.2465531504713
34,51,185.36907802917995
34,52,199.23186259903014
34,53,161.73375207225035
34,54,180.34482499421574
34,55,168.40645190539362
34,56,180.4175073573133
34,57,173.0066058398952
34,58,175.4375912635005
34,59,162.45113372067863
34,60,157.66299166437238
34,61,166.6783136579761
34,62,151.71523424307816
34,63,174.64562983713404
34,64,167.50714943712228
34,65,185.22611441694607
34,66,170.8979704092635
34,67,160.58004512664047
34,68,176.00439115786867
34,69,162.82891349765123
34,70,167.44584583835967
34,71,168.7126603340148
34,72,169.38448269148648
34,73,169.18168838950805
34,74,189.94086759498168
34,75,175.72056285360304
34,76,165.97949772425636
34,77,170.86323308978172
34,78,174.95553924006526
34,79,164.63191593365627
34,80,164.06851216351788
34,81,170.0719066363963
34,82,163.65080208086874
34,83,171.67248756697518
34,84,176.89886202136404
34,85,160.35455442903913
34,86,175.81488229920797
34,87,178.05347559929942
34,88,174.41556932299864
34,89,165.6372813440248
34,90,166.45681535464246
34,91,159.84939605093678
34,92,173.11153340498277
34,93,163.6000066630222
34,94,141.17666106994147
34,95,159.73143527652428
34,96,161.80976335507876
34,97,172.2305079226062
34,98,138.8142394435563
34,99,176.60864347565803
34,100,172.00777251822
34,101,143.54931833426235
34,102,163.00687435890723
34,103,171.12307676234923
34,104,161.6959019864007
34,105,142.15020460252708
34,106,157.16154486777668
34,107,154.14793899678625
34,108,150.99482433180674
34,109,162.9576363665692
34,110,151.79601913518854
34,111,152.05217845746665
34,112,154.12622908392223
34,113,140.40051043531275
34,114,154.73072289560514
34,115,146.20123311522184
34,116,139.40232810955786
34,117,141.6456545486726
34,118,147.47565411636606
34,119,154.59487086387526
34,120,139.49192634793872
34,121,157.60763016728743
34,122,139.4484809408459
34,123,146.94360508047976
34,124,152.53919877356384
34,125,147.56457810977008
34,126,132.92372946368414
34,127,143.90836458421836
34,128,136.90516625072632
34,129,136.7222598241351
34,130,149.26238729791658
34,131,147.99423599336296
34,132,140.54553208954167
34,133,148.18933830439346
34,134,128.26620312035084
34,135,131.91180176186026
34,136,139.32798209533212
34,137,142.95650908934476
34,138,131.69457047467586
34,139,133.57309986099426
34,140,148.84597955427307
34,141,113.01263424289937
34,142,122.232051563813
34,143,125.72501615760848
34,144,125.40466859085427
34,145,122.36582324418123
34,146,123.50433411740232
34,147,130.25162078006542
34,148,131.74442025813914
34,149,116.2827899025724
34,150,108.42147821058461
34,151,106.43703712128627
34,152,114.44241832605621
34,153,122.56071117040119
34,154,115.46273299586028
34,155,111.52735222860065
34,156,116.3863995935244
34,157,108.48137883463642
34,158,107.52882125494943
34,159,106.21895413698803
34,160,107.55422243881912
34,161,110.96990603773156
34,162,107.2090955212916
34,163,109.95757895012503
34,164,115.59023601471563
34,165,100.00241890564212
34,166,92.95851368036529
34,167,107.20476097182836
34,168,99.76945057262492
34,169,80.78734940991853
34,170,83.59255604255304
34,171,80.62036111831549
34,172,81.34562229087169
34,173,115.46778497639752
34,174,98.21448049278115
34,175,84.85578940952837
34,176,86.97097066856804
34,177,73.04237997310702
34,178,95.18163835747691
34,179,84.46046692210075
34,180,87.38901774250553
34,181,71.55347462107602
34,182,82.8177230458532
34,183,62.76876163367706
34,184,61.53023316049075
34,185,63.459807499762974
34,186,63.15866087336326
34,187,48.03548728469468
34,188,51.863442387752
34,189,61.128936964203604
34,190,59.90672759941663
34,191,44.02820856080507
34,192,48.15054768009577
34,193,51.603469287612825
34,194,55.25447274839098
34,195,50.367576552424
34,196,45.545727430522675
34,197,42.28191568466718
34,198,29.04588881570089
34,199,25.560122116308776
34,200,19.35118057653017
34,201,14.052273905152106
34,202,23.39056548771623
34,203,10.722136673924979
35,1,128.8189601459162
35,2,106.71487457727198
35,3,118.94106493408617
35,4,131.73174523113994
35,5,112.56971834531578
35,6,125.69374546376639
35,7,128.74008423903433
35,8,118.17381201677199
35,9,135.1923103407462
35,10,105.48998605372617
35,11,108.2230218226905
35,12,113.12852021763683
35,13,111.4796078269137
35,14,114.81822042554268
35,15,126.54731577455823
35,16,124.91377002708032
35,17,115.53116062445042
35,18,113.56585748351063
35,19,118.16498794435756
35,20,110.6045271417097
35,21,131.78004394768504
35,22,100.10208399730618
35,23,121.64340131677454
35,24,125.60580105448025
35,25,126.66382619939395
35,26,137.2911851904064
35,27,118.85797409279621
35,28,138.30731790480786
35,29,116.45950710431498
35,30,104.7281261041935
35,31,116.46091884466296
35,32,124.6686104060791
35,33,120.47039806749672
35,34,104.12344854050025
35,35,118.4844433858234
35,36,112.17616164812353
35,37,126.14128598243406
35,38,103.04126018572424
35,39,97.0257207055256
35,40,118.2169391286734
35,41,122.52633760387835
35,42,121.3927092122758
35,43,118.74366883673065
35,44,102.04298592773557
35,45,99.45395836426178
35,46,102.33028420960181
35,47,129.4813589323312
35,48,112.1881985229702
35,49,123.26191862295673
35,50,107.60393401615147
35,51,119.4783385769988
35,52,112.21908458392136
35,53,107.34206191072008
35,54,119.63040251311031
35,55,110.8615692697058
35,56,86.50412169519404
35,57,108.04187294594885
35,58,106.60980275852489
35,59,116.59267071829527
35,60,114.44217558475793
35,61,126.41923075991508
35,62,106.84468508796999
35,63,122.12643517098331
35,64,99.89978542311292
35,65,132.65405945172824
35,66,108.4292076498241
35,67,104.82246917206794
35,68,123.23790668987203
35,69,111.76039114009473
35,70,105.28691081868601
35,71,124.62533469017944
35,72,120.40692095250415
35,73,119.05161457438953
35,74,126.53920627056505
35,75,113.31876424023358
35,76,119.39494434202788
35,77,123.60076598753221
35,78,104.10064301504462
35,79,108.83042586116062
35,80,115.91674848827824
35,81,109.71729578341183
35,82,105.5054051962943
35,83,107.77573290684086
35,84,92.94070598842518
35,85,115.41533178942336
35,86,119.71327189296426
35,87,102.3945630385133
35,88,106.75443534817896
35,89,105.21687048874446
35,90,102.58377463764919
35,91,99.47068082455371
35,92,97.24755287794687
35,93,92.56381207997038
35,94,127.54704259888967
35,95,103.42608607075817
35,96,107.57345919862564
35,97,94.15266378829256
35,98,106.68483183148783
35,99,102.60698142787442
35,100,83.03139959472173
35,101,99.95689187115931
35,102,95.24529671508935
35,103,106.72749778660364
35,104,98.19493326703378
35,105,102.26140800403664
35,106,123.76843068415474
35,107,92.2708864909655
35,108,118.01471674603818
35,109,121.1277884516021
35,110,101.2732161613385
35,111,96.59104336112796
35,112,96.59275387348316
35,113,92.98682817340887
35,114,93.94343071327603
35,115,97.36763029359281
35,116,96.79929190373514
35,117,94.27388044045074
35,118,89.8368934970058
35,119,90.09881855860294
35,120,105.0450218579208
35,121,89.6984351862775
35,122,99.32184049065108
35,123,95.6868977194681
35,124,95.97649663068296
35,125,116.61132927506696
35,126,101.89199105162697
35,127,94.91105266837985
35,128,81.8114046031551
35,129,82.02985662447463
35,130,92.52368532700348
35,131,88.63260951991833
35,132,67.29250044257788
35,133,69.65006014547544
35,134,97.54400677452213
35,135,80.02503104234347
35,136,71.65487754868809
35,137,88.17088680814777
35,138,93.63721767497191
35,139,91.9717490124458
35,140,84.88513950303604
35,141,100.76065240422031
35,142,78.52898113556148
35,143,73.10970564730815
35,144,68.60726440559665
35,145,78.45742920688645
35,146,72.4464416505798
35,147,60.683490753217484
35,148,57.59803358640056
35,149,85.35498280379397
35,150,82.59780081592908
35,151,61.23073835010291
35,152,67.61523185171245
35,153,61.56526216305792
35,154,57.166613900029915
35,155,75.41261695073626
35,156,74.42854361528589
35,157,52.42575874722388
35,158,59.056491359107895
35,159,64.25306508521317
35,160,56.4549966641498
35,161,52.03921149332018
35,162,64.12207273083914
35,163,51.6815134662902
35,164,72.9584743200976
35,165,58.736981710084365
35,166,63.37836427213915
35,167,50.22258136275923
35,168,34.78543365687074
35,169,39.86160106159514
35,170,59.26172101897828
35,171,57.03691206101212
35,172,44.36325895761547
35,173,42.30209359982109
35,174,53.396179716990446
35,175,36.75375657432596
35,176,25.778038239324815
35,177,22.378271399327787
35,178,53.887421343577444
35,179,34.50196148933901
35,180,30.733509627287276
35,181,31.970791821091552
35,182,38.845745603204705
35,183,35.2654912424332
35,184,30.021647529836628
35,185,22.458571259543533
35,186,22.06234511041839
35,187,12.934959346792311
35,188,19.25407342397375
35,189,29.10598087143444
35,190,26.647615076159127
35,191,29.492591519272537
35,192,12.839748964863247
35,193,14.854422683696612
35,194,19.016786541455076
35,195,5.649608894207631
35,196,10.539546158499434
35,197,-5.250625318003586
35,198,-0.3082539682654897
36,1,88.34071571164532
36,2,100.14700810475915
36,3,98.72118689765921
36,4,103.5788083224761
36,5,101.13429481556523
36,6,122.48281580374169
36,7,117.09862900257576
36,8,115.27716783592768
36,9,119.56644771854917
36,10,109.01952300152334
36,11,123.86303111922462
36,12,104.86585769432713
36,13,106.01614296610933
36,14,108.51347385233385
36,15,105.92702619018382
36,16,115.73216444137506
36,17,109.21319415973267
36,18,105.13131595845334
36,19,89.74993252374406
36,20,105.92109239335696
36,21,107.06441252057266
36,22,107.95129728408938
36,23,98.40519155742368
36,24,98.12371775467182
36,25,99.63072336615005
36,26,120.86615635089402
36,27,108.55602091240871
36,28,97.2056820661528
36,29,102.25305467954604
36,30,112.26622024460812
36,31,105.26034187222831
36,32,101.16655550792348
36,33,89.16787421720801
36,34,104.15940300974762
36,35,112.7899399792368
36,36,104.37437097207294
36,37,92.87187076476403
36,38,103.98248183724354
36,39,93.23167882593407
36,40,92.06867533409968
36,41,101.14012608432677
36,42,93.11573338026938
36,43,104.51854883943452
36,44,99.61075289023574
36,45,93.31619638494158
36,46,100.32612916745711
36,47,89.73419231697335
36,48,87.72682382860512
36,49,97.22448605303362
36,50,115.65379946256871
36,51,103.43741124482767
36,52,93.00609526511107
36,53,99.30745935530285
36,54,110.455075432983
36,55,86.72896912699798
36,56,96.38057457396644
36,57,97.16286097455304
36,58,100.3646428166976
36,59,96.20272100629518
36,60,87.45698134004488
36,61,83.15381961231469
36,62,102.31479013162607
36,63,93.81555134864175
36,64,103.1966416232608
36,65,94.19646842504153
36,66,90.4238021527417
36,67,102.00956105712976
36,68,100.63123104754777
36,69,84.81871904573927
36,70,92.96793354539841
36,71,80.61689417537127
36,72,82.37475902028382
36,73,93.40133555646753
36,74,76.65117708923935
36,75,89.61727443402924
36,76,99.83212091226596
36,77,88.90793741033121
36,78,77.27902028971585
36,79,83.66930880989821
36,80,86.16439250636904
36,81,76.54280369143817
36,82,86.65669347722724
36,83,79.08905804414826
36,84,74.04168824070075
36,85,74.84909047561814
36,86,88.10869689894025
36,87,77.72575544154097
36,88,87.70353076003084
36,89,66.35488200801774
36,90,71.73737263209478
36,91,69.36503958160756
36,92,76.73508144407242
36,93,71.39218521756993
36,94,58.005913630637224
36,95,80.1226200649835
36,96,61.44618414310389
36,97,84.35730200413673
36,98,68.69785471794603
36,99,77.54393959253503
36,100,68.66460811409343
36,101,73.98979661264457
36,102,71.79565411589283
36,103,50.72370158525882
36,104,68.66080519143725
36,105,65.99764284557023
36,106,68.72749897098402
36,107,59.504444893216714
36,108,47.04506436942029
36,109,56.93159420315351
36,110,48.066373613954056
36,111,61.849352206350886
36,112,61.98481532828009
36,113,50.65600466760225
36,114,38.531099304091185
36,115,50.54489315478713
36,116,53.4188796235685
36,117,41.94407283660257
36,118,51.21812272632087
36,119,52.8597215279442
36,120,61.71572618652135
36,121,38.266376870975364
36,122,26.828068044851534
36,123,36.309526456461754
36,124,31.33697293010482
36,125,28.080428931629285
36,126,38.39373043652449
37,1,180.45004548880388
37,2,163.70988754853897
37,3,192.17038743158628
37,4,181.6483511635306
37,5,181.63463423425856
37,6,175.62019176564354
37,7,186.9851329029334
37,8,178.62264403705194
37,9,159.81959378409374
37,10,162.24284255315433
37,11,175.22124108897697
37,12,189.07199050862982
37,13,191.81626017736562
37,14,163.59468679421116
37,15,174.583251313059
37,16,188.89324645906163
37,17,174.62279750446032
37,18,161.21171004060307
37,19,172.77931628243823
37,20,166.14490436382766
37,21,174.46810722716327
37,22,156.39264475651726
37,23,160.82711201468192
37,24,173.039004880804
37,25,176.81987810420105
37,26,172.51036795899563
37,27,170.112347072165
37,28,171.28583397083275
37,29,167.53462891359231
37,30,164.88701752899215
37,31,174.66597394581186
37,32,172.1729570558673
37,33,176.43662978977954
37,34,183.06851099571213
37,35,159.17518882079457
37,36,173.47196748759598
37,37,165.95713469554903
37,38,166.27438884634466
37,39,174.77249167737318
37,40,155.62367716281733
37,41,180.57944617280737
37,42,175.50269280816428
37,43,162.3555228789919
37,44,173.6289812623727
37,45,164.48805503408948
37,46,164.17936222803837
37,47,165.54282719496405
37,48,161.6991398763057
37,49,161.94306167168543
37,50,155.64573580413708
37,51,169.541364838733
37,52,165.44468740888988
37,53,163.1694660125504
37,54,157.39277392765507
37,55,163.60943701738142
37,56,167.27701129449997
37,57,184.19118150754366
37,58,161.49752079848258
37,59,171.39462619092956
37,60,153.92911270407785
37,61,155.15375992961344
37,62,165.99204151508457
37,63,160.21307856003114
37,64,163.64515064869192
37,65,149.78495322800882
37,66,161.3266706448194
37,67,162.78254061752523
37,68,162.20793542385218
37,69,147.93983212384046
37,70,152.8766622068215
37,71,162.94849213724956
37,72,147.54306673469546
37,73,152.81728328698955
37,74,163.47476778736745
37,75,150.7791837787663
37,76,151.77178580219334
37,77,154.43043371938984
37,78,136.44603914137406
37,79,154.77084817457944
37,80,134.98049125587568
37,81,153.63838608266087
37,82,130.80102908400295
37,83,140.76178498334775
37,84,136.71602137226728
37,85,152.26138955717033
37,86,131.85855961227207
37,87,147.02638349909103
37,88,148.1712852174096
37,89,127.14120612810075
37,90,136.29905227931158
37,91,128.14768308778002
37,92,123.84872836442082
37,93,127.51144206069876
37,94,124.94893211119052
37,95,136.16833403983037
37,96,129.90524517913582
37,97,132.07117084017955
37,98,120.06754331753473
37,99,127.82492000439379
37,100,117.7027232219989
37,101,123.56959056101914
37,102,128.32880968271638
37,103,131.39100592724571
37,104,112.44085198739776
37,105,115.94460899027763
37,106,121.1582497763593
37,107,117.20132997407927
37,108,91.85107401032292
37,109,101.7101188111119
37,110,105.85394710882974
37,111,98.35238671013212
37,112,101.16928471642314
37,113,97.61895021400414
37,114,102.92326084071829
37,115,91.77158611419145
37,116,110.17009273311123
37,117,87.15426327392925
37,118,90.55580886588723
37,119,89.00590479750826
37,120,104.78006017186271
37,121,81.82044412754476
38,1,112.70868109521689
38,2,117.92483911488671
38,3,115.76290990241978
38,4,112.02991808780644
38,5,122.55644032068085
38,6,106.32181156889419
38,7,117.93183655431494
38,8,115.07326355294208
38,9,117.40336076290987
38,10,112.05049221798254
38,11,112.40859577807714
38,12,113.31015015476441
38,13,106.97764409320371
38,14,107.22632153220184
38,15,92.78188978615799
38,16,87.84285643654584
38,17,105.46814288677706
38,18,116.22777961198881
38,19,112.79430480275187
38,20,109.14091702851874
38,21,116.46117106878955
38,22,119.38075457942614
38,23,104.7755299104465
38,24,109.30079550473602
38,25,114.33085807705356
38,26,113.94649643650337
38,27,123.02450867943116
38,28,106.88766584508994
38,29,94.09525873095845
38,30,114.36437175565516
38,31,108.03513613705582
38,32,103.58043228353199
38,33,90.0846723800496
38,34,96.19602652077447
38,35,107.80261328164488
38,36,114.05209321308939
38,37,117.5223861359409
38,38,99.23589678821736
38,39,94.93739326922514
38,40,106.7009036847594
38,41,120.44240756506042
38,42,103.94897731700621
38,43,98.06571569606604
38,44,108.37803906699992
38,45,103.30345014810155
38,46,94.6801656215248
38,47,114.77832853856671
38,48,87.54165266896598
38,49,84.20015228720149
38,50,97.63856595825928
38,51,116.208037955279
38,52,106.75147599700722
38,53,104.46672031193157
38,54,81.66772015183233
38,55,96.09560280982987
38,56,92.77419170894427
38,57,91.68522377681802
38,58,107.19808396272128
38,59,104.10275274334708
38,60,107.67513367245556
38,61,101.73333102164906
38,62,90.0533951043326
38,63,95.29447256618005
38,64,95.13270299846772
38,65,93.4827708149096
38,66,100.68486722785747
38,67,98.19556500743784
38,68,108.03825447348936
38,69,105.1447510412545
38,70,91.909639456062
38,71,85.02432599465828
38,72,104.18743222737976
38,73,92.17456628539367
38,74,90.75552208535373
38,75,95.38854831842764
38,76,97.55083814052341
38,77,93.41214268283511
38,78,102.68148161993304
38,79,104.72828979970654
38,80,88.50018135925347
38,81,91.92244941704848
38,82,97.90379838673107
38,83,98.48360845845309
38,84,97.63241484452737
38,85,85.66205794880807
38,86,102.4199209138751
38,87,84.73407841156586
38,88,93.7701362430671
38,89,105.53022996737855
38,90,85.85548541370372
38,91,96.90616974097793
38,92,65.85860588990909
38,93,91.08379129976674
38,94,96.32115922711091
38,95,90.30771685024956
38,96,97.02315710304538
38,97,85.41143236140488
38,98,88.342899246054
38,99,84.60811689143884
38,100,83.82342847417749
38,101,77.37767775930115
38,102,82.84319107484771
38,103,79.42641200950311
38,104,83.96063592574501
38,105,80.53259918860567
38,106,77.58568704999925
38,107,95.65013557556085
38,108,90.82707977229438
38,109,92.16213895620604
38,110,92.58220324575086
38,111,71.75865274397074
38,112,71.42715529318957
38,113,76.92002888082061
38,114,76.0455790545384
38,115,80.02006793863256
38,116,75.04037800738297
38,117,80.97516996919876
38,118,79.31801797257503
38,119,58.69741230836371
38,120,81.59095589446952
38,121,64.5381235859677
38,122,78.0677020392759
38,123,48.21486823583837
38,124,51.28938834465225
38,125,69.0051113099471
39,1,173.8043616782379
39,2,155.02003406069707
39,3,166.85060437124048
39,4,162.03946443879977
39,5,154.5910377715918
39,6,166.07852760906098
39,7,163.6548514320457
39,8,151.19598832252086
39,9,177.12133811361855
39,10,161.07124068477424
39,11,158.2430537675973
39,12,179.52553991989407
39,13,172.91140800852736
39,14,153.24321377453452
39,15,157.64301927284396
39,16,169.03433944407152
39,17,163.63237259422021
39,18,174.71263789688237
39,19,158.14767665091495
39,20,182.9002408930246
39,21,159.24472417554352
39,22,169.30759701486386
39,23,150.89304150486714
39,24,161.99030154498178
39,25,153.48324488032085
39,26,166.8680509195692
39,27,166.04806637746515
39,28,177.80412012479792
39,29,172.65760249871528
39,30,166.60912346754048
39,31,174.9303200202121
39,32,144.8641777660523
39,33,169.38254948329995
39,34,177.85095138651377
39,35,170.58519518790126
39,36,161.43646963771607
39,37,155.80858009109215
40,1,119.17423112493998
40,2,100.72233473652159
40,3,114.00708036321157
40,4,93.34085584712739
40,5,112.3489374070632
40,6,99.43903958464216
40,7,105.03717960331414
40,8,113.17929031548556
40,9,100.30860781318916
40,10,112.76020230507129
40,11,111.62399826582987
40,12,112.13733396676253
40,13,121.1794948981842
40,14,110.96640839018801
40,15,103.81955647944415
40,16,128.53802959450695
40,17,99.00626394763822
40,18,114.43257531007112
40,19,103.2512693215831
40,20,129.7966776414978
40,21,115.6304914465436
40,22,98.69277160290221
40,23,106.11373859719606
40,24,110.99699240042537
40,25,110.85633434905321
40,26,122.77206404021126
40,27,104.12894928123569
40,28,106.35477352520684
40,29,103.33583897222707
40,30,107.4864810648869
40,31,108.26228947662457
40,32,109.83129964284308
40,33,113.09925154190569
40,34,94.5515630497539
40,35,103.92641010100488
40,36,97.8984723869653
40,37,109.24299692471686
40,38,109.80932005141221
40,39,107.81765739436378
40,40,108.05698852472415
40,41,106.77133427550143
40,42,113.80379472191271
40,43,96.00980350356258
40,44,116.00060581012804
40,45,104.12262592495244
40,46,113.66314915005933
40,47,104.8668924234371
40,48,112.8989517918817
40,49,108.74146610203024
40,50,108.46331392784487
40,51,98.63437120206072
40,52,113.8883801924676
40,53,92.25391083872819
40,54,83.28442413394805
40,55,99.86418884435261
40,56,103.83270457026083
40,57,92.23868865812256
40,58,92.0397413190949
40,59,84.79578459828917
40,60,111.23915801038675
40,61,90.7934654783312
40,62,113.43393821675272
40,63,102.07970596269297
40,64,97.43935392840649
40,65,80.54911732603796
40,66,80.2686381804233
40,67,99.96065947177703
40,68,95.78253498038976
40,69,78.26289322639059
40,70,84.7838777055731
40,71,84.84518906279118
40,72,98.49563737514836
40,73,108.62548099333071
40,74,91.08395798949641
40,75,93.2737947825226
40,76,90.85575296395109
40,77,84.05170907960564
40,78,90.8594972533756
40,79,96.84606059799262
40,80,96.88924033883086
40,81,92.43726306808821
40,82,108.41695305428584
40,83,109.95640643061779
40,84,78.34513202187372
40,85,94.91345636687765
40,86,86.86973341103294
40,87,80.80043858308636
40,88,94.39583029577625
40,89,99.35095393376832
40,90,79.62674042375875
40,91,107.49966203216172
40,92,77.26352149949525
40,93,71.11766120878747
40,94,103.37085083591228
40,95,78.42206230154261
40,96,82.89408886432648
40,97,80.24669067691138
40,98,95.06711881025694
40,99,74.17881542148825
40,100,81.87522034891299
40,101,71.7677266204555
40,102,84.3785247484193
40,103,72.9969532461837
40,104,74.49710307418718
40,105,64.57866849975835
40,106,72.63501760462532
40,107,78.28465267788852
40,108,49.251249159278814
40,109,67.72960948546825
40,110,85.22883487875515
40,111,66.15523930413474
40,112,74.53005570282403
40,113,85.66415376620716
40,114,64.58460655987437
40,115,58.41174913368013
40,116,67.7511118605471
40,117,44.71281477557204
40,118,66.0727404999634
40,119,66.31441624056606
40,120,56.232822710313485
40,121,39.74080702821084
40,122,58.649782231936115
40,123,55.16602450479695
40,124,60.46110920942738
40,125,50.18379601724155
40,126,47.60479929475696
40,127,50.6858748292143
40,128,30.719893838933785
40,129,56.369811107826536
40,130,41.52648378674348
40,131,50.01418530999217
40,132,52.724469256281736
40,133,38.715269977386924
41,1,179.757992304847
41,2,164.24988886476785
41,3,184.8827560103673
41,4,182.62276292628667
41,5,173.3657267374656
41,6,188.97439843548636
41,7,172.8913864816568
41,8,182.00868830438412
41,9,162.59283690158918
41,10,185.47081057883042
41,11,173.86968954237818
41,12,176.03971351149085
41,13,163.87032231820922
41,14,176.0934704678366
41,15,162.5057676610595
41,16,190.14190467144363
41,17,175.4042025951785
41,18,184.82169901861926
41,19,174.69773107927176
41,20,175.7396002797177
41,21,169.1222542682226
41,22,194.3125117618183
41,23,171.4621146168356
41,24,168.41600726057368
41,25,160.46135901550588
41,26,170.63175888589467
41,27,177.0337137151655
41,28,180.16907507985889
41,29,191.10853159421822
41,30,176.19868413484073
41,31,182.62840020429576
41,32,170.89991268105223
41,33,165.7984947013174
41,34,169.8238363783894
41,35,172.49789197159407
41,36,188.71270102390554
41,37,168.19037471202319
41,38,177.5434410931921
41,39,173.73904337246495
41,40,176.5534333937103
41,41,192.79179159816704
41,42,168.5020820836944
41,43,166.92271083088417
41,44,163.57611822788022
41,45,169.17758647806477
41,46,177.7732102390437
41,47,175.89152348128846
41,48,168.58551523846108
41,49,172.16470828688762
41,50,174.35197268993943
41,51,172.49631270857935
41,52,168.63178912452713
41,53,163.2071967015072
41,54,163.79605829843786
41,55,170.63593139420846
41,56,176.74796890927246
41,57,170.66395045651007
41,58,181.52414851846697
41,59,159.97026596755313
41,60,165.01952724663715
41,61,153.1467334543122
41,62,165.93761131176143
41,63,160.75034976298048
41,64,181.06957315096224
41,65,161.1359933833155
41,66,171.51683065971883
41,67,153.843337273036
41,68,167.93043099276838
41,69,172.77980459833634
41,70,164.446250170251
41,71,167.8953591689933
41,72,149.53659200713446
41,73,158.8052264348953
41,74,148.96370618251967
41,75,162.43536414942355
41,76,157.70559931600292
41,77,161.13677071603888
41,78,135.4332138604077
41,79,163.40747551822278
41,80,149.1458328555891
41,81,154.39692370711418
41,82,152.32894662088074
41,83,150.69177207707253
41,84,146.49261368077714
41,85,123.51269437275187
41,86,151.31976012862287
41,87,140.5903975659021
41,88,139.4639995550242
41,89,144.690587244404
41,90,133.92361764342058
41,91,143.87871000586892
41,92,156.9652130374161
41,93,162.108587476323
41,94,127.61946115890169
41,95,142.82399113978317
41,96,154.67417373889475
41,97,133.4602679741365
41,98,128.71107644870062
41,99,132.48182979604462
41,100,127.2432185071666
41,101,129.65168587617518
41,102,110.0702220107487
41,103,136.4076751925022
41,104,116.22897063182609
41,105,125.60409797966713
41,106,106.20101590402192
41,107,116.29023018782027
41,108,108.39056839895784
41,109,123.49813880164584
41,110,106.01086674908584
41,111,113.73172043450177
41,112,93.23469664284494
41,113,95.30908317293506
41,114,115.3123688032938
41,115,99.96982074566768
41,116,107.56930523015035
41,117,97.59006813984888
41,118,100.7298455463897
41,119,81.62640669796383
41,120,85.88673113718687
41,121,85.37685031392903
41,122,80.39443498430774
41,123,92.35657591317431
42,1,181.63168639199284
42,2,187.24221247824607
42,3,163.26944930752506
42,4,177.65392667599372
42,5,164.9625839595974
42,6,181.36862621030014
42,7,180.49872360946028
42,8,169.12243565938843
42,9,197.85296534220106
42,10,189.37522728872136
42,11,178.38911197599373
42,12,173.4312526882277
42,13,170.47409376657743
42,14,190.72487690176058
42,15,173.56748218466237
42,16,177.6863698632078
42,17,175.83508879388683
42,18,166.62744192343962
42,19,194.48571005507256
42,20,166.15061724530824
42,21,176.17780824186048
42,22,175.72041525553504
42,23,192.40434927253227
42,24,171.09405961328594
42,25,165.1100484760973
42,26,182.3305754090543
42,27,177.42734118620865
42,28,175.65857955654792
42,29,180.98756702474202
42,30,176.75694403008674
42,31,188.30472005860065
42,32,198.30091187015933
42,33,176.75418666361657
42,34,176.0737388318812
42,35,162.40837992844172
42,36,172.33574699782184
42,37,162.50657465822587
42,38,186.05414851967362
42,39,172.8774117797584
42,40,171.72971033067734
42,41,181.28561118105426
42,42,175.3067907843797
42,43,193.0952112126397
42,44,171.22655530285556
42,45,173.38758845967823
42,46,170.01563392428216
42,47,177.84941448022437
42,48,188.80720534471038
42,49,177.29568492037652
42,50,177.49846551673545
42,51,180.81859775420162
42,52,164.11681581982702
42,53,177.53059437402408
42,54,178.0912093331135
42,55,166.8237790082203
42,56,152.69330353369878
42,57,190.81773222422635
42,58,161.9947002139961
42,59,181.15411322489672
42,60,159.39181358419592
42,61,175.8226961936598
42,62,170.6722501028853
42,63,180.49004522385076
42,64,164.04828110181552
42,65,170.8643112140271
42,66,172.61196951211605
42,67,173.70532190258382
42,68,165.45863895505317
42,69,167.22719391631836
42,70,163.05127202582662
42,71,171.99263136225636
42,72,173.52454349894833
42,73,165.18217420997098
42,74,168.66235824787873
42,75,181.20678610108735
42,76,147.32067554967944
42,77,154.3645716894971
42,78,160.35862225005985
42,79,139.36214633005147
42,80,158.73952615041344
42,81,158.32075146678835
42,82,147.699515839151
42,83,146.82502975942043
42,84,156.47850344287872
42,85,153.12051847159455
42,86,151.38706246785296
42,87,165.8724410411087
42,88,151.77993206439714
42,89,164.4430974983843
42,90,167.02191445032076
42,91,164.83959128629067
42,92,162.0917410071852
42,93,154.96541833526862
42,94,148.68916574050672
42,95,158.1502294788952
42,96,141.42051182329305
42,97,156.75675721783773
42,98,146.72529858090275
42,99,139.69537329110608
42,100,132.78272396807733
42,101,150.9863941873191
42,102,153.6894323502056
42,103,138.34699532476952
42,104,135.22418756771367
42,105,147.42129517286958
42,106,135.87289749116462
42,107,139.23109069395286
42,108,131.7397693356761
42,109,133.45102808286902
42,110,137.1115417106048
42,111,141.0152901425754
42,112,134.55725207718206
42,113,129.9386899767269
42,114,122.31039769861673
42,115,117.5248540497414
42,116,127.55730983630929
42,117,120.49896626645932
42,118,136.00569187563087
42,119,124.77188727018074
42,120,135.91841380258847
42,121,118.82212408086343
42,122,107.82477457365894
42,123,117.02264396916144
42,124,120.5082793100446
42,125,117.28875497019908
42,126,126.06384481400892
42,127,123.87183181592263
42,128,107.2136572861491
42,129,108.27311315767292
42,130,96.88300690492906
42,131,121.62341053858108
42,132,103.117151645798
42,133,117.4498996600887
42,134,90.56938296339649
42,135,96.9143745580659
42,136,94.7372318921116
42,137,97.89960361426347
42,138,96.24819940613816
42,139,86.43231706344523
42,140,92.02106300411106
42,141,85.01805206984864
42,142,81.61423723757616
42,143,76.5101060434099
42,144,72.0776929740532
42,145,91.03066343156388
42,146,85.92533566932252
42,147,79.90688546969614
42,148,60.11693549757183
42,149,65.08380283201404
42,150,74.77390241913963
42,151,50.41483326467278
42,152,50.52759104696452
42,153,66.86378357211652
42,154,41.14945893752156
42,155,46.57241557689849
42,156,41.785485341300955
43,1,157.0393926211982
43,2,164.09216186628328
43,3,162.9036272345984
43,4,152.56442650905228
43,5,154.29842068579455
43,6,154.96736920328112
43,7,159.99391833679692
43,8,163.6295261510968
43,9,151.9519772012718
43,10,150.76382958490285
43,11,142.46641860848467
43,12,157.92848715181754
43,13,156.67241434505559
43,14,160.0535582549055
43,15,151.47091384083615
43,16,131.677523282342
43,17,153.670017049124
43,18,156.121253581965
43,19,151.7847802122269
43,20,162.45900806660939
43,21,133.07263631805836
43,22,151.19518567505293
43,23,149.79530798859196
43,24,148.82281534241338
43,25,141.54625354368181
43,26,152.1314208174008
43,27,153.6953906963172
43,28,141.17330743280763
43,29,150.47416613274254
43,30,147.1113220910338
43,31,157.21166392293526
43,32,146.4692073088081
43,33,141.96631122105464
43,34,146.75253393649473
43,35,144.88232264030376
43,36,151.03599981300067
43,37,149.66136524826288
43,38,153.46986520009523
43,39,149.61631129850866
43,40,144.56418107505306
43,41,147.0322742395656
43,42,169.12551276911108
43,43,160.88221308351785
43,44,144.0765359778452
43,45,135.82477614366508
43,46,146.53957010470913
43,47,155.69868874418898
43,48,151.39650828481535
43,49,160.7436480709148
43,50,143.10363517611404
43,51,126.77190760640951
43,52,145.6721995761327
43,53,146.09415190694563
43,54,141.91125003284833
43,55,137.1072914910037
43,56,143.20744894946984
43,57,138.65936017115018
43,58,161.65447429365304
43,59,154.87700921826763
43,60,149.90236359706614
43,61,165.3388488812925
43,62,137.51275633220212
43,63,137.779564637749
43,64,148.5684971591254
43,65,144.43513181046
43,66,156.6202202149434
43,67,146.91890672220325
43,68,146.62445724906866
43,69,132.78818544688693
43,70,142.11210695529007
43,71,138.5072487017751
43,72,142.24227196953143
43,73,130.0673809370346
43,74,127.71389519544027
43,75,146.98820148417144
43,76,167.46156208278262
43,77,140.9449061237683
43,78,150.8123345470085
43,79,136.98558699224668
43,80,134.15374304320721
43,81,151.04725189704914
43,82,145.4033029225102
43,83,137.70801941966056
43,84,150.46108456449292
43,85,152.96310466254363
43,86,137.5931588569074
43,87,147.08403808085131
43,88,143.704437101449
43,89,143.02844583432307
43,90,138.01288988090528
43,91,127.05301941346261
43,92,130.06177604170807
43,93,142.68105409525742
43,94,131.05187006364577
43,95,126.88870403745386
43,96,131.82499596131674
43,97,145.60665722968406
43,98,140.20898818477872
43,99,145.53232083936746
43,100,136.59320911522082
43,101,128.18295135449443
43,102,124.30674672893656
43,103,149.4951552964194
43,104,118.38595499099756
43,105,122.04922562002321
43,106,111.42108192286105
43,107,128.9848139389651
43,108,144.27418247336755
43,109,133.09374180922168
43,110,117.18216671950358
43,111,124.11507855904347
43,112,134.1012637194508
43,113,133.00356171590101
43,114,130.39689586486202
43,115,130.49906416599697
43,116,124.44936670646712
43,117,120.3361866443156
43,118,130.84486316489347
43,119,116.90827558509773
43,120,150.0454996276094
43,121,133.10802013105422
43,122,123.78581385462894
43,123,132.50043995420856
43,124,123.49194804906438
43,125,150.13424986183236
43,126,124.58413441904122
43,127,112.15527980994375
43,128,120.36752448909101
43,129,112.04811029146367
43,130,112.71687214571284
43,131,132.48672423683456
43,132,128.99619460817485
43,133,126.66666238810285
43,134,116.08104137740156
43,135,125.28637554153102
43,136,125.15530649245193
43,137,140.2044595338375
43,138,119.50927823284292
43,139,108.51880104550219
43,140,111.32991518755443
43,141,110.68015591282165
43,142,131.59918052890862
43,143,110.13461881500552
43,144,113.37690786755411
43,145,106.24418814742239
43,146,115.49267125182087
43,147,119.88668280754064
43,148,102.57740317097341
43,149,109.96987557731336
43,150,125.68338058273366
43,151,109.04362497509283
43,152,126.31614264583914
43,153,106.22085901111132
43,154,109.81324795015098
43,155,124.30049993847206
43,156,101.01654378593958
43,157,110.50475285320135
43,158,113.19200082536554
43,159,100.73247140842432
43,160,111.77343597225263
43,161,118.37343214949942
43,162,93.65194657922257
43,163,110.23452602728503
43,164,101.98782375334122
43,165,100.50967764283996
43,166,99.05984958467889
43,167,90.45085560542066
43,168,97.12886112966225
43,169,96.38707688292197
43,170,89.81860650525778
43,171,100.12139407305222
43,172,79.73025344997586
44,1,151.60984014489804
44,2,137.70400932557823
44,3,144.32834489173547
44,4,156.82749567869178
44,5,146.69776841033308
44,6,147.70251638589252
44,7,139.59884185704868
44,8,152.0440503952268
44,9,139.55523662820633
44,10,127.89721154690778
44,11,119.91640748397913
44,12,131.5259711362305
44,13,148.65524977575114
44,14,145.0978362353053
44,15,136.19053315882047
44,16,127.69964200316463
44,17,124.54300706268987
44,18,144.829494703401
44,19,140.01989873677667
44,20,147.56734261798556
44,21,137.0785201539402
44,22,133.979048643203
44,23,144.71058489421557
44,24,151.76862331504526
44,25,145.80250841676025
44,26,150.44283380189154
44,27,150.1352939484932
44,28,125.60372302039468
44,29,157.84915215882938
44,30,148.52916981485032
44,31,135.20872209045046
44,32,131.5207406196423
44,33,135.9367751043319
44,34,138.3163644981396
44,35,146.97945533324673
44,36,142.109707482261
44,37,144.94454250848503
44,38,137.6459428460803
44,39,117.89630164587288
44,40,143.1346292655362
44,41,131.21003800677136
44,42,137.04852777869382
44,43,141.7467834645504
44,44,139.77724739073892
44,45,136.1842202480475
44,46,127.14131158226519
44,47,125.25749426354014
44,48,133.43345238012262
44,49,138.66095998692617
44,50,141.9915246481105
44,51,121.58387690299423
44,52,133.36222180424375
44,53,141.54933893370617
44,54,118.70499240602658
45,1,112.80845809454331
45,2,120.18119089439278
45,3,104.35274310440582
45,4,115.21756800361618
45,5,114.81214711329085
45,6,129.72569831687724
45,7,119.30837377048738
45,8,134.5944947082171
45,9,117.73865991272032
45,10,124.42729175355635
45,11,106.87821117401472
45,12,109.77203953753633
45,13,131.01744730609062
45,14,119.18986227146524
45,15,118.37681658184738
45,16,126.3122125071095
45,17,127.99544835637789
45,18,128.5233193738968
45,19,138.1132324175269
45,20,126.66219947447826
45,21,117.99935369269224
45,22,108.34148117603036
45,23,124.75274490150332
45,24,127.1170448219491
45,25,106.71221045908169
45,26,114.2299455270404
45,27,113.92605042138894
45,28,128.3328430076508
45,29,133.0130379324546
45,30,112.61424213496502
45,31,111.97959753285977
45,32,108.05101135346922
45,33,119.22716819004563
45,34,121.19512497737014
45,35,121.0936058465013
45,36,119.28417962009553
45,37,111.94512156427663
45,38,113.24291864523548
45,39,117.20484610756102
45,40,125.3973385142599
45,41,108.05976165016182
45,42,108.52273027460615
45,43,121.46826353154029
45,44,127.63182420677913
45,45,127.25457384243782
45,46,97.47780161348055
45,47,100.71699538246321
45,48,128.96011478420405
45,49,120.41939916764386
45,50,113.14538139023352
45,51,126.63999542682723
45,52,117.9043459329987
45,53,113.6574022150744
45,54,100.90734299240285
45,55,112.03714852346457
45,56,123.92885672548437
45,57,117.55296203466423
45,58,119.54126809815352
45,59,111.07951004772622
45,60,111.01132695564593
45,61,111.76654846643214
45,62,114.9961996327911
45,63,122.03001949129975
45,64,115.20485949113208
45,65,114.643196024801
45,66,104.52197473141132
45,67,106.4784083981067
45,68,114.49910127178009
45,69,124.77163178109913
45,70,125.04079935650225
45,71,109.4731382134778
45,72,114.21662528616434
45,73,124.3228190929949
45,74,125.84646152540518
45,75,118.78872816514922
45,76,101.18542331909703
45,77,112.9705708683905
45,78,115.35718519837246
45,79,125.56674612722418
45,80,125.03374236922537
45,81,90.5867316731019
45,82,120.67781846105936
45,83,121.87039674552216
45,84,124.00151548831491
45,85,114.0650906185474
45,86,109.42727599637874
45,87,113.83750699425582
45,88,111.0487079435843
45,89,112.97510213890928
45,90,107.01218531133782
45,91,100.03954525060544
45,92,116.36763132597844
45,93,104.51071253840928
45,94,109.88995169494592
45,95,113.41722758686228
45,96,113.05073068848287
45,97,121.61148399702506
45,98,100.16389793025155
45,99,107.92189838057675
45,100,114.03946948016528
45,101,117.423417345286
45,102,118.27059893890691
45,103,98.96627930177783
45,104,99.52030318946345
45,105,107.77874274614442
45,106,114.83211170633149
45,107,112.75795426528202
45,108,98.90550874340988
45,109,101.46428059130267
45,110,92.9400874247658
45,111,110.83919302682625
45,112,101.61737855650426
45,113,123.8029508049367
45,114,102.51757629375788
45,115,117.81434123919462
45,116,108.3595477212657
45,117,89.84840390390309
45,118,101.99055710584798
45,119,112.3109138730506
45,120,106.86195870029042
45,121,99.22404536028625
45,122,99.43665934621822
45,123,116.12814508748124
45,124,105.58922500624612
45,125,103.7387262606353
45,126,105.62425041396637
45,127,118.47355248515669
45,128,87.25858331561903
45,129,89.36379538028268
45,130,99.51791303050413
45,131,90.56574393884512
45,132,98.56391470062954
45,133,127.98584553950059
45,134,110.25791318254778
45,135,91.94715911305684
45,136,85.15298959049687
45,137,99.41536764756893
45,138,78.04319078057597
45,139,98.67470259824768
45,140,102.2812986469362
45,141,96.11731544589566
45,142,102.82113960541028
45,143,98.54563170876645
45,144,77.5437965362944
45,145,106.305239904279
45,146,110.21141300360614
45,147,89.94084622111404
45,148,83.7927888752456
45,149,87.06924371537752
45,150,75.61582768447988
45,151,99.3974658662919
45,152,83.9365330026776
46,1,152.416024174192
46,2,151.96160062741546
46,3,132.46130037371768
46,4,120.9261694795714
46,5,129.5122106262279
46,6,133.12578070655582
46,7,139.5051874168421
46,8,136.94639244678547
46,9,148.59727539411688
46,10,134.28883233600936
46,11,128.35791269991023
46,12,151.56855396517494
46,13,135.07885195445851
46,14,114.35811935557285
46,15,148.2045623432059
46,16,124.83368580156821
46,17,152.96595788031118
46,18,132.5275446707965
46,19,127.77084504737286
46,20,151.1515310602408
46,21,125.96912766904279
46,22,142.94231502254843
46,23,134.71079204962007
46,24,144.89738903167017
46,25,125.00044846860692
46,26,131.01644957430835
46,27,133.65684471088753
46,28,131.8267903746455
46,29,120.83244817960076
46,30,141.49620554102876
46,31,143.18462890852243
46,32,139.09929148535593
46,33,130.6713076963788
46,34,138.4362201187614
46,35,126.41673011740204
46,36,130.17604436876718
46,37,114.54387237488118
46,38,137.0562834618613
46,39,136.933780710242
46,40,120.38922285223089
46,41,133.19277554008295
46,42,134.04913518113608
46,43,109.90135732630733
46,44,134.53583557918319
46,45,131.76340457747574
46,46,136.350587569279
46,47,145.64769391939626
46,48,130.87275170172506
46,49,140.93746295267192
46,50,126.17495856284222
46,51,133.67781476063828
46,52,124.16658786480548
46,53,135.86432076682104
46,54,122.58810843269748
46,55,130.51500959425175
46,56,99.87601458470454
46,57,130.4312339926546
46,58,122.0762028752506
46,59,134.5154908770637
46,60,140.2686607107753
46,61,108.89510697874357
46,62,118.52571363507013
46,63,123.91254767827922
46,64,142.8758299776091
46,65,121.00585074584524
46,66,135.263525211034
46,67,122.82521239428024
46,68,131.49210416228743
46,69,127.83756593515864
46,70,114.9606804948562
46,71,117.80782651514164
46,72,116.77167582081165
46,73,112.44147150419303
46,74,128.2839439452364
46,75,118.52167895819002
46,76,120.12186475959606
46,77,112.41163646853238
46,78,101.71420437384222
46,79,126.28645197128935
46,80,107.647383873933
46,81,120.64784222870367
46,82,132.3452978618443
46,83,123.6270143022848
46,84,120.83563065457565
46,85,109.9580275882472
46,86,115.84064550303447
46,87,107.27700219249527
46,88,115.615518658582
46,89,99.78126988680742
46,90,116.40280832319695
46,91,120.61694783593703
46,92,111.76768272191111
46,93,109.17120172589784
46,94,109.17584343087219
46,95,108.92269635586126
46,96,118.22217386364355
46,97,106.52949264124618
46,98,102.74790855596075
46,99,113.83883989234164
46,100,106.76904186104366
46,101,105.29185543151107
46,102,108.1226079067128
46,103,109.31922879410558
46,104,103.21057610235584
46,105,112.70313137299672
46,106,110.40933894380578
46,107,105.27334700588835
46,108,89.64763316164317
46,109,113.81446223730745
46,110,123.95132553299482
46,111,86.38726603768009
46,112,99.63423935777973
46,113,108.51794327476819
46,114,87.00709985810681
46,115,98.03207209250832
46,116,108.20119314834301
46,117,95.30096535496705
46,118,103.4098944390862
46,119,96.88125700587989
46,120,94.35994021978695
46,121,88.395678907822
46,122,104.99274933055858
46,123,86.46257035023882
46,124,107.4933432409598
46,125,80.58123843895737
46,126,75.91918925569917
46,127,89.59783093367878
46,128,82.98749651547405
46,129,90.65491519600619
46,130,71.78082706571149
46,131,77.9509520741558
46,132,68.32362538290909
46,133,87.94725829354138
46,134,81.20204152418592
46,135,86.08451532156323
46,136,65.5955922389112
46,137,82.60161158099072
46,138,70.97337035206147
46,139,68.12196069440688
46,140,73.82206939006574
46,141,80.72647461600718
46,142,68.43719900243741
46,143,75.61148849016172
46,144,67.39405006195011
46,145,56.18054487442714
46,146,66.64988498165621
47,1,102.7312230933021
47,2,106.56561909371521
47,3,109.82391549790918
47,4,113.5883040750341
47,5,105.65498902529362
47,6,107.50851872753992
47,7,115.05211546212377
47,8,119.94360819959547
47,9,127.09832904890936
47,10,96.30796536142589
47,11,121.75087998317031
47,12,114.68554596202739
47,13,121.60865379673487
47,14,119.7057588223397
47,15,107.31245667967596
47,16,114.01586989781936
47,17,111.74454950605286
47,18,117.95954683427408
47,19,110.29259351485234
47,20,113.58739553994383
47,21,110.80392615415622
47,22,103.76564925166895
47,23,102.67746161438117
47,24,114.40301438534516
47,25,130.72345378821774
47,26,113.99411126248015
47,27,116.85432598425541
47,28,89.74366632000601
47,29,117.52569985986338
47,30,120.06415691351867
47,31,116.95846271565824
47,32,108.67959173227428
47,33,123.44475926237646
47,34,107.18696229507623
47,35,121.63073690062447
47,36,129.83023736291216
47,37,100.48969408523408
47,38,117.12004422245082
47,39,119.846597441021
47,40,115.53780524675676
47,41,117.88449050018971
47,42,94.79267964369501
47,43,113.0375533105398
47,44,115.2931665492506
47,45,113.26588150873431
47,46,103.60051504649164
47,47,124.37676559264946
47,48,116.35818857306731
47,49,98.18029092087818
47,50,122.99067219511198
47,51,134.51346924941754
47,52,115.47999053815147
47,53,120.61813883225841
47,54,124.51398780182353
47,55,111.39072791027138
47,56,115.39574091142276
47,57,106.2291639624018
47,58,114.34330127283465
47,59,110.3881685869128
47,60,115.93121821673412
47,61,112.70409847721749
47,62,111.62583773663209
47,63,118.29713326813362
47,64,118.42917501350166
47,65,84.91401670614141
47,66,100.39181933997315
47,67,115.27473721106071
47,68,125.59849274941371
47,69,107.7798153613112
47,70,109.37477356789168
47,71,114.96890534293198
47,72,114.62607460221625
47,73,125.97318492994236
48,1,144.31992335926043
48,2,146.639561176984
48,3,138.29370463290252
48,4,138.80627688647655
48,5,143.66770536350668
48,6,153.84413001607754
48,7,132.81921414662793
48,8,153.13888147608668
48,9,137.4120474308147
48,10,147.79443210510362
48,11,136.21620664065995
48,12,131.81074662630272
48,13,141.6146046201029
48,14,140.16285893859458
48,15,130.0892577020859
48,16,136.11580774407776
48,17,151.05934058122511
48,18,141.2951779798168
48,19,125.24362873818609
48,20,142.9080403123662
48,21,160.42097730202659
48,22,135.34431917025358
48,23,131.16727802949026
48,24,136.279078463951
48,25,145.36172969236213
48,26,138.91203414081247
48,27,139.5821498241712
48,28,140.87390410043008
48,29,124.61086195269309
48,30,127.23546660832653
48,31,146.99150741501944
48,32,134.67569446848938
48,33,143.878042562239
48,34,143.32113547206973
48,35,129.92145397231798
48,36,131.73157995010843
48,37,130.28002198820468
48,38,138.066790308294
48,39,145.65939551230986
48,40,131.24893779891136
48,41,141.16607162338914
48,42,151.38204218675673
48,43,130.11213551623223
48,44,117.06445654893469
48,45,145.04967705302988
48,46,141.85772020822333
48,47,138.6938243551558
48,48,127.45940616971347
48,49,131.68907723910525
48,50,118.75164797301113
48,51,136.66021941398503
48,52,142.906201955906
48,53,127.87169731160975
48,54,139.43970133380208
48,55,133.635462528473
48,56,133.670205098897
48,57,142.53576574477484
48,58,139.06934820422612
48,59,126.985485976169
48,60,136.78338437095226
48,61,126.85917680952116
48,62,125.9106084889936
48,63,128.13135648645402
48,64,128.74095710112306
48,65,123.49343796250469
48,66,139.37436285633885
48,67,144.8408712107048
48,68,129.06107008877734
48,69,133.9739978203579
48,70,137.1223167385033
48,71,127.6174229413009
48,72,112.62175335556094
48,73,119.66099687207316
48,74,123.40170330701221
48,75,126.36760161982966
48,76,120.25373005418805
48,77,128.78631538875925
48,78,121.12423626850068
49,1,157.40415675772238
49,2,192.39018508758454
49,3,171.18613396797446
49,4,171.0297520159511
49,5,183.3533109591517
49,6,170.78543107930454
49,7,180.38668325918843
49,8,184.6563523341756
49,9,176.21684509115585
49,10,180.88751486646652
49,11,184.97777495840273
49,12,167.6880883488775
49,13,158.11300537847274
49,14,179.8580158300756
49,15,189.98134938556177
49,16,178.5805284812668
49,17,194.32574558097986
49,18,170.2421343793976
49,19,188.35777112848882
49,20,177.01295231608674
49,21,180.11863508050737
49,22,167.65719408614677
49,23,179.68337148529827
49,24,181.76014232124726
49,25,187.77603069740871
49,26,183.4575764832407
49,27,175.77443554374622
49,28,164.8560974210268
49,29,160.2271269417397
49,30,180.06321566650877
49,31,177.2181596892333
49,32,172.3166294717521
49,33,170.1140525311639
49,34,179.99351289092738
49,35,173.51022512099007
49,36,173.90109485664289
49,37,176.3917287228105
49,38,172.11642045428744
49,39,176.33096909894084
49,40,178.0090063008538
49,41,182.0537829324312
49,42,166.3460955080227
49,43,169.5357137774845
49,44,159.56022819037025
49,45,162.78776853633462
49,46,143.1641662149923
49,47,165.8951874087943
49,48,172.94595266878605
49,49,178.39268394238024
49,50,176.20774519287806
49,51,172.816408572995
49,52,175.3775053822901
49,53,159.122754383774
49,54,169.1081005258602
49,55,166.88511352663045
49,56,177.43780298570346
49,57,166.72279256003094
49,58,180.93699511406885
49,59,168.97607825213345
49,60,173.2141872975335
49,61,174.53596153149556
49,62,178.6354662910744
49,63,178.96849250778905
49,64,182.67743504497048
49,65,166.55918299770565
49,66,171.35598281734565
49,67,180.05792535486398
49,68,157.35117783286842
49,69,172.3701339593099
49,70,171.2453410206508
49,71,172.8727553990757
49,72,169.51951155236748
49,73,172.3067005689809
49,74,183.7947685928084
49,75,167.43726522004
49,76,171.4648754652444
49,77,182.62907577761507
49,78,175.4558141881571
49,79,161.738186210423
49,80,173.30961296531314
49,81,176.9487839135545
49,82,165.08302502061997
49,83,185.20842155748687
49,84,180.14927529152192
49,85,174.24817572860047
49,86,184.0441876405239
49,87,160.12070435234637
49,88,152.76221380107745
49,89,178.62228934722953
49,90,169.66793851954571
49,91,180.98870538713527
49,92,170.7817360697809
49,93,154.55731068519526
49,94,160.36256084661
49,95,170.71556296102062
49,96,172.45452799840132
49,97,169.90265414313762
49,98,166.538885738526
49,99,174.68973549816292
49,100,166.6541872988455
49,101,173.66579480405198
49,102,159.96073295651877
49,103,164.87865697529924
49,104,166.00119857188838
49,105,171.54264174692798
49,106,174.2145192566968
49,107,170.38384228416544
49,108,166.38708886266977
49,109,173.80274282094615
49,110,168.02299415347807
49,111,180.35959597531473
49,112,147.1862084485765
49,113,162.7712237194064
49,114,173.19468641366984
49,115,163.71703590011748
49,116,194.0499570799875
49,117,155.90902550067403
49,118,168.288708033695
49,119,147.2956141448667
49,120,170.1772303530015
49,121,150.20290372917952
49,122,148.14154447006877
49,123,168.27940876135835
49,124,169.81586423475528
49,125,149.53930747778213
49,126,165.18245113192825
49,127,171.579279987287
49,128,168.70250443383702
49,129,144.91162634456123
49,130,170.1588149824238
49,131,166.51458164506766
49,132,159.31576568985474
49,133,156.61549847823335
49,134,162.44216759715346
49,135,158.91765966628736
49,136,163.62141303509998
49,137,169.84719292697264
49,138,163.12955727119697
49,139,150.61231951786613
49,140,163.2152686573245
49,141,155.77348310405796
49,142,160.68890756211476
49,143,153.59630843318882
49,144,165.61934814054985
49,145,145.07666978069756
49,146,168.82506684114924
49,147,152.44357375969412
49,148,166.9782496511325
49,149,150.86630473213154
49,150,155.81412775526405
49,151,157.97325673715386
49,152,155.3073650670558
49,153,171.78357660898473
49,154,153.05718967330176
49,155,168.5205651801807
49,156,161.18695996254974
49,157,162.97818851108605
49,158,155.3326203647739
49,159,157.88876777033147
49,160,151.9730044281314
49,161,151.02893837200827
49,162,162.58457335362618
49,163,169.27093058815808
49,164,140.85426553786965
49,165,149.7802400898072
49,166,151.81220268081233
49,167,137.12768646412587
49,168,146.4172696016467
49,169,147.5190335598163
49,170,141.8215145622671
49,171,161.50401603516366
49,172,138.99165889210417
49,173,149.58233761621523
49,174,168.9411146480561
49,175,147.42991231485212
49,176,137.61203805773403
49,177,151.42784011203912
49,178,158.6995501574129
49,179,157.4528391869826
49,180,161.89427449739014
49,181,141.946298913419
49,182,135.7066417717724
49,183,150.62203705107095
49,184,132.7615517466329
49,185,144.36379712044436
49,186,159.44766587326012
49,187,137.83184381159663
49,188,152.06239592682687
49,189,153.13736649802013
49,190,133.65928991757391
49,191,155.70680892994278
49,192,147.4993009192258
49,193,138.9721077442955
49,194,132.29397494329896
49,195,153.95503177565115
49,196,142.275714592266
49,197,139.70399062565411
49,198,139.68899032712216
49,199,142.7469591103727
49,200,138.4767268825235
49,201,161.1585253138037
49,202,125.46066878277634
49,203,133.1260603106639
49,204,141.72109768512018
49,205,126.23772245764849
49,206,132.14962649716472
49,207,128.8082436088007
49,208,142.96771744098805
49,209,121.01707500960038
49,210,122.82508963796136
49,211,131.44053733679175
49,212,124.54447136826639
49,213,132.92517588456394
49,214,122.27749274471716
49,215,120.10234761996253
49,216,130.4445075638505
49,217,125.88801872519252
49,218,139.3854570104013
49,219,115.71710881433683
49,220,136.31246421163087
49,221,123.3430101784761
49,222,137.58329308011162
49,223,124.31380404267111
49,224,123.5374968512333
49,225,124.47535225588945
49,226,127.40054292863351
49,227,121.35148575808853
49,228,114.66906623824616
49,229,111.07115140005772
49,230,126.21157908058376
49,231,125.82278212015808
49,232,122.27759821947257
49,233,120.19577372870117
49,234,111.43264378137246
49,235,134.34883979463484
49,236,130.01857065861986
49,237,111.32512103623594
49,238,110.65485819125024
49,239,121.9265095765004
49,240,120.32706950233842
49,241,115.05593997785763
49,242,111.03913799396832
49,243,104.12168649310479
49,244,109.14524255288416
49,245,126.51660840252589
49,246,97.37567839607073
49,247,106.31876552809263
49,248,102.57804699424014
49,249,108.61759291302587
49,250,94.33271593689278
49,251,105.90863443016133
49,252,108.81956549671304
49,253,104.24372636285261
49,254,101.95200885878876
49,255,111.78771186404629
49,256,101.89219426657655
49,257,96.55283588044404
49,258,111.21601091195771
49,259,88.17543493950507
49,260,90.73916958573682
49,261,104.83069116293336
49,262,106.3030537533923
49,263,76.11981526158343
49,264,105.86299469333608
49,265,90.0301589321898
49,266,86.25223899971752
49,267,74.21827311824018
49,268,84.46112725428247
49,269,86.66307475064241
49,270,74.8954441632668
49,271,83.79883612247068
49,272,79.95262007288693
49,273,81.06832596167806
49,274,77.95953743095743
49,275,84.88220179652853
49,276,86.22958835928875
49,277,74.45394703802594
49,278,82.73388825400616
49,279,66.91482729984273
49,280,77.56179582572076
49,281,70.10982730198884
49,282,72.11244423520111
49,283,69.05682367323607
49,284,80.7343248528341
49,285,77.2295099926414
49,286,67.06270398420747
49,287,67.82972912339028
49,288,70.15902914191247
49,289,57.77020861627534
49,290,58.98993462485669
49,291,62.74449209780141
49,292,64.88970406440785
49,293,51.06977414430003
49,294,39.86365157717955
49,295,37.515868491871515
49,296,47.24627892658464
49,297,47.503043234406505
49,298,34.10767434925947
49,299,54.94683071284089
49,300,42.997050949401455
49,301,35.52670642276644
49,302,50.32982604096469
49,303,23.682488781021675
50,1,155.85955345755792
50,2,152.06002485043427
50,3,160.47949610945943
50,4,168.38147313027002
50,5,155.3132710660866
50,6,166.06196850608103
50,7,144.43649924057536
50,8,149.64622267543746
50,9,155.14352780440822
50,10,145.86189255700447
50,11,162.55657990681357
50,12,171.45666036795592
50,13,158.36544901880552
50,14,156.50740111728373
50,15,149.53437761389068
50,16,153.5186275678425
50,17,141.91152238678478
50,18,163.99899317322706
50,19,164.39967085012177
50,20,150.69442530427477
50,21,161.88876888886443
50,22,163.55256288593228
50,23,150.56672972165688
50,24,150.8660539361299
50,25,159.71302689537697
50,26,145.62092153892445
50,27,165.49842088278092
50,28,159.90380063277553
50,29,170.9253195161873
50,30,166.92957903983188
50,31,157.75155053417257
50,32,153.58838499062404
50,33,146.48366260231705
50,34,161.27697718181298
50,35,137.7761972284934
50,36,172.8928689732711
50,37,159.14220616778766
50,38,157.70889801603334
50,39,163.64221454103244
50,40,152.0242608296685
50,41,148.28700080752606
50,42,156.93413008052448
50,43,153.6138116229704
50,44,146.58061602131056
50,45,141.82775366884016
50,46,136.5838330310944
50,47,144.64261219433683
50,48,151.00623095913033
50,49,136.3824256670341
50,50,142.9515894834185
50,51,146.75949318625499
50,52,167.25209943506343
50,53,157.4681944669428
50,54,163.6963411308243
50,55,154.12337557590217
50,56,167.66564969322644
50,57,149.09660869825166
50,58,132.75846293488576
50,59,133.11082702664135
50,60,145.18053441609663
50,61,134.5796886914759
50,62,141.62435541041486
50,63,141.42981146846432
50,64,155.34527710723341
50,65,136.24071023994475
50,66,132.68615059657895
50,67,162.09561668235983
50,68,142.9566859233455
50,69,131.98992660029035
50,70,132.91483787776087
50,71,141.7698744215595
50,72,128.68297860787425
50,73,137.23543338217132
50,74,127.73636737759807
51,1,163.96548676317616
51,2,135.97624776128214
51,3,156.6759922560159
51,4,147.46466210240033
51,5,149.00444726936985
51,6,162.4849176384596
51,7,167.24542436432966
51,8,156.27699567133095
51,9,153.17119554596138
51,10,155.0088341983501
51,11,141.4824908911396
51,12,160.90492068597814
51,13,144.94844444742193
51,14,130.9363190895092
51,15,139.0271512306208
51,16,159.07683949060447
51,17,155.28540841121867
51,18,153.63573523881496
51,19,141.79077385165147
51,20,159.7957776660478
51,21,142.48349212729954
51,22,150.84771171252942
51,23,144.00583255922538
51,24,141.73389719275292
51,25,145.8885830129002
51,26,122.87194902070041
51,27,154.96243221989425
51,28,141.5832795699098
51,29,155.94682698164252
51,30,133.5007380562165
51,31,151.58224484146922
51,32,119.50083276398072
51,33,143.1999778594327
51,34,144.83251074397413
51,35,156.16975985579484
51,36,148.78173755890748
51,37,150.6090671322163
51,38,130.2500227974524
51,39,156.6006571850594
51,40,150.28804895840585
51,41,131.9846761138324
51,42,135.50128831078473
51,43,136.25358262962254
51,44,135.83643492015835
51,45,131.53012777147524
51,46,138.61961211364542
51,47,151.95350115121983
51,48,139.6832146589004
51,49,149.97565930605924
51,50,151.16746041532315
51,51,165.92508927977178
51,52,143.9447517406079
51,53,144.35028726885503
51,54,133.3900462602178
51,55,133.13851122143387
51,56,139.61856221366907
51,57,141.85439946921542
51,58,146.97804880332842
51,59,145.48440360245877
51,60,139.92716526404547
51,61,157.61449126484513
51,62,144.42647223905078
51,63,138.70415060744563
51,64,144.19742505239265
51,65,155.71141498269571
51,66,143.9981590819807
51,67,139.96736165879702
51,68,142.06927792511124
51,69,150.68388462286384
51,70,144.8701199072093
51,71,147.95379301623325
51,72,149.27834489212546
51,73,128.21232236262586
51,74,132.65223963797325
51,75,143.51467906252947
51,76,146.58639786293497
51,77,151.27646934190125
51,78,137.5272769482399
51,79,129.65664682464558
51,80,138.95614388684044
51,81,129.8336158391321
51,82,146.7463371619233
51,83,143.91527617674728
51,84,148.80942980236432
51,85,148.23839141450298
51,86,132.25762124205357
51,87,143.27525993228483
51,88,131.81928470445564
51,89,124.01445934038202
51,90,131.0245945246279
51,91,142.97306354650937
51,92,137.17680629220558
51,93,129.09809154200775
51,94,132.96573275739502
51,95,131.87612074973003
51,96,131.82119765607058
51,97,139.22970380881452
51,98,144.76751536231313
51,99,119.96272746923205
51,100,142.70411385933403
51,101,141.53834309209196
51,102,139.53973135430715
51,103,149.53826114210824
51,104,129.39616689065588
51,105,131.35368430698873
51,106,123.63017219868198
51,107,140.58335340009944
51,108,154.91574553486134
51,109,146.9155772488739
51,110,138.4953847052093
51,111,134.20511043014994
51,112,133.30584480437392
51,113,134.5070890510251
51,114,126.47726356048952
51,115,127.96653227153001
51,116,131.50034565133683
51,117,149.9318584458524
51,118,127.93306063194177
51,119,120.17715405997296
51,120,143.18627075734548
51,121,110.3057472895598
51,122,121.9480277828552
51,123,123.89483276692044
51,124,124.0483877582592
51,125,120.25051835333579
51,126,147.65936092106858
51,127,125.59211976482766
51,128,122.41864507451828
51,129,133.14795335909002
51,130,113.40546108155104
51,131,129.7526662585151
51,132,118.98618243736564
51,133,121.91483871854143
51,134,133.65555739485717
51,135,109.64000874555495
51,136,131.31241209973814
51,137,111.47764516946336
51,138,121.3252785129589
51,139,122.58776674073306
51,140,130.67379350190458
51,141,110.96055901932414
51,142,116.94588878174545
51,143,123.13868855654437
51,144,119.30283566593425
52,1,214.03312381803698
52,2,195.5170295939024
52,3,197.35858484380879
52,4,209.12401767646952
52,5,204.37936027807882
52,6,205.90962508697703
52,7,182.1800205319305
52,8,180.2146858801134
52,9,216.46961382572772
52,10,194.30709399654006
52,11,198.61081620602636
52,12,187.59365571918897
52,13,190.00230167373957
52,14,189.5168430837657
52,15,186.0670371128217
52,16,195.70579046127386
52,17,189.72721130526043
52,18,186.05151287055924
52,19,200.5756331923767
52,20,184.50761194800725
52,21,194.08165433976683
52,22,181.6805213264306
52,23,203.87170487498224
52,24,184.46145904155856
52,25,203.96669246139936
52,26,189.57521220640047
52,27,189.9984954255924
52,28,193.45280057674972
52,29,177.13189801618864
52,30,207.6728382435831
52,31,186.28712265143986
52,32,183.56951131272945
52,33,187.50350779386645
52,34,191.27141921315342
52,35,190.9801408205385
52,36,194.3394629200775
52,37,203.16267484340642
52,38,194.53202468420204
52,39,196.79132736151223
52,40,174.48711007392558
52,41,199.32016714158817
52,42,213.88068235103856
52,43,194.14635807694867
52,44,180.3387323707866
52,45,189.7146813142317
52,46,187.8082235372276
52,47,183.240019785575
52,48,195.0594116803113
52,49,178.22469749604352
52,50,193.72259679182025
52,51,178.89195167335856
52,52,190.93433516588993
52,53,181.42106725166377
52,54,198.8971161579102
52,55,190.75050137835206
52,56,180.551779559406
52,57,180.4110726006911
52,58,176.1353524815786
52,59,206.0576050686359
52,60,178.9166948300408
52,61,197.01973931124667
52,62,186.34921393269906
52,63,187.60833694256144
52,64,192.79481404724356
52,65,187.93816328336834
52,66,190.59735953231575
52,67,185.56271645310335
52,68,188.01962396212912
52,69,181.49539693623956
52,70,183.7527577020519
52,71,176.33049388011568
52,72,181.5880003687489
52,73,197.22656538241426
52,74,176.14767804798612
52,75,174.02313932600373
52,76,184.71363532650867
52,77,185.14454328075226
52,78,184.9099855487584
52,79,180.4347091451782
52,80,167.61249013216002
52,81,180.06217171925528
52,82,170.29833496872743
52,83,191.68718341218482
52,84,190.598245950634
52,85,188.47215886659978
52,86,180.4668297849421
52,87,172.66797176375985
52,88,184.52762678325234
52,89,189.04216958583856
52,90,169.10830668077688
52,91,185.10846656556532
52,92,164.0899652568478
52,93,171.656951575962
52,94,178.51649570466543
52,95,186.90184398739075
52,96,158.9438042264228
52,97,185.77296189955086
52,98,172.00483515379892
52,99,166.91822889570903
52,100,180.21713173894386
52,101,169.3295163721341
52,102,183.26041494157107
52,103,186.9608464037883
52,104,178.95584934695216
52,105,172.87442779169942
52,106,180.28390905147535
52,107,157.1792325151182
52,108,161.4958518649364
52,109,179.31736738191103
52,110,175.38801794072788
52,111,166.84215144845075
52,112,163.72693377277756
52,113,173.308789631119
52,114,159.51140876754653
52,115,175.4252991355752
52,116,164.0582762833219
52,117,152.12017543842376
52,118,162.95052688090072
52,119,158.82229849344003
52,120,156.97563409146096
52,121,151.0884004727268
52,122,168.24807118812168
52,123,167.03676311162417
52,124,173.41450052337314
52,125,172.97728708594514
52,126,164.86717957723886
52,127,173.04277563469077
52,128,177.08838839104283
52,129,151.5055062501924
52,130,159.6941395822796
52,131,175.5068656268122
52,132,156.16043488918513
52,133,159.6687327275722
52,134,152.37553073333402
52,135,136.84473973544664
52,136,159.4163191844127
52,137,133.61703343460977
52,138,151.0569659758621
52,139,144.07737251247454
52,140,139.63807137725234
52,141,133.13356646597094
52,142,131.04726076312363
52,143,144.9430225150718
52,144,150.02890322817257
52,145,128.8194223791943
52,146,141.3053194461536
52,147,143.95117438375019
52,148,136.32304757580278
52,149,139.0026624097518
52,150,138.40508090775984
52,151,138.21672640598263
52,152,125.82953309963341
52,153,121.55493347770243
52,154,132.45693170106097
52,155,133.32070941802522
52,156,126.40250267420197
52,157,124.90404482680606
52,158,129.51393256183655
52,159,121.3262473281502
52,160,110.01107621811389
52,161,125.96903085618396
52,162,132.88431361853145
52,163,129.49452207508148
52,164,111.2097630364733
52,165,121.31613890126755
52,166,120.20791646325961
52,167,106.67092139384476
52,168,92.36969695967855
52,169,111.91767577487917
52,170,106.8802315339999
52,171,97.12017087716958
52,172,104.67423089928343
52,173,96.1455594664003
52,174,87.61424356827047
52,175,91.20130286584026
52,176,104.07201952164178
52,177,108.63032689465035
52,178,82.24182031070814
52,179,74.36341378162615
52,180,89.29301614100405
52,181,64.79608030599775
52,182,86.60859301844903
52,183,85.35076781114913
52,184,72.43130347123952
52,185,82.68778699157701
52,186,81.3249062277755
52,187,62.38602900801925
52,188,75.35197806212818
52,189,49.09013620970654
53,1,166.20116279265494
53,2,166.02612960815895
53,3,166.446124335489
53,4,152.7158970640303
53,5,151.01301594040706
53,6,156.87414065434132
53,7,162.83581703933305
53,8,148.16629609724623
53,9,165.6757662385353
53,10,149.6799446453515
53,11,163.44798397317936
53,12,161.83138627030712
53,13,157.9424300652754
53,14,170.61976380810665
53,15,161.02653992635896
53,16,149.97889685876726
53,17,155.93015357518743
53,18,163.12046869689948
53,19,158.11520587539417
53,20,167.85507341813354
53,21,155.47606412305322
53,22,166.1690058378881
53,23,157.17055850858742
53,24,160.52542706108943
53,25,161.55015150933468
53,26,171.94312129756145
53,27,171.1660763407126
53,28,146.6445457652444
53,29,151.59515513214865
53,30,156.2203681111423
53,31,158.2815962392924
53,32,171.28305922297295
53,33,159.3589310903044
53,34,146.5203004115756
53,35,168.73827196804632
53,36,166.9558672451385
53,37,145.84033953759354
53,38,156.51128545365646
53,39,168.55618633546692
53,40,168.45706317646545
53,41,149.33231751689164
53,42,159.9819073179824
53,43,148.6973499160231
53,44,161.14244421903277
53,45,182.3012892245606
53,46,169.4218279807974
53,47,152.40518212488678
53,48,161.023583346323
53,49,148.85734468373994
53,50,149.9677626616467
53,51,145.88867539573403
53,52,155.1077865644329
53,53,139.72217414173065
53,54,142.02131181051664
53,55,143.9758454959665
53,56,157.8737338964711
53,57,151.86497197468998
53,58,149.58217655787303
53,59,151.85514622171468
53,60,156.00815508123196
53,61,161.49133482569596
53,62,152.0381126099819
53,63,150.45881118708348
53,64,164.29800717557373
53,65,134.74837449463666
53,66,142.2206204385002
53,67,139.53171950821707
53,68,142.07347045230563
53,69,153.36927337324596
53,70,148.3628106949909
53,71,143.73830501492193
53,72,136.70368561275245
53,73,142.29381894467224
53,74,142.43870657184743
53,75,140.8337285152229
53,76,151.976591317798
53,77,137.77249050559476
53,78,154.19566910048889
53,79,147.1976692504395
53,80,151.76448466190777
53,81,158.60083999448398
53,82,159.84020058455644
53,83,144.98373913238174
53,84,143.62239858762769
53,85,153.69966759449744
53,86,140.61872635381587
53,87,146.9507390497456
53,88,141.12468910637836
53,89,143.70155898372468
53,90,132.91836879965558
53,91,142.68005959711445
53,92,135.95445338655554
53,93,133.95191722195887
53,94,136.44984164307243
53,95,141.2235713701375
53,96,131.33933001940022
53,97,140.05703433486633
53,98,132.67917639062216
53,99,140.24926744187542
53,100,148.5811476491217
53,101,152.50605335114233
53,102,130.7405570143892
53,103,139.79691828388604
53,104,135.65777759290359
53,105,134.30175993419834
53,106,133.19652403860528
53,107,132.73192456329707
53,108,130.5656332509534
53,109,124.12348045583349
53,110,136.59814198181266
53,111,135.7137665618502
53,112,133.1577540190774
53,113,119.212229732977
53,114,117.97129536514694
53,115,109.55032246721385
53,116,134.7762341099442
53,117,117.01191349740839
53,118,106.5332490393921
53,119,111.79540728442953
53,120,110.02894310928241
53,121,122.98755836214696
53,122,120.83714040556515
53,123,125.80838308981038
53,124,111.88031672824582
53,125,122.35919012238446
53,126,120.17397920544317
53,127,102.3488221126754
53,128,108.47710095148068
53,129,115.96755859069526
53,130,113.30458239802101
53,131,119.17535045076511
53,132,107.44811714626849
53,133,112.74052763202053
53,134,100.99019258943736
53,135,97.85384108264407
53,136,108.45912953914376
53,137,101.52054830042471
53,138,107.57060756464489
53,139,98.73977019316226
53,140,118.71759598272911
53,141,84.18433904845733
53,142,91.55568101629615
53,143,91.0524530865805
53,144,98.60954385930381
53,145,75.94711569444917
53,146,85.46900327678304
53,147,81.03856561174325
53,148,89.26386539930536
53,149,77.33334795027622
53,150,96.99013141928299
53,151,76.36731380822312
53,152,68.22327622618468
53,153,92.95396583042748
53,154,75.77917482490011
53,155,82.658972919191
53,156,67.13964897325786
53,157,56.94429232888797
53,158,52.08117038595083
53,159,56.472922272922006
53,160,73.91538564076473
53,161,54.94235202913114
53,162,52.771838588654646
53,163,67.10337438993156
53,164,44.064646443905076
54,1,181.8826232618303
54,2,187.5840413083497
54,3,185.70782825669448
54,4,207.0326879700442
54,5,189.42566332824936
54,6,191.83159418497235
54,7,182.0747307454876
54,8,203.6495049474761
54,9,177.5868296531844
54,10,205.11220676307858
54,11,210.8800270359934
54,12,190.5911706311017
54,13,201.75896015934995
54,14,175.9751654786378
54,15,204.5406192746741
54,16,201.11220637989754
54,17,189.24215489072958
54,18,199.38306700173416
54,19,180.16159251898353
54,20,195.82481088131317
54,21,198.0972390313982
54,22,185.21166550445196
54,23,193.74493441032246
54,24,193.4974438608042
54,25,194.39330389819224
54,26,203.5648095945653
54,27,193.9924117592018
54,28,188.12727548598195
54,29,192.3469546615379
54,30,174.51815863327647
54,31,191.55658530342043
54,32,174.0444096607971
54,33,197.04340664528718
54,34,199.5589146541315
54,35,181.0897137124266
54,36,163.499919177455
54,37,192.6960358349461
54,38,174.48358916220604
54,39,187.97668349277228
54,40,183.76908420887776
54,41,182.32363640060066
54,42,187.56375910968927
54,43,200.73147456752486
54,44,188.6684985854663
54,45,188.27952078549424
54,46,207.4646616972168
54,47,185.5638980588992
54,48,173.41219843228464
54,49,173.47785919306625
54,50,181.17296339970198
54,51,191.52879212044354
54,52,176.98904033693543
54,53,181.05917592559126
54,54,191.95672798836313
54,55,189.72343048364564
54,56,189.76825426296273
54,57,180.96673648226715
54,58,194.73691187448276
54,59,174.89288567566837
54,60,177.62532518764783
54,61,177.63459255729686
54,62,195.6497544729791
54,63,186.14110692856775
54,64,174.71972371080483
54,65,182.24389293145214
54,66,185.3669840251241
54,67,200.1887431289797
54,68,191.77296038380882
54,69,165.80834277326358
54,70,179.17753918789094
54,71,176.98774009617046
54,72,171.60056478258048
54,73,169.60534927577828
54,74,187.89493996200326
54,75,186.18412581550365
54,76,181.9295524788322
54,77,164.42931382950337
54,78,170.6698442622146
54,79,180.03042363309942
54,80,187.36464356577198
54,81,209.32896624201385
54,82,184.8560506347858
54,83,186.24691146309488
54,84,178.29878653223568
54,85,158.05520964231982
54,86,179.79880866335589
54,87,181.7284871761658
54,88,182.0381125970889
54,89,170.96113304687606
54,90,177.70854195290303
54,91,174.3545379874995
54,92,170.02013172139414
54,93,183.0426233959879
54,94,180.06302575448353
54,95,177.82578159037803
54,96,174.47513720845745
54,97,174.77331938463612
54,98,169.27039379141934
54,99,172.6472051484161
54,100,172.64525841399154
54,101,159.22245467435278
54,102,164.8821676406369
54,103,161.59803827738506
54,104,165.68407088174718
54,105,182.16978566916077
54,106,152.58023354117176
54,107,181.88301400899945
54,108,166.0392164169025
54,109,151.12013140166528
54,110,146.14784624730237
54,111,151.08410369687772
54,112,161.7576203429344
54,113,170.29208964695863
54,114,171.12975299732352
54,115,163.69803280978522
54,116,169.06966007077426
54,117,157.75476043857634
54,118,152.86112531246908
54,119,152.89482498602592
54,120,165.8076674255717
54,121,168.36108500773844
55,1,146.7894226645003
55,2,145.3982045376615
55,3,178.39817313720414
55,4,161.69678075429692
55,5,159.848511824428
55,6,164.17975404857134
55,7,166.12669988611015
55,8,153.73125165948295
55,9,157.54454471614736
55,10,155.80504675784323
55,11,176.94298235273163
55,12,154.46318162542593
55,13,154.72650884935865
55,14,156.61063505194033
55,15,156.66758309837314
55,16,166.7144594397978
55,17,160.0832904947747
55,18,151.12382246137713
55,19,151.165525509874
55,20,154.49399936490227
55,21,170.6694209187117
55,22,168.23061493023124
55,23,145.27465422840032
55,24,167.2764334995445
55,25,161.58386575663462
55,26,164.70074412538088
55,27,163.62025948398514
55,28,153.9235180195683
55,29,160.1620437860256
55,30,160.1620336791966
55,31,163.4094979561196
55,32,165.58094627848186
55,33,142.44520959506917
55,34,163.69389262906043
55,35,159.246848565017
55,36,151.97470952064032
55,37,161.0673781370133
55,38,160.81213495504926
55,39,141.2143087508448
55,40,145.6277585020871
55,41,140.73310759622836
55,42,167.62995174957905
55,43,151.4334460762184
55,44,161.9823916296009
55,45,170.2291283315426
55,46,154.14267150353407
55,47,140.02637863335258
55,48,158.26703563856427
55,49,154.86120632171514
55,50,172.65410845479346
55,51,152.95566139814036
55,52,145.842832060589
55,53,149.64336381263274
55,54,157.08197881808155
55,55,149.28110048871895
55,56,148.15479372533446
55,57,150.98760217078961
55,58,149.22922793625912
55,59,159.38397320076183
55,60,154.69608479335147
55,61,143.3203896249761
55,62,151.41060857368575
55,63,162.41055870089622
55,64,167.79119308965164
55,65,149.95608408794214
55,66,149.46801889051858
55,67,166.0194373811828
55,68,149.12109896774928
55,69,142.79785080290458
55,70,149.30487393669318
55,71,145.4029240020318
55,72,132.2463006291655
55,73,152.81291105125274
55,74,150.524789270552
55,75,144.11391640506918
55,76,146.68505549387191
55,77,154.77086794485513
55,78,151.1460684215126
55,79,159.90795297715522
55,80,149.7695303679502
55,81,149.56913042542874
55,82,143.3444873392582
55,83,146.04310923737648
55,84,139.5890375320305
55,85,153.52093287120806
55,86,156.51744220461114
55,87,144.39215573731053
55,88,145.64660633425228
55,89,144.0580912433943
55,90,145.98925195776974
55,91,145.8672078638192
55,92,136.4774417548906
55,93,139.5565337427106
55,94,152.01049250763026
55,95,151.42547645549348
55,96,151.61214897152968
55,97,137.25294224577374
55,98,165.15939866822737
55,99,149.80054984171875
55,100,153.94986964842246
55,101,139.57185453553393
55,102,126.50264174719632
55,103,128.36736085347366
55,104,160.7488621945522
55,105,135.88244044300518
55,106,151.27273836458335
55,107,137.37610120794852
55,108,164.26275407012145
55,109,158.37543965797522
55,110,134.64821027242579
55,111,134.0944783067971
55,112,144.26788284174108
55,113,140.16893454220553
56,1,117.18179289750697
56,2,119.36984581517754
56,3,119.46179839948309
56,4,92.7350846585905
56,5,104.36570182694413
56,6,111.9911679399811
56,7,118.40557739225915
56,8,114.79939369154454
56,9,146.9206430620252
56,10,100.009302024715
56,11,110.76926557028492
56,12,108.31809794441506
56,13,122.93800911128346
56,14,109.02947943056643
56,15,120.12127573874022
56,16,115.00876893714303
56,17,120.86372043009032
56,18,104.05521762203716
56,19,112.96489665727131
56,20,117.6891230509791
56,21,114.63913412517286
56,22,127.90954586105363
56,23,130.56102689774707
56,24,118.11340015460155
56,25,115.29108714740141
56,26,106.07548970582138
56,27,123.07328583316121
56,28,112.64097809759551
56,29,99.75629787739308
56,30,112.88293732934108
56,31,121.75475699764502
56,32,117.49130864976905
56,33,108.25845753162866
56,34,106.11086654959945
56,35,114.20077036722796
56,36,121.68802396768297
56,37,115.65133521387179
56,38,110.85748661927937
56,39,108.7647961009643
56,40,95.76931431952107
56,41,111.08546678502171
56,42,106.42582620045869
56,43,110.26384032225178
56,44,97.85768112464575
56,45,111.31467281846562
56,46,109.51672916181269
56,47,126.65412353917782
56,48,112.16635943726578
56,49,93.10001649528567
56,50,97.52969322692661
56,51,118.25567210085865
56,52,113.84286914514087
56,53,112.34925972073688
56,54,104.84223613255017
56,55,96.1044207715313
56,56,97.7856181661773
56,57,82.20856512952014
56,58,110.98483844885777
56,59,112.56588706311595
56,60,106.31820904136111
56,61,114.98734138518921
56,62,107.55002855331986
56,63,81.61352691317734
56,64,111.05318256444298
56,65,97.10010381844768
56,66,100.05554489808856
56,67,99.50534665610758
56,68,90.12853761634324
56,69,94.36219693519524
56,70,104.3215797997691
56,71,94.2645653494692
56,72,82.56140473886626
56,73,108.67406939480861
56,74,69.89236752473516
56,75,103.69995682945591
56,76,108.84216717159143
56,77,102.84689265082125
56,78,101.29890629737929
56,79,86.17956210173725
56,80,89.2772589110973
56,81,88.89287326937483
56,82,102.17943316516175
56,83,83.41444462969957
56,84,94.63546432399016
56,85,87.47387808600615
56,86,89.3198598909512
56,87,89.34195771855593
56,88,80.58703733340371
56,89,74.24819009428029
56,90,89.38714283485024
56,91,91.64830928269657
56,92,92.8992869296053
56,93,102.47524469631026
56,94,80.12185503621004
56,95,75.29237099956663
56,96,83.76112642759108
56,97,77.6241130267299
56,98,86.22834163333755
56,99,93.61710727262835
56,100,69.87091374497686
56,101,83.06693732629356
56,102,95.79248813627055
56,103,74.0123703989666
56,104,92.4570930100308
56,105,70.89576625653717
56,106,78.0467735928687
56,107,69.09803841916437
56,108,79.07603750773706
56,109,73.38510367572599
56,110,69.97771667677443
56,111,66.56788885795686
56,112,56.50783353326551
56,113,69.98639070377976
56,114,35.39383189371438
56,115,60.25543372552784
56,116,74.84881094563752
56,117,59.02965746293194
56,118,66.62154765815649
56,119,54.87181400254485
56,120,70.33015670707391
56,121,51.03173032148334
56,122,44.70857934473315
56,123,44.1083639885037
56,124,64.67119998253474
56,125,49.52749833840062
56,126,40.965643562885816
56,127,46.4015109767206
56,128,42.20615927160543
56,129,40.590578158036806
56,130,50.23692031209066
56,131,47.998077530632145
56,132,28.918381170879
56,133,35.618676598984166
56,134,37.79006761251367
56,135,32.47400351645774
56,136,38.90069890930317
57,1,142.2767084941588
57,2,131.32524572854163
57,3,145.6118945227936
57,4,133.85303861339344
57,5,141.18989048723597
57,6,133.13065570670005
57,7,155.10641297716938
57,8,127.27656123859924
57,9,132.49701431684662
57,10,140.54953813583415
57,11,134.5704606832296
57,12,139.99783392818063
57,13,155.36638612410752
57,14,147.42418736914988
57,15,139.24090197042096
57,16,151.21270265898784
57,17,155.56954445305746
57,18,123.36653246206697
57,19,147.0200956445915
57,20,150.12390528642572
57,21,139.49951037982828
57,22,147.55200165249698
57,23,150.80740811691794
57,24,131.10240751728998
57,25,133.17057053843746
57,26,141.2489122734405
57,27,146.07586879612063
57,28,130.15017193052336
57,29,153.93403070118802
57,30,141.76800514073693
57,31,125.35554655465239
57,32,134.26023738489312
57,33,130.37541710083315
57,34,119.31754022557288
57,35,136.94807079299062
57,36,137.20143753771845
57,37,134.4584237220115
57,38,162.58126497724152
57,39,128.89324327778013
57,40,123.49871517608699
57,41,139.8054593483539
57,42,135.87356467091013
57,43,131.56706496283005
57,44,141.2123033737007
57,45,129.48921477828117
57,46,125.19236522135907
57,47,136.66925750560767
57,48,123.12031098056468
57,49,129.90393490767747
57,50,129.48777942218294
57,51,135.57980477483943
57,52,137.80809177037736
57,53,145.61309133098985
57,54,153.02767998730997
57,55,130.83328876568703
57,56,132.64104259974556
57,57,121.06038926796464
57,58,149.46950356499292
57,59,130.06420242693275
57,60,136.45554328456637
57,61,147.80424536294595
57,62,130.32285519241123
57,63,109.05752963728446
57,64,147.03772457441664
57,65,131.42737271969963
57,66,128.72597802532255
57,67,130.76545177157095
57,68,139.3474873346131
57,69,126.357172048738
57,70,133.62665533955442
57,71,149.02191914379364
57,72,133.28844525040768
57,73,136.60209975540056
57,74,124.8840711202356
57,75,121.81835946776846
57,76,143.09236517784302
57,77,148.55124836928735
57,78,159.54497636463202
57,79,131.353984071
57,80,136.89580849760387
57,81,121.34511537893559
57,82,124.37426651273563
57,83,131.49561457590607
57,84,128.21516926918412
57,85,139.29751568274514
57,86,126.12226710660616
57,87,125.36364320541907
57,88,128.83278007502668
57,89,143.65219114579668
57,90,125.98739627601753
57,91,121.10433855146402
57,92,133.23544134479016
57,93,113.10111788182985
57,94,135.64320367152686
57,95,142.3760626090516
57,96,117.31000367439992
57,97,111.07454984118522
57,98,121.09428651962662
57,99,127.78063278025365
57,100,128.38235120328318
57,101,124.83363519150589
57,102,137.59551272101817
57,103,126.6456615592615
57,104,123.858922425934
57,105,127.87114212168672
57,106,107.96755130277597
57,107,120.23488504785928
57,108,111.86798063908645
57,109,112.0483549291821
57,110,114.64315282786265
57,111,143.5971317613148
57,112,127.8255600710254
57,113,119.86163002662943
57,114,110.88384063565172
57,115,118.97483128425665
57,116,124.90019876134465
57,117,108.29154914252285
57,118,129.04410515527707
57,119,127.8576446644438
57,120,126.68953782506287
57,121,131.85558139598288
57,122,119.70019284689624
57,123,114.18442686526396
57,124,120.91305171186104
57,125,119.10597657464677
57,126,100.87958143927972
57,127,119.20877979056968
57,128,110.33949870317883
57,129,121.57203300490801
57,130,126.43543862066872
57,131,112.51478029652208
57,132,108.50260372670891
57,133,100.36144515826891
57,134,109.91206529812189
57,135,118.0544425467233
57,136,121.80182467061968
57,137,109.6758196218143
57,138,136.51470661321946
57,139,111.20594108957448
57,140,111.3269928732334
57,141,116.67704837738711
57,142,100.65580762975151
57,143,100.3192436954705
57,144,108.38511261595704
57,145,104.79281620768597
57,146,111.84016322842217
57,147,112.18581435264787
57,148,110.16879545841948
57,149,111.165010595083
57,150,101.84830556400993
57,151,118.21792880209978
57,152,97.63521476037567
57,153,124.65146594605176
57,154,96.7586559591582
57,155,110.22609406863921
57,156,112.94667637426755
57,157,106.48832752689486
57,158,93.67801399707969
57,159,96.55702771423967
57,160,108.09649526255089
58,1,163.12337276765902
58,2,176.72223306442902
58,3,150.74640587039175
58,4,167.92823026425322
58,5,163.4803306877293
58,6,155.60725998308044
58,7,165.63289727312804
58,8,159.15184872597456
58,9,169.05534224073926
58,10,149.0157044644293
58,11,168.57790442694386
58,12,170.7579068816558
58,13,156.82624780660262
58,14,176.52761678899697
58,15,179.52116512561042
58,16,154.62591988344502
58,17,152.77364470651082
58,18,154.503928337479
58,19,150.27565329083882
58,20,163.8067483494233
58,21,156.62888397333154
58,22,158.5270177670027
58,23,170.42785005376209
58,24,160.6972120616265
58,25,164.00102012090792
58,26,139.06088282993005
58,27,175.66901786577364
58,28,158.2244256293925
58,29,172.30547703635239
58,30,166.64614725738647
58,31,164.17395185767964
58,32,161.79333288311318
58,33,170.68165201685042
58,34,152.9852822250541
58,35,153.9878252618655
58,36,159.69322221151378
58,37,162.2576234774897
58,38,174.63121278405015
58,39,171.16665173019283
58,40,160.01522618328454
58,41,167.22414727926662
58,42,164.04327169593307
58,43,167.3414874550508
58,44,162.90726123318018
58,45,162.96541513437114
58,46,172.20162074545806
58,47,143.89198057667818
58,48,153.16601123202418
58,49,166.07910203171195
58,50,146.48671496548923
58,51,165.41152753944334
58,52,163.0127302765468
58,53,156.5858170014253
58,54,147.56757511741307
58,55,163.99538146135455
58,56,159.37639375154686
58,57,154.47905620858364
58,58,168.6551864008361
58,59,145.5249108327116
58,60,164.68479339091573
58,61,164.48638438039052
58,62,161.5437937182287
58,63,158.14423190247908
58,64,175.75896678211575
58,65,148.03244658984477
58,66,153.93291796652193
58,67,160.4399427724129
58,68,157.02487001429836
58,69,156.87132947031932
58,70,162.8474840933195
58,71,127.57402977249876
58,72,154.72383517424169
58,73,155.2006263925432
58,74,162.49720625691407
58,75,145.48836319561815
58,76,148.5844563654391
58,77,154.0757287402812
58,78,160.36902692138392
58,79,161.90808253921568
58,80,159.1588218886318
58,81,163.31542309407087
58,82,153.81972510632477
58,83,139.62600757430482
58,84,139.90507093719498
58,85,146.80687382728502
58,86,150.59622339844645
58,87,145.189851055693
58,88,148.82525783698657
58,89,162.27306432080513
58,90,148.10044566261058
58,91,139.25813746027416
58,92,147.50112457558862
58,93,143.04471497439954
58,94,142.7590186419402
58,95,156.96607522192062
58,96,147.79981908031914
58,97,140.64725011844712
58,98,140.98862143004953
58,99,143.46764352453465
58,100,151.0084766495711
58,101,155.13206503295805
58,102,150.72733397662523
58,103,121.46118431085779
58,104,156.8428576430597
58,105,133.4267231029662
58,106,150.21313774990267
58,107,133.3830890768586
58,108,132.39379669420305
58,109,129.82962420776312
58,110,130.50595924910158
58,111,133.78184214954672
58,112,138.00471897602256
58,113,136.71936367693706
58,114,138.41520232197945
58,115,138.24570171166852
58,116,129.31019954044314
58,117,135.12462651262467
58,118,111.27316984560457
58,119,118.62705709201691
58,120,139.06293617666233
58,121,127.37594104897289
58,122,139.4619424629782
58,123,139.0845229595434
58,124,127.27668844090658
58,125,130.32324808982958
58,126,132.5977591095143
58,127,126.8782020931103
58,128,131.56016097283282
58,129,133.80469982260547
58,130,108.76494489064498
58,131,124.03157734721026
58,132,113.13875490945065
58,133,129.0330654120189
58,134,117.43739508680301
58,135,128.60245865941397
58,136,112.39458190805453
58,137,119.64451277157059
58,138,108.32567292105523
58,139,120.04695949080633
58,140,122.69159955815121
58,141,112.21276297682198
58,142,119.36709722102387
58,143,117.20039992440434
58,144,120.05564331053756
58,145,106.48096362291835
58,146,109.49450978523237
58,147,102.45088155096164
58,148,97.48868090235919
58,149,106.5958904287836
58,150,100.61906714532233
58,151,92.57963179067883
58,152,101.85748924277141
58,153,115.38248127233237
58,154,89.30948933312902
58,155,105.68909650165006
58,156,95.52892034679826
58,157,91.38221981775132
58,158,100.10191712877713
58,159,113.73755303212965
58,160,88.26009787345538
58,161,96.28545058023883
58,162,88.75725002506806
58,163,88.16830109804869
58,164,99.66467723675305
58,165,103.2759219976142
58,166,91.2152781674813
58,167,73.12206403230084
58,168,76.36460335784068
58,169,79.2204451506841
58,170,86.90123640395177
58,171,85.20833489733923
58,172,78.97608745412435
58,173,80.29548868081474
58,174,88.78958234901074
58,175,65.1628050427098
58,176,70.236126469812
59,1,177.88274373166496
59,2,166.90784599060134
59,3,175.0019521607319
59,4,171.6888444393844
59,5,193.0337898250291
59,6,184.83148475838243
59,7,178.61796126919216
59,8,168.46649326781335
59,9,188.23904996969213
59,10,186.75654455843323
59,11,195.94819712081517
59,12,169.2445213436731
59,13,179.46747425172362
59,14,173.15022126918484
59,15,176.72406169690657
59,16,190.8147394770349
59,17,195.0110465627804
59,18,175.9518663083436
59,19,193.62024399577058
59,20,196.25827476584527
59,21,182.33897443463502
59,22,165.82209550513653
59,23,178.13935187541938
59,24,163.57224600328482
59,25,173.03005842288258
59,26,173.11546363351226
59,27,174.0776103928074
59,28,170.5106967119791
59,29,166.86293162011134
59,30,165.10590300815238
59,31,185.76390028261812
59,32,176.32992150266364
59,33,179.72176055998716
59,34,182.63298997569655
59,35,186.7565532317094
59,36,174.53101407102076
59,37,171.07452962516982
59,38,185.30085934858653
59,39,163.04068252260913
59,40,185.96680136636132
59,41,181.0253615923284
59,42,161.8116636422492
59,43,173.08131450533983
59,44,182.52072056663746
59,45,181.17189924545528
59,46,177.52984641572402
59,47,184.31857400188164
59,48,185.37034656660398
59,49,174.8078874748462
59,50,168.67248130842927
59,51,152.8415380766528
59,52,172.92618132852658
59,53,179.45259714148415
59,54,181.46407403044577
59,55,183.43886243992893
59,56,176.05273020885943
59,57,187.17940198050928
59,58,164.84399548213696
59,59,171.1218129550689
59,60,183.76597001076152
59,61,154.86421143497864
59,62,160.86039908815292
59,63,181.47488415217958
59,64,167.99517031809955
59,65,170.5121008475544
59,66,166.14090002476587
59,67,177.57166114191932
59,68,171.7242435648368
59,69,180.71527516910282
59,70,178.03558419895126
59,71,171.24716770662053
59,72,173.55738839128753
59,73,172.64868991124968
59,74,168.04186918416235
59,75,163.17077705220436
59,76,165.8925405023183
59,77,166.01469844646635
59,78,173.78900331463956
59,79,157.69692366772506
59,80,164.8608770552528
59,81,163.60516773526615
59,82,179.9987807925354
59,83,145.27856230146426
59,84,177.8193813606631
59,85,168.1760645310278
59,86,166.0732317842485
59,87,167.57683304938837
59,88,149.29683139029657
59,89,150.7402239022631
59,90,170.9985239716043
59,91,159.6970604286471
59,92,158.53633013096987
59,93,145.90350052376743
59,94,165.93571244634222
60,1,141.10556179010018
60,2,132.34030355543655
60,3,135.48974386880582
60,4,146.6559438239201
60,5,151.0936463439284
60,6,142.07224017815315
60,7,151.79012414636964
60,8,139.9338929187361
60,9,159.9050624597876
60,10,153.11513724617544
60,11,124.13763276139798
60,12,153.04615951117012
60,13,134.28912003351434
60,14,140.09336543970858
60,15,139.06125493788568
60,16,144.53137295882334
60,17,143.7797109031235
60,18,126.46735059683851
60,19,141.18887831892062
60,20,136.217405376854
60,21,135.22186590246565
60,22,136.55733770228107
60,23,143.89840806515713
60,24,124.28147983156668
60,25,134.4216709066386
60,26,139.94755576254101
60,27,133.3274034630158
60,28,130.009485344126
60,29,130.3169401394698
60,30,131.2206368635816
60,31,136.0196120570472
60,32,145.9758095357538
60,33,147.60725922840356
60,34,135.15778577477613
60,35,156.38813139678678
60,36,153.26652981046936
60,37,142.05386248035938
60,38,150.35876469602226
60,39,120.48749621637398
60,40,132.50599215508555
60,41,121.07446364636417
60,42,136.90329018577177
60,43,121.4996868904127
60,44,122.80070430520573
60,45,145.1099653525307
60,46,134.81741190818138
60,47,133.30321471243224
60,48,143.4256697942037
60,49,142.20343833170773
60,50,129.5537030705018
60,51,133.2347706718574
60,52,127.10556565807201
60,53,129.4798184333631
60,54,127.37220364106179
60,55,137.86162496019097
60,56,143.68294850485108
60,57,137.87742090027314
60,58,139.1140156378824
60,59,126.16587362764403
60,60,150.19432505455916
60,61,136.8142230980593
60,62,141.11642042265157
60,63,149.29434974458127
60,64,133.14601640905312
60,65,138.8583395704045
60,66,127.94670249774936
60,67,121.15149725867377
60,68,141.71124719337968
60,69,125.61405437118083
60,70,128.68618658414925
60,71,137.48956516812905
60,72,127.9883214180154
60,73,121.39900031045545
60,74,134.75744936910633
60,75,130.99455500945623
60,76,144.2975293186173
60,77,129.8970701550279
60,78,150.364262942574
60,79,137.91575204308901
60,80,150.5817575302499
60,81,135.61937229485193
60,82,125.87374832692149
60,83,131.16445185600605
60,84,137.71195103433274
60,85,138.8672312101553
60,86,122.48178850629483
60,87,137.12399883083708
60,88,125.4222569744743
60,89,121.539201225125
60,90,127.9812147309276
60,91,135.80549262587738
60,92,138.12544254289242
60,93,124.48651925064041
60,94,133.83690158491663
60,95,135.40955963911256
60,96,123.98459600994829
60,97,121.86541866215703
60,98,141.2756577132095
60,99,124.55675975966733
60,100,117.04354261468688
60,101,127.85304830466339
60,102,113.44043471814075
60,103,136.34346789984556
60,104,122.22500933498668
60,105,124.52875404892256
60,106,122.28743447552552
60,107,108.5903307771805
60,108,119.81551567358838
60,109,116.93488863675157
60,110,129.97657862462802
60,111,125.36081176223524
60,112,143.4424403358571
60,113,119.77666218143713
60,114,129.15152977126127
60,115,135.068912732022
60,116,129.53788895410253
60,117,125.30032869373099
60,118,127.58261224899616
60,119,129.62036924519634
60,120,127.35980284024845
60,121,111.08741037757136
60,122,106.64956959204574
60,123,118.52224426034081
60,124,124.50641801618622
60,125,111.75641506291868
60,126,110.72275521802658
60,127,101.85054005940037
60,128,126.47887335905398
60,129,100.95347455210867
60,130,102.91288119119417
60,131,111.89673963468522
60,132,120.67647481405584
60,133,125.93643770356721
60,134,114.40105426004448
60,135,116.22962592057593
60,136,109.18713483658212
60,137,112.03085044263571
60,138,121.28537697913998
60,139,109.52580085939553
60,140,123.90276248540613
60,141,113.85891846186132
60,142,123.3649745095463
60,143,107.0939069409651
60,144,99.68938604446885
60,145,118.6952229840972
60,146,114.50422372404137
60,147,118.43993851901905
61,1,171.5044369230891
61,2,182.95740817410115
61,3,165.2729226162337
61,4,172.46323074257816
61,5,177.5737779459887
61,6,177.20906798934448
61,7,167.8486305574188
61,8,162.75544653816905
61,9,172.4772877440555
61,10,183.60980499324796
61,11,167.4551735783607
61,12,190.34956016071374
61,13,162.82319630640268
61,14,180.2968265627569
61,15,165.95115645919577
61,16,156.15481319518585
61,17,158.34802033043525
61,18,153.64336935065512
61,19,155.69997146053356
61,20,172.99126651854021
61,21,173.30516799743054
61,22,160.97275933127094
61,23,162.83222053579811
61,24,162.94164883920166
61,25,169.41938776233292
61,26,160.88423386836075
61,27,174.48990633930953
61,28,155.7514446398127
61,29,161.39040076674428
61,30,170.33218047316768
61,31,174.27602315142576
61,32,170.61223375232657
61,33,164.92023016659368
61,34,154.24893481119943
61,35,179.34847824541794
61,36,163.32459265177022
61,37,163.90889196110948
61,38,167.27649326104438
61,39,164.09842506996938
61,40,157.93432260213012
61,41,164.385707755544
61,42,186.2599224847072
61,43,169.88789886784798
61,44,163.9480158462975
61,45,169.6262151991832
61,46,155.9187494346843
61,47,174.82132634398295
61,48,186.20276480801112
61,49,173.23474891140359
61,50,167.77471000651713
61,51,172.95684125088155
61,52,158.91359411299345
61,53,159.73517827200703
61,54,142.07416250790993
61,55,184.60744562078617
61,56,173.4141257583251
61,57,148.7938387251197
61,58,164.48345315140614
61,59,151.82342756181606
61,60,152.13638251497468
61,61,150.56674151176412
61,62,162.21804008125036
61,63,154.84948138671461
61,64,139.67818461349816
61,65,167.57143427142
61,66,162.43445080741367
61,67,162.25966161974065
61,68,152.74925644611358
61,69,155.15852729250037
61,70,146.7056374343083
61,71,165.358292777717
61,72,158.0972665893787
61,73,150.87436885526404
61,74,159.69765029620612
61,75,167.44261941121658
61,76,147.33896218832524
61,77,163.5341050545685
61,78,131.30569363520772
61,79,165.16681872174377
61,80,159.84733285140828
61,81,141.07268253760412
61,82,140.757143788549
61,83,144.05332948280557
61,84,145.4852292140713
61,85,150.57309809909202
61,86,146.1979667678097
61,87,139.53782489451987
61,88,144.14488252911542
61,89,147.61849812217406
61,90,136.0499323628901
61,91,156.05075538156962
61,92,150.39662262797356
61,93,138.76366428870824
61,94,135.1860167266277
61,95,140.56123932679475
61,96,152.71085149640567
61,97,124.49009990988998
61,98,133.07028977412847
61,99,152.52827970538056
61,100,134.19517565198475
61,101,135.37481188087258
61,102,138.21508945339883
61,103,139.51679859415162
61,104,134.8252730069362
61,105,144.1147044364916
61,106,142.31109375455708
61,107,110.75557174846472
61,108,118.90282918905723
61,109,136.21837098400283
61,110,116.64648100288468
61,111,131.98712758120382
61,112,126.82988066697726
61,113,132.29588043419062
61,114,126.34347791157779
61,115,114.16280334885232
61,116,113.11377113428898
61,117,119.15890312104602
61,118,107.6734208175767
61,119,133.5353281226562
61,120,97.35654366420931
61,121,110.65745432738913
61,122,106.80710439154063
61,123,124.61286498636764
61,124,108.89396772428881
61,125,105.49753479765786
61,126,102.82357376742584
61,127,109.43902332687867
61,128,104.5963961379166
61,129,115.98302177341247
61,130,116.63928298270912
61,131,91.04845479878713
61,132,109.9848304133775
61,133,121.08756197444745
61,134,94.41346542084648
61,135,95.63980128940602
61,136,104.01171706612513
61,137,102.21087843173882
61,138,95.44032505936048
61,139,101.1173226471874
61,140,99.6590545411309
61,141,88.66736966487952
61,142,87.21698784620094
61,143,101.98519290254626
61,144,91.71297771975514
61,145,75.05946329509607
61,146,82.02230792840419
61,147,76.24394487183599
61,148,62.94883075149846
61,149,60.69062040040444
61,150,70.10290194390109
61,151,74.2773130115238
61,152,74.63647362944903
61,153,76.33917873089376
61,154,56.88357400314999
61,155,69.55328708022716
61,156,52.07380204014771
61,157,58.95281247347884
61,158,57.343886260918225
61,159,55.10164883226389
62,1,180.26811489812098
62,2,182.34285502713465
62,3,176.5670329113782
62,4,192.36918192847224
62,5,195.7173538524803
62,6,187.90116526065685
62,7,189.06808319441916
62,8,192.14025398230297
62,9,186.93194600529387
62,10,188.71977700736898
62,11,189.81673701945692
62,12,188.45840939732443
62,13,189.3112882013229
62,14,198.52555577513704
62,15,175.5777093719371
62,16,193.07722439573263
62,17,197.1030625897256
62,18,200.53398469137028
62,19,194.87475435590022
62,20,177.91966600515298
62,21,187.58650052407756
62,22,197.90186042225105
62,23,200.85661856128718
62,24,177.05161529577163
62,25,190.7245559229341
62,26,192.31436773229507
62,27,196.0556369669066
62,28,190.0227011716488
62,29,198.15486455748032
62,30,187.7583172978775
62,31,174.65518791873183
62,32,159.03147110062127
62,33,182.67903115182708
62,34,201.32727279578103
62,35,181.25031254295027
62,36,193.83866131771356
62,37,186.20977995361318
62,38,177.01278614690818
62,39,199.27628788497532
62,40,177.60556405840907
62,41,184.37572638138954
62,42,187.12531831275555
62,43,196.65912633835978
62,44,164.2010847152269
62,45,195.8082535013964
62,46,181.99317156958568
62,47,184.45723877492128
62,48,190.0147029090149
62,49,181.28277847944992
62,50,183.7949083008716
62,51,184.77234497241443
62,52,177.31071179336868
62,53,195.60364592104452
62,54,193.84591496021312
62,55,184.45318798278458
62,56,179.10450985988427
62,57,185.67389710972202
62,58,180.0800794200186
62,59,179.63283211772796
62,60,183.4865681707597
62,61,198.02824503926968
62,62,182.0522013635491
62,63,178.91447846998926
62,64,173.26160114828963
62,65,172.8870496025629
62,66,185.73012834483234
62,67,173.88178509862337
62,68,179.76939502380264
62,69,192.3429356393608
62,70,186.92208392701286
62,71,188.82865117453912
62,72,173.5144504672353
62,73,180.30866955433157
62,74,182.7617091077118
62,75,185.53962592007883
62,76,163.36342705684365
62,77,184.00620926293777
62,78,190.69414482137654
62,79,202.17801321494335
62,80,198.06676628005516
62,81,179.51697339005477
62,82,196.97376492610783
62,83,184.78418754105223
62,84,188.4578812132968
62,85,185.53094802700798
62,86,186.03472412051633
62,87,183.56653452385217
62,88,180.30486012404435
62,89,182.72616880478745
62,90,170.26049585775763
62,91,194.83372341943323
62,92,181.13337782150484
62,93,184.90055858099367
62,94,169.6943655684736
62,95,191.30128439744294
62,96,177.69343210067018
62,97,181.5631839602138
62,98,179.89235997314972
62,99,176.4938451416092
62,100,177.01345922816836
62,101,196.72820450324798
62,102,182.80808040013653
62,103,187.268455984522
62,104,167.11585617468518
62,105,183.8801568368508
62,106,156.08634022148908
62,107,183.35628030903172
62,108,184.14161053569114
62,109,169.38722979724116
62,110,178.243174056508
62,111,161.51887463503226
62,112,174.79455148951092
62,113,163.01891286142927
62,114,174.8502897987637
62,115,164.870285115976
62,116,177.1671717761783
62,117,188.42576617760642
62,118,174.00305844814284
62,119,176.4447473402397
62,120,187.9310518824932
62,121,183.95922868668276
62,122,163.69552055661916
62,123,184.34443260511034
62,124,184.93770055136702
62,125,183.17223054292845
62,126,170.51750494839507
62,127,168.15205520676682
62,128,177.530718483089
62,129,178.68696501018712
62,130,170.0599464981933
62,131,186.30363823010703
62,132,154.03947757792776
62,133,165.92713576629467
62,134,172.9374357914494
62,135,157.65844444357208
62,136,170.87013455387205
62,137,173.16036598551727
62,138,170.44663953936833
62,139,169.51875869676587
62,140,175.22532768837118
62,141,160.98773326457012
62,142,173.98282477841713
62,143,165.2640631098766
62,144,171.81462355644908
62,145,148.4567409063893
62,146,171.69826295023086
62,147,160.19574108460802
62,148,165.03155601987964
62,149,173.2218302902038
62,150,169.5374468453083
62,151,162.8195400305267
62,152,152.78253238892648
62,153,150.55259056962677
62,154,150.2481276900362
62,155,167.81417642293673
62,156,162.93112646033114
62,157,134.27132793545024
62,158,165.42541744663322
62,159,151.29836652381346
62,160,150.01961630955338
62,161,152.3342279274948
62,162,156.68357173231198
62,163,149.97865814334364
62,164,167.40453724523832
62,165,158.73274938756367
62,166,149.44193610992806
62,167,152.35479735514673
62,168,145.45605518076627
62,169,155.0970225926867
62,170,148.2070869263407
62,171,140.16597445867956
62,172,142.54824330136762
62,173,143.25613383209566
62,174,148.60435801644053
62,175,139.1413340747822
62,176,165.68278237397317
62,177,142.30255935530295
62,178,157.2219957786001
62,179,141.19724359636893
62,180,131.01173616180313
62,181,124.49185148558172
62,182,147.94849306260585
62,183,154.00481965072686
62,184,126.62585410135216
62,185,152.45464002995868
62,186,133.0457596319029
62,187,142.04581010938273
62,188,126.06691411790962
62,189,132.4947421086399
62,190,141.34117735963082
62,191,126.80403982599091
62,192,129.33680414839182
62,193,133.94701065003756
62,194,138.3701897952269
62,195,125.7645522988023
62,196,133.25993689826282
62,197,123.31815079548687
62,198,128.7232486512512
62,199,114.25095088047965
62,200,142.6919684043096
62,201,143.19472186625353
62,202,110.81160436737991
62,203,123.27786736548296
62,204,122.7389585632045
62,205,140.12999072138336
62,206,114.99819453949749
62,207,120.75011288872338
62,208,125.46017112136178
62,209,109.99565661074303
62,210,111.2600120803836
62,211,134.72515572332486
62,212,114.87177542182326
62,213,95.60769523319323
62,214,117.74785684235394
62,215,113.71368453101604
62,216,98.98697295640886
62,217,103.25066210486693
62,218,92.90871644442086
62,219,125.58450141396315
62,220,95.41957008332247
62,221,102.38135393647826
62,222,95.66862900936394
62,223,104.05311409424758
62,224,94.83260297609377
62,225,86.75907117209863
62,226,92.51934961449297
62,227,105.77453979014535
62,228,80.15499208384426
62,229,88.19825074182882
62,230,85.50023646935006
62,231,71.78686430689413
62,232,87.18936183881306
63,1,115.37493037103559
63,2,132.71313089375326
63,3,124.92336367549433
63,4,119.92811773570429
63,5,118.91924756413209
63,6,131.1474644014379
63,7,129.62677615581197
63,8,135.61547599830374
63,9,123.54734809527872
63,10,156.44039561973477
63,11,144.1283895196102
63,12,146.2772695342719
63,13,147.86219875575625
63,14,130.49825391959166
63,15,128.18683432490798
63,16,133.44921785371844
63,17,132.7563878068322
63,18,139.83510827843565
63,19,141.91085555953032
63,20,136.99840570474043
63,21,129.3213177925063
63,22,134.42999284231337
63,23,133.41109300477547
63,24,141.75103557405237
63,25,123.62299500424706
63,26,119.40435058882576
63,27,136.57267695578048
63,28,142.83802120650944
63,29,126.60452885751147
63,30,143.11356489296304
63,31,131.21553038198908
63,32,127.32357891164429
63,33,131.3887834186462
63,34,141.02123769793252
63,35,114.47681091919367
63,36,129.68510115309618
63,37,145.46866329197655
63,38,137.02268077676126
63,39,134.81202697150002
63,40,126.05434239079477
63,41,130.12982795227435
63,42,140.56672545227048
63,43,136.22938124430948
63,44,128.839258211985
63,45,131.41979661646474
63,46,128.39922461744573
63,47,128.17596602435515
63,48,139.8738590201392
63,49,130.65454718607361
63,50,112.8344723580376
63,51,135.53621488934732
63,52,126.65873900092265
63,53,128.15460954366426
63,54,119.82452696510882
63,55,137.81835807053722
63,56,124.48528188474302
63,57,120.69273921770218
63,58,135.1962263257592
63,59,120.70321117686399
63,60,121.75560275898897
63,61,136.8684295542771
63,62,113.42986143342569
63,63,134.99802588744205
63,64,118.68179108708864
63,65,136.33450523600914
63,66,128.1096191508259
63,67,117.11406934511615
63,68,118.62467256806849
63,69,119.86245495553885
63,70,113.94349952302582
63,71,125.11416117432236
63,72,118.40697744939825
63,73,140.23631224730343
63,74,125.7801184521959
63,75,126.67944732423348
63,76,127.55508851943887
63,77,124.92115953708708
63,78,124.82088837416086
63,79,119.63671947551484
63,80,109.4349330637051
63,81,118.15373652876588
63,82,130.99987960259023
63,83,118.60477074811934
63,84,116.20269736986666
63,85,131.84795463675982
63,86,115.10985785714001
63,87,119.18653401813935
63,88,119.88927574516856
63,89,113.87464150821324
63,90,124.8837032000738
63,91,111.43275155013544
63,92,123.33349141110375
63,93,115.40447419098928
63,94,117.52447681041667
63,95,109.98253420100082
63,96,119.81928059695929
63,97,127.4592147822259
63,98,125.12835702355369
63,99,114.79851596921799
63,100,127.61773787118727
63,101,113.81189706000441
63,102,132.3788609704352
63,103,119.74739624206268
63,104,117.65306658828922
63,105,122.28597094934958
63,106,110.02208669789252
63,107,136.97869994815846
63,108,115.74873703724006
63,109,114.44905428974016
63,110,126.58094971324317
63,111,127.03764219442382
63,112,109.56056464997528
63,113,115.00419319553475
63,114,129.61189710067993
63,115,127.66970721565303
63,116,116.37785560794873
63,117,93.30149916335358
63,118,111.1311737990327
63,119,105.92211583812605
63,120,120.5793947751954
63,121,113.71200408539153
63,122,114.93821175761695
63,123,110.43103293530294
63,124,114.11330554934102
63,125,102.24357014776615
63,126,110.13754451856948
63,127,104.96526124507363
63,128,105.2445665228588
63,129,99.53241041809088
63,130,106.47803761913383
63,131,108.14623947332439
63,132,120.37064496545645
63,133,103.06566641603422
63,134,123.83404041275207
63,135,98.19624166325957
63,136,91.38536796187691
63,137,87.70999258509255
63,138,104.22789639185066
63,139,83.13080319944129
63,140,79.63434772397159
63,141,98.66809221309086
63,142,88.54007269655995
63,143,94.30290159805736
63,144,98.03906505044142
63,145,110.31855394021841
63,146,109.65183533490926
63,147,100.79566362187325
63,148,101.47303834215563
63,149,111.93640691318433
63,150,115.33317321431241
63,151,94.72577241556428
63,152,82.26407522619411
63,153,93.58597960557381
63,154,98.97034562751651
63,155,84.74823400720197
64,1,164.167858089917
64,2,161.8948355391476
64,3,148.96003046038095
64,4,137.0030733102467
64,5,156.30898372319643
64,6,143.6298529516789
64,7,155.3187285867607
64,8,153.50304891148699
64,9,135.2762739622849
64,10,153.76776034903014
64,11,166.19333752915554
64,12,150.26368789820117
64,13,163.56038813087798
64,14,133.8343076055171
64,15,152.25676574411045
64,16,150.57961715903366
64,17,146.43524183168483
64,18,150.34172145064804
64,19,144.35553217641427
64,20,131.11341248861572
64,21,142.88097409596958
64,22,149.3502481234318
64,23,120.92012598390284
64,24,146.6003313823894
64,25,164.71044436245575
64,26,163.42384330656205
64,27,150.95247336337343
64,28,148.38425493869
64,29,140.04448870834312
64,30,169.5275115835393
64,31,149.16947996985982
64,32,142.88027924715425
64,33,151.27289999162895
64,34,144.74211313854903
64,35,152.51039569757995
64,36,162.47880837025878
64,37,142.190586524026
64,38,145.34214098549273
64,39,143.75841443818354
64,40,154.7319341955299
64,41,140.8838500691345
64,42,139.2958407975966
64,43,145.5336743813532
64,44,139.19719883435755
64,45,158.09600333901471
64,46,165.07138266054972
64,47,131.74338559906755
64,48,134.2762530528853
64,49,153.42241211801593
64,50,146.9048900482594
64,51,139.14656956442923
64,52,153.57230396621162
64,53,150.2450627991784
64,54,142.90201918425737
64,55,130.73803214286454
64,56,153.92412552631868
64,57,149.49259186068957
64,58,150.28865588552435
64,59,153.5735832381033
64,60,140.07397851147107
64,61,139.08216043040738
64,62,160.99689577695972
64,63,140.2639610608603
64,64,146.48455327338888
64,65,151.92351768641674
64,66,128.57909590081545
64,67,127.32223049443564
64,68,133.84089496225351
64,69,147.0391458383965
64,70,147.01098994081258
64,71,146.75483613736287
64,72,157.1063860582799
64,73,154.0563683496439
64,74,127.33130873223126
64,75,143.38343787295162
64,76,126.65388095827075
64,77,130.04681112756953
64,78,143.87068928402732
64,79,125.94842125532159
64,80,158.95729976038274
64,81,132.30581103963777
64,82,136.10468958276033
64,83,135.89566881858627
64,84,132.03740044754522
64,85,138.84695149675827
64,86,131.80503207891888
64,87,144.1655916050804
64,88,125.92816305169254
64,89,138.78808070842933
64,90,131.66441719247086
64,91,126.29261672470602
64,92,120.56266352260718
64,93,134.76779487449676
64,94,123.8015543618967
64,95,135.44201318753767
64,96,119.3637521109049
64,97,128.57010396380792
64,98,114.9705988446949
64,99,122.4113674802793
64,100,137.63540000353532
64,101,126.51673976323218
64,102,140.33609462241293
64,103,120.46211157960352
64,104,129.41284849501972
64,105,119.37692436222278
64,106,128.22468806956022
64,107,122.26942121643515
64,108,121.05606455354427
64,109,125.56678683674545
64,110,129.80014200646838
64,111,121.93044926039875
64,112,131.14063597282802
64,113,131.31342550324916
64,114,130.28049065510277
64,115,114.94925332300772
64,116,118.68894930460374
64,117,136.3597152140719
64,118,141.02825001247402
64,119,115.10664272149734
64,120,127.24557692676899
64,121,112.06781559569936
64,122,105.72070001591055
64,123,113.33775746406172
64,124,129.99116019705252
64,125,112.09833110558975
64,126,119.19124657638895
64,127,113.55196924664779
64,128,104.8045972353284
64,129,106.12568736812682
64,130,105.48441219306551
64,131,102.53664233085874
64,132,109.16908455853991
64,133,107.41349461062055
64,134,103.13625755606336
64,135,102.11062632371613
64,136,108.93593043166038
64,137,111.53654357355845
64,138,99.91243447634042
64,139,124.6054266064748
64,140,91.1448167720664
64,141,96.9921937064646
64,142,90.10341148737643
64,143,101.58816649211803
64,144,86.58673119767627
64,145,93.05174001328123
64,146,105.28377867600648
64,147,93.02383968618233
64,148,97.96522498356353
64,149,85.11225044660387
64,150,73.79395367168763
64,151,97.24595257024339
64,152,91.70442844794889
64,153,83.32175769355672
64,154,88.31185120805458
64,155,96.62435986343189
64,156,89.42660161209642
64,157,63.27802105426963
64,158,73.01275318926491
64,159,68.18574633558455
64,160,70.35598107236729
64,161,75.1877070121991
64,162,65.3542213779292
64,163,67.28064973396249
64,164,56.91632201940229
64,165,59.653385443016305
64,166,60.87869139548275
64,167,56.530968980674515
64,168,65.54590491174895
65,1,184.06563280179398
65,2,176.37519346820773
65,3,171.50048482969578
65,4,168.3993432410207
65,5,192.5721476184408
65,6,182.30091447792074
65,7,182.22905528901902
65,8,182.69384108489612
65,9,168.38041714591964
65,10,177.9600500844681
65,11,185.44152736930118
65,12,178.65594120162132
65,13,188.34313636996376
65,14,177.0298464728112
65,15,185.6492574941658
65,16,177.83136261197797
65,17,183.44844685855787
65,18,175.14204973982123
65,19,179.78719457497937
65,20,172.49174610526825
65,21,176.0758714137919
65,22,187.58310582314152
65,23,184.2915238400019
65,24,177.58825508662267
65,25,184.08172169262252
65,26,165.80177798631485
65,27,162.34179799986305
65,28,199.98609061262687
65,29,176.17478217143798
65,30,181.41176362577244
65,31,196.9103660620458
65,32,178.11830471445865
65,33,172.8641272889654
65,34,167.51243549838546
65,35,178.05712240969297
65,36,183.7219967777346
65,37,166.20794229442254
65,38,173.7453723064391
65,39,173.35199883922178
65,40,189.80437032479676
65,41,168.06358291226206
65,42,172.84778812271543
65,43,175.50537741290464
65,44,179.02228903562354
65,45,176.870163937303
65,46,165.63009790531942
65,47,168.9799200825655
65,48,184.7807487257669
65,49,166.51015349607042
65,50,167.74487540044356
65,51,174.18303363147425
65,52,158.83147503125656
65,53,176.44860922535008
65,54,169.12278761075868
65,55,172.28304085652053
65,56,175.6363765946444
65,57,175.6858154074289
65,58,160.8715877685172
65,59,167.30053451348795
65,60,184.35803673374176
65,61,168.0062110660947
65,62,171.45190431876108
65,63,172.06315001711482
65,64,157.53886943323596
65,65,174.98168836947298
65,66,173.7074963375926
65,67,174.59531875504763
65,68,170.522449283264
65,69,161.37169155951415
65,70,157.92967469060386
65,71,174.15605083925766
66,1,121.5491475539311
66,2,128.77657291758806
66,3,130.78813810113934
66,4,115.92943284929788
66,5,136.50355373068305
66,6,116.82259139110101
66,7,127.69474308108329
66,8,131.09298384621798
66,9,147.3377357936115
66,10,111.78411223861622
66,11,134.95091443001002
66,12,131.38481052110728
66,13,127.37778601380705
66,14,136.42202190955868
66,15,113.60113880658173
66,16,138.0209254546353
66,17,122.55813680126448
66,18,136.91533905598044
66,19,134.70533748249
66,20,120.70358572497207
66,21,111.36111210801755
66,22,133.37065916533174
66,23,137.23673937916465
66,24,114.48439806194801
66,25,116.29996846843278
66,26,112.26673049363308
66,27,126.27564597837045
66,28,129.24530906110886
66,29,125.15951147947635
66,30,120.79044490380329
66,31,133.82118307265046
66,32,115.54864825846744
66,33,134.21425471028488
66,34,144.95698093340616
66,35,125.326171909619
66,36,112.71604360501806
66,37,116.82510130976152
66,38,116.42525125082466
66,39,134.2620792856469
66,40,107.52937949147599
66,41,129.78006739885313
66,42,117.81552348345576
66,43,130.92602778732544
66,44,120.60549511715362
66,45,121.96107140483218
66,46,129.1595884115668
66,47,114.56292473549547
66,48,132.30871906649554
66,49,119.26134000322782
66,50,110.61186636303319
66,51,130.1906059361645
66,52,121.1369472763472
66,53,114.79454187776719
66,54,122.24917924542387
66,55,119.80342005701095
66,56,123.9931524125277
66,57,113.4358667164197
66,58,118.886524798334
66,59,105.5276062800549
66,60,122.95942249943619
66,61,129.23520417181135
66,62,117.02645866398234
66,63,112.59310561799794
66,64,123.64346758722968
66,65,107.55271429599088
66,66,119.39659697804018
66,67,116.51758647548559
66,68,116.96062738496403
66,69,105.64678077217832
66,70,113.92192415583122
66,71,100.56056531077775
66,72,115.25052652452723
66,73,113.79407239556895
66,74,105.70379403656989
66,75,104.07204018140328
66,76,117.91744467645185
66,77,105.98540658049751
66,78,119.4059280562069
66,79,104.68186440189311
66,80,92.90840637158544
66,81,109.4436868585617
66,82,112.2562093110173
66,83,118.0512107648683
66,84,106.67752400132304
66,85,103.2394833011931
66,86,99.2972916385188
66,87,90.04332868209167
66,88,98.81521831009013
66,89,86.78501892638451
66,90,100.75578218234295
66,91,100.66449025332986
66,92,94.60710324306274
66,93,96.20566081325524
66,94,86.78085221258516
66,95,96.39846482781286
66,96,102.36505391675746
66,97,96.7558128045639
66,98,100.78209241415607
66,99,86.93555478226335
66,100,101.98793654284964
66,101,89.64797454242944
66,102,89.37584697513375
66,103,88.83703850596794
66,104,82.52128728243406
66,105,86.70491005927033
66,106,80.66675598591974
66,107,99.18389274054789
66,108,93.73602931725327
66,109,88.26906283556309
66,110,74.9617981503252
66,111,96.2459586289915
66,112,88.71996708480583
66,113,73.66731604986126
66,114,61.847895997794694
66,115,63.8300227719883
66,116,84.97712153245811
66,117,65.80444254155736
66,118,45.647254857220105
66,119,61.04981397064694
66,120,60.38133911827754
66,121,51.037836995659745
66,122,40.280414201988606
66,123,65.49392835258914
66,124,60.90571088829893
66,125,67.55664221715415
66,126,58.87333801224304
66,127,42.92364017476211
66,128,59.99540456094837
66,129,36.222775447924505
66,130,52.30575383648102
66,131,54.681007424602285
66,132,53.61939484154573
66,133,56.57663720131677
66,134,35.20539805722365
66,135,43.84816745342687
66,136,34.62451611786673
66,137,32.34931987723394
66,138,31.39406079586479
66,139,22.984662354632746
66,140,29.40976893423067
66,141,38.662858164607314
66,142,27.561535098939203
66,143,21.632578492484754
66,144,8.550106007198337
66,145,9.454435958512477
66,146,8.379595058460836
66,147,0.131196729344083
67,1,178.82598794678051
67,2,144.01063235395122
67,3,148.13074875711754
67,4,146.6438010960992
67,5,151.37434808125545
67,6,152.98380453926802
67,7,146.8614850447484
67,8,149.00269608823874
67,9,155.46886479007662
67,10,145.63679131928075
67,11,170.2845964581502
67,12,166.54909223498544
67,13,154.16377235956315
67,14,167.89346370742714
67,15,145.30211032004445
67,16,154.40667796661728
67,17,167.03450029011583
67,18,135.53577245281485
67,19,152.87836996567785
67,20,136.90285513129493
67,21,166.825003324906
67,22,152.8478416349244
67,23,153.61392760585295
67,24,138.3201080175786
67,25,144.31572341047286
67,26,156.4263285419729
67,27,168.53084846487036
67,28,150.8597184454411
67,29,152.16708207217744
67,30,139.12638425374462
67,31,138.52843488611688
67,32,148.7969458552252
67,33,159.6859239146288
67,34,159.3941391347762
67,35,163.75662694657512
67,36,154.34873426455306
67,37,140.05847178776457
67,38,129.50223839265527
67,39,157.02184687646513
67,40,145.9897994439525
67,41,149.62464947822446
67,42,152.95706496349885
67,43,147.72732113333768
67,44,145.28990340608289
67,45,135.18124335817993
67,46,140.84655103679688
67,47,138.89078761790006
67,48,142.0915570237994
67,49,152.93300801198347
67,50,161.90810403700743
67,51,155.38595589484612
67,52,153.25774950014602
67,53,156.99174327141372
67,54,153.46784218058747
67,55,142.55701258055342
67,56,145.16163310426055
67,57,133.42782364686718
67,58,143.40600439262926
67,59,135.83593616462895
67,60,136.917147019587
67,61,140.714975878509
67,62,144.12142865988426
67,63,147.10053356547724
67,64,140.59607404106646
67,65,146.6861737879517
67,66,161.51756565376127
67,67,160.91136093200475
67,68,145.13045934784168
67,69,149.87019192062144
67,70,142.28825538001547
67,71,144.60041030068533
68,1,143.82428055931814
68,2,146.16912336397218
68,3,155.05190394609235
68,4,156.13332002163224
68,5,156.3668203602574
68,6,152.5161446697166
68,7,173.2032753333624
68,8,159.69880099300644
68,9,152.24441831691365
68,10,152.8059926499991
68,11,159.4375907619251
68,12,169.4133802549768
68,13,168.15530397422845
68,14,160.02208653902926
68,15,161.4331310592679
68,16,153.863816116238
68,17,163.71345572601422
68,18,150.92589662550017
68,19,160.51656571713102
68,20,169.45715354075946
68,21,153.66345431416994
68,22,160.19919283267518
68,23,162.91327678713424
68,24,159.7856482052448
68,25,161.19756448746193
68,26,165.2148640063824
68,27,153.24144083392457
68,28,148.57132396427915
68,29,147.79110016814957
68,30,149.9474394384888
68,31,144.95924101764103
68,32,171.69914374248765
68,33,148.2257019401295
68,34,163.31198832849623
68,35,143.72270930424565
68,36,150.24035950680263
68,37,148.69214135980292
68,38,161.41810432831699
68,39,153.5188850131235
68,40,172.65515502197377
68,41,152.98607606698351
68,42,159.26485225457873
68,43,169.76016130311473
68,44,146.0269790787279
68,45,152.84460150233645
68,46,138.45670648603118
68,47,161.53466289649077
68,48,151.94913855212508
68,49,154.32500110346882
68,50,160.29231047148642
68,51,149.36737913619436
68,52,150.88654310209677
68,53,155.4946255342802
68,54,146.36738561566744
68,55,166.30060905657592
68,56,137.9319612683612
68,57,153.72003201961343
68,58,146.3444690547185
68,59,141.6496860239713
68,60,144.75759937008843
68,61,152.98208607600827
68,62,141.1233617219841
68,63,149.97977383059333
68,64,137.08002050293726
68,65,146.87028319049568
68,66,149.44085068325512
68,67,132.8809436627198
68,68,149.11165759044525
68,69,143.58782994549256
68,70,146.98755179031286
68,71,132.74862962534826
68,72,149.89772943443677
68,73,145.98591072643467
68,74,145.3324715935305
68,75,146.83189196242893
68,76,151.114948598115
68,77,143.19329274777556
68,78,142.5399713703082
68,79,146.0686990577815
68,80,137.92722145053267
68,81,150.9811794903071
68,82,134.9971032259491
68,83,151.65048013234627
68,84,146.38880051969318
68,85,147.32949820176873
68,86,141.15643828941393
68,87,143.78843247547047
68,88,137.93441652154434
68,89,141.43389077631582
68,90,118.78658908203943
68,91,133.0265104911232
68,92,153.79822880057327
68,93,156.4947498525289
68,94,133.60346435049723
68,95,129.49658631908824
68,96,143.7306705679075
68,97,130.16627956587763
68,98,131.0295604296698
68,99,131.46940109958814
68,100,135.430882967019
68,101,118.45421967643779
68,102,126.62915616041573
68,103,135.51846871020098
68,104,143.7529945577844
68,105,136.29809906757146
68,106,133.10038988002634
68,107,131.30531685032474
68,108,121.7904815270158
68,109,131.04450118532986
68,110,130.2949292997364
68,111,135.9635489147331
68,112,121.76354432370863
68,113,120.76954594087147
68,114,109.51780018962745
68,115,125.68235237365298
68,116,121.8592236694385
68,117,127.4779233498266
68,118,125.95659901047475
68,119,97.83692578102637
68,120,119.7008869463316
68,121,112.6937715192762
68,122,106.6572533109429
68,123,120.53546737019497
68,124,94.51856606258661
68,125,120.09404887830897
68,126,106.39463140891166
68,127,114.84435282349295
68,128,111.58473261485051
68,129,101.1422208546719
68,130,101.65957127918955
68,131,106.63027388158662
68,132,109.30336898830137
68,133,101.54525942818145
68,134,111.39573850802844
68,135,110.5955406086432
68,136,97.40909696565359
68,137,86.65303194454464
68,138,82.66975532892684
68,139,105.63714843952039
68,140,95.73105860229407
68,141,96.82526363871875
68,142,114.45348760370689
68,143,101.02901230215502
68,144,92.65299478685483
68,145,88.17403091525193
68,146,92.5984751132928
68,147,81.22340781000094
68,148,81.37899609016313
68,149,90.06693618331337
68,150,92.32922483737639
68,151,92.8396917967475
68,152,90.39566872296564
68,153,65.61218475316127
68,154,85.90722779837961
68,155,88.91869136769674
68,156,66.3338147461618
68,157,79.64601514276
68,158,78.68177787520108
68,159,80.45445451958221
68,160,69.90092301127152
68,161,59.02471335712471
68,162,62.986395194602665
68,163,71.55551983095938
68,164,48.377902440784965
68,165,68.8309585251991
68,166,53.529474503477104
68,167,57.72042178295669
68,168,53.23308660640032
68,169,46.838254025075
68,170,61.796263725089375
68,171,41.27008164646395
68,172,47.17736715992214
68,173,28.789097850807593
68,174,13.771347228699597
68,175,26.950557815551292
68,176,52.78538953328098
68,177,18.422593463459634
68,178,40.07044169800065
68,179,30.363375789878774
68,180,7.182481553958496
68,181,18.82470766865299
68,182,10.628430924291024
68,183,18.528145618009148
68,184,-1.54795912237023
68,185,11.180578623592737
68,186,-0.8622840437747072
68,187,13.886320131350658
69,1,154.28891879480216
69,2,155.21731826396717
69,3,139.78494799594046
69,4,146.73412406009447
69,5,158.68434756723582
69,6,136.98618080327287
69,7,154.15789662182215
69,8,142.5710969622014
69,9,147.93920170451747
69,10,140.1735386364453
69,11,147.06349166392465
69,12,141.56910231917573
69,13,156.09466858296946
69,14,135.17386196485313
69,15,140.93290874466766
69,16,132.3089247103926
69,17,128.20782782261085
69,18,147.3922747427423
69,19,138.64894883419038
69,20,141.659307822134
69,21,139.95879650469578
69,22,129.81514739317936
69,23,130.08888665841368
69,24,138.71920067735482
69,25,141.64442531699024
69,26,140.0628954096901
69,27,133.71531014236098
69,28,135.91040382058418
69,29,137.81865065003512
69,30,152.76974822401826
69,31,145.4738764395006
69,32,160.77280601237726
69,33,154.62006212492997
69,34,135.31865450245095
69,35,126.08852954377653
69,36,148.45042503246805
69,37,149.3654430875613
69,38,144.70076754649926
69,39,117.01699278090382
69,40,137.2106823658105
69,41,157.1676382490259
69,42,136.44709049632365
69,43,146.1887710827432
69,44,150.6410216858785
69,45,119.83732928331301
69,46,144.7887058947672
69,47,134.26181607895705
69,48,123.99731885221263
69,49,146.4424814456579
69,50,152.03312227374408
69,51,135.54357741220156
69,52,131.293289823152
69,53,141.56664334707602
69,54,134.4992087326391
70,1,132.3780096215196
70,2,136.86643082975934
70,3,155.74069434696867
70,4,147.25184847843775
70,5,155.36961465454078
70,6,147.84230015886715
70,7,138.55381591664627
70,8,145.64247408906522
70,9,152.68237536860397
70,10,144.04650167378713
70,11,144.75350787957723
70,12,127.1267111615889
70,13,139.91874882701086
70,14,137.54047206163523
70,15,172.02160306704172
70,16,129.92366326437332
70,17,134.39150042702386
70,18,154.3119635503972
70,19,140.0739801349264
70,20,143.44413391083071
70,21,137.59339681647543
70,22,138.39261030530906
70,23,149.3135094717145
70,24,148.16894756015972
70,25,133.0958328492561
70,26,127.74832708011672
70,27,131.28995245292026
70,28,157.76008404509048
70,29,132.41466217677225
70,30,144.75802499060228
70,31,140.7884485284012
70,32,149.07959209926776
70,33,150.60625802494178
70,34,158.88822090646136
70,35,148.54333998331276
70,36,153.7929888029321
70,37,154.33169188263128
70,38,162.92889021032897
70,39,146.07053091641865
70,40,127.01525574133848
70,41,152.69422174533247
70,42,161.77610427845502
70,43,153.49901848372247
70,44,137.64266616619716
70,45,140.28923414066958
70,46,156.62240627298888
70,47,149.9914963816409
70,48,127.25530835876998
70,49,141.5399167957512
70,50,139.88725645106751
70,51,125.63753778779937
70,52,162.72539340077492
70,53,156.1407898578036
70,54,154.25682576425606
70,55,136.81484973315673
70,56,135.08633339282824
70,57,145.71096083844895
70,58,145.46618707805465
70,59,142.1081686362886
70,60,139.26219047979976
70,61,147.02508534477965
70,62,121.92483924821136
70,63,125.30119187154924
70,64,140.62866962776752
70,65,131.36895581176213
70,66,141.2889128182578
70,67,141.889796819014
70,68,127.92134337555035
70,69,152.7798476134485
70,70,150.80080501972407
70,71,139.20694827208354
70,72,136.1679323905555
70,73,145.4848840056511
70,74,121.91176456131507
70,75,129.96534076238459
70,76,140.22259364715137
70,77,145.9115643639525
70,78,141.0794982390653
70,79,124.79393193060241
70,80,141.5228003141383
70,81,143.60884416782937
70,82,127.42236919219431
70,83,157.13768689669087
70,84,138.38730311742984
70,85,131.11165135096235
70,86,121.03460355178686
70,87,138.81927900598384
70,88,141.09290724968014
70,89,153.16234648780664
70,90,132.16158575873123
70,91,122.74065763106046
70,92,135.58103032814688
70,93,137.04096981954353
70,94,141.6461834329093
70,95,141.69747469715367
70,96,131.1286030398187
70,97,119.99441949551692
70,98,149.88979590406234
70,99,128.70342195728153
70,100,115.01530347969674
70,101,130.08972560633265
70,102,137.51790227819583
70,103,146.2864913361409
70,104,132.12015250287368
70,105,133.9091804933414
70,106,136.1334852011787
70,107,126.8537696638814
70,108,133.0523626225622
70,109,116.85687462202623
70,110,110.79339406682993
70,111,118.23765628867841
70,112,130.75172146907425
70,113,130.19688509617117
70,114,128.60362148081185
70,115,122.71865622872429
70,116,126.7665923609602
70,117,125.0238380455121
70,118,123.2379448452557
70,119,112.90533396543469
70,120,137.3274034957867
70,121,120.70038171981287
70,122,121.98852500053181
70,123,116.270254921983
70,124,134.41362978291
70,125,115.53138022667554
70,126,120.82701470825123
70,127,131.71238968818216
70,128,120.29344685483375
70,129,139.72972934985592
70,130,115.77862050649128
70,131,107.69662792795862
70,132,133.93989549287653
70,133,123.68932278480497
70,134,110.70578851961181
70,135,115.18587676568131
70,136,107.74987256941677
70,137,127.75848594118725
70,138,125.12782560700725
70,139,110.70614762714831
70,140,100.87904083312606
70,141,111.02855354174972
70,142,99.57086327798606
70,143,100.63396052508324
70,144,107.92138062074082
70,145,119.83753068506485
70,146,114.82246667482832
70,147,116.33282715229143
70,148,121.75852664624108
70,149,124.95903591497336
70,150,98.96209280836047
70,151,100.10276157438057
70,152,108.93486819010286
71,1,162.24662773206364
71,2,161.7342239144782
71,3,165.39770042905002
71,4,191.63324163558718
71,5,165.74725224908616
71,6,148.11870993430784
71,7,155.39512336721236
71,8,159.8110507105448
71,9,165.25191215213272
71,10,159.16428723472927
71,11,174.89966455922695
71,12,165.79915088573762
71,13,153.6470811538311
71,14,164.79796556112706
71,15,160.0055665231339
71,16,160.8486411206104
71,17,150.23042206902755
71,18,151.18601473752642
71,19,153.5755897233612
71,20,141.72279170365073
71,21,153.451234832537
71,22,147.58214891460375
71,23,151.93664911559608
71,24,153.0976955153892
71,25,170.59891159657855
71,26,164.24298802069097
71,27,142.02709929013508
71,28,164.32078388283844
71,29,161.61157451177132
71,30,154.47079386438418
71,31,158.70533105633513
71,32,154.58310220124258
71,33,164.3435767448973
71,34,138.34022151789395
71,35,152.36183400473965
71,36,167.8079665175319
71,37,148.02969345351448
71,38,153.7760179402103
71,39,153.68140979616146
71,40,152.64790885830007
71,41,159.27826200106938
71,42,162.687471954574
71,43,150.5044501327502
71,44,138.26889479719102
71,45,148.94878058612812
71,46,169.23248148821585
71,47,148.48265271197306
71,48,151.8278057876596
71,49,134.95696339545248
71,50,138.04443568705756
71,51,165.6319064989657
71,52,145.40444861604192
71,53,145.20292135195632
71,54,151.90141001985467
71,55,137.21505093549786
71,56,146.19413019057538
71,57,166.87705362401903
71,58,145.27207603806164
71,59,154.97344692279876
71,60,129.42674750207516
71,61,163.9426103549922
71,62,137.93088755327335
71,63,138.4687713709136
71,64,142.32683668495156
71,65,159.3418064188154
71,66,156.8078121888684
71,67,141.84333678953408
71,68,141.72536734575988
72,1,169.69905773256323
72,2,175.53397344160476
72,3,168.65667012201448
72,4,177.70830611223937
72,5,167.518477722464
72,6,162.48276234403602
72,7,166.37227112545224
72,8,145.54083288877155
72,9,164.91984197788406
72,10,157.23383689156617
72,11,161.00238305579114
72,12,171.88288382353494
72,13,172.81502683497092
72,14,170.45863874397764
72,15,157.0538240181486
72,16,177.48079331011104
72,17,171.47594296529132
72,18,165.49192239622062
72,19,159.38685399960377
72,20,163.90254239753995
72,21,161.65640675087343
72,22,155.24872573500033
72,23,167.18767172239313
72,24,153.3641526894644
72,25,150.7612948708993
72,26,167.1282859294588
72,27,165.75732118794986
72,28,157.08419754565693
72,29,164.39661172794877
72,30,153.11484358584858
72,31,157.39545716803696
72,32,164.3527768302156
72,33,149.42666740673303
72,34,155.35560936736874
72,35,158.7526975270448
72,36,156.3829056352697
72,37,149.23730510163296
72,38,165.58044838327623
72,39,163.40914637387323
72,40,154.61974133290641
72,41,159.75148308719508
72,42,158.91067833002307
72,43,147.32410498330137
72,44,145.8826756641938
72,45,157.12718565037358
72,46,154.38372524773877
72,47,160.4262732420175
72,48,150.83860886901675
72,49,158.64508088681032
72,50,159.612221603762
72,51,153.42616048861237
72,52,131.88249964336865
72,53,154.2823774760036
72,54,134.5424356925214
72,55,153.31215622073796
72,56,160.98675801637
72,57,145.61843981195125
72,58,152.58604854904115
72,59,147.2852827644092
72,60,149.29161792938248
72,61,153.6531720833591
72,62,145.92581071936002
72,63,151.97577121923678
72,64,167.1645244324027
72,65,141.51594126757118
72,66,147.06112296199717
72,67,150.64884643688856
72,68,141.83400733326562
72,69,150.6801741918025
72,70,155.99761460688023
72,71,146.89867020399834
72,72,143.1852633983508
72,73,151.66008598309418
72,74,140.6616751771944
72,75,141.55387298602727
72,76,141.78724668403447
72,77,140.70877608115552
72,78,172.40547933767084
72,79,149.67646426602732
72,80,158.39433910493972
72,81,144.93642138039286
72,82,140.03348351357272
72,83,142.14416039845673
72,84,147.43049239089305
72,85,148.5491098947823
72,86,134.31629284645896
72,87,141.16202642845747
72,88,142.2550903797819
72,89,144.55122493729868
72,90,142.20153608336113
72,91,129.04012046223215
72,92,129.9671456641372
72,93,134.03950116521446
72,94,144.51124438222905
72,95,152.28566548971867
72,96,141.51679367088946
72,97,126.9208080835233
72,98,130.76186455185234
72,99,144.73004381796636
72,100,125.3686073137942
72,101,146.59436212047876
72,102,129.90219325886574
72,103,134.32539179662126
72,104,116.48968615112244
72,105,130.29298747370194
72,106,129.3435756513354
72,107,122.10599388094852
72,108,128.30088795105985
72,109,137.65609161376779
72,110,139.14872688397008
72,111,126.21155171154533
72,112,121.60322982275102
72,113,126.88792584881594
72,114,118.5603163036285
72,115,122.60482917791524
72,116,119.71814498282038
72,117,120.1315136498306
72,118,122.41225728370773
72,119,116.44591345828667
72,120,118.38353094442573
72,121,108.84379930791329
72,122,115.02377069031354
72,123,136.4634352789726
72,124,110.34945513735875
72,125,96.35247988025367
72,126,121.12559887822135
72,127,106.22065733508498
72,128,123.65592239660327
72,129,110.018593404282
72,130,97.2793198695581
72,131,98.14581406330399
73,1,174.41544095972495
73,2,188.9741095564823
73,3,183.13889567890146
73,4,181.03793075797148
73,5,177.11512959562242
73,6,193.31015940522775
73,7,178.6715009064792
73,8,173.77947472268716
73,9,176.19555800390663
73,10,172.09610329483985
73,11,164.04189754601975
73,12,171.18670587705856
73,13,166.78173526570026
73,14,178.13551626016852
73,15,190.30521616562328
73,16,174.65219308933592
73,17,169.12005844827218
73,18,175.08221864295774
73,19,163.57145093723375
73,20,175.83413533304702
73,21,178.96967429923825
73,22,181.6441583721171
73,23,170.1463705173519
73,24,179.73125242322567
73,25,161.2351926273841
73,26,177.59129596572893
73,27,163.60794506958337
73,28,158.20388768121484
73,29,168.71253786233137
73,30,177.54398895749182
73,31,173.1657824836584
73,32,177.398449559827
73,33,173.3951701062906
73,34,169.86634182279522
73,35,181.0110617192404
73,36,177.7334632151178
73,37,183.1248947281856
73,38,184.93620379392814
73,39,179.87523736023286
73,40,152.2748020655563
73,41,173.12502140784636
73,42,189.16615540609928
73,43,174.2105987474206
73,44,172.1642169009574
73,45,172.18998455234396
73,46,163.0814397881768
73,47,170.389364492803
73,48,170.38021252441104
73,49,185.30778884905158
73,50,163.5306405872543
73,51,170.2183165014285
73,52,161.3380893489666
73,53,176.61358846184157
73,54,160.3289273410628
73,55,167.51733799363137
73,56,173.95323334999557
73,57,171.4299309351918
73,58,171.3276371636166
73,59,168.55635389538656
73,60,165.66246836782375
73,61,171.01262977455917
73,62,161.68548506392108
73,63,181.27769031639036
73,64,167.75156697230705
73,65,183.7556566354615
73,66,172.58934519079048
73,67,164.86611179333704
73,68,167.95051459455863
73,69,170.32629256488872
73,70,173.37040950501978
73,71,176.47547780857712
73,72,173.96599689353025
73,73,178.4549628765526
73,74,155.36510443041334
73,75,163.3134364989819
73,76,162.73754631954944
73,77,158.30302830127766
73,78,155.3147102676594
73,79,169.75957530079177
73,80,146.445434577603
73,81,162.56237796907953
73,82,151.31380253947282
73,83,166.324328534698
73,84,160.1034857998893
73,85,162.7973062117817
73,86,158.67043992776598
73,87,161.91993235098198
73,88,157.8998145002115
73,89,158.3048870642233
73,90,153.21315508623957
73,91,170.2188933154539
73,92,170.1872314210923
73,93,153.57028972067928
73,94,156.0757099831826
73,95,150.88305614514684
73,96,140.78883379300532
73,97,165.57323810950038
73,98,142.7213004812511
73,99,158.23831717541907
73,100,152.2452050813299
73,101,145.66489119877224
73,102,162.5504694905685
73,103,160.73196549229033
73,104,156.1853496265685
73,105,167.01307788498525
73,106,159.87326358427526
73,107,153.4321382560447
73,108,140.81601166026667
73,109,147.42964113374182
73,110,142.4626551680558
73,111,145.0645609120984
73,112,162.0905312144023
74,1,140.5253485035646
74,2,119.51419211228495
74,3,142.75839759982773
74,4,129.3439807005343
74,5,146.1788764926605
74,6,143.9661331242387
74,7,134.34316582379688
74,8,131.18460791821417
74,9,147.7717932958767
74,10,135.40322922512132
74,11,138.6737722909893
74,12,135.34221060280106
74,13,140.78468280291418
74,14,128.53305962616287
74,15,139.49407825675735
74,16,147.2733065187931
74,17,132.67293308583612
74,18,146.00898700121616
74,19,124.83184902770154
74,20,139.7703148671717
74,21,117.7277145194821
74,22,135.09329682997486
74,23,125.0188187170279
74,24,128.07551353852614
74,25,130.56036583456444
74,26,119.17584870915744
74,27,132.43793405803444
74,28,139.0454600013909
74,29,132.5335228516342
74,30,151.54364427219843
74,31,115.1194739734783
74,32,137.34459786464868
74,33,139.46283792167378
74,34,131.32937968996703
74,35,139.9318491340091
74,36,127.9427158425824
74,37,136.3218195434456
74,38,139.24583537316357
74,39,119.34674232553516
74,40,132.48392594106554
74,41,126.7022688305442
74,42,146.2928840930399
74,43,148.31350121095602
74,44,141.0228119515814
74,45,131.81164645022363
74,46,130.59952539719234
74,47,127.57527649786789
74,48,128.48367901155143
74,49,123.71406650073186
74,50,125.94147095181688
74,51,138.20262665272458
74,52,123.73738862058963
74,53,137.1758542861062
74,54,140.23451021955407
74,55,127.9818846929411
74,56,129.68370523331396
74,57,131.0236670899758
74,58,126.78016963243135
74,59,128.7660466793168
74,60,140.88354304537643
74,61,124.97083993532578
74,62,125.9397710928315
74,63,122.93357383353577
74,64,136.3803219336114
74,65,137.68135305756005
74,66,150.35089712050103
74,67,138.18562579683203
74,68,135.2967069822771
74,69,123.38074613372737
74,70,125.93988584990439
74,71,127.51844538156001
74,72,127.80627776848269
74,73,121.14851607986202
74,74,133.74470376405225
74,75,126.68045907461783
74,76,135.0820255018334
74,77,126.4155740251299
74,78,131.4228093415877
74,79,126.23551338588004
74,80,128.6802033213462
74,81,121.52608087635599
74,82,120.7017963489343
74,83,128.56070389783417
74,84,133.03541880327975
74,85,115.06583781457448
74,86,116.58970523970493
74,87,132.04448843488353
74,88,135.77075083053205
74,89,124.98500531862373
74,90,126.8619047850807
74,91,109.31702367271646
74,92,115.70043838155107
74,93,120.5954176481464
74,94,132.07780778905726
74,95,116.38274499321415
74,96,117.93652618071064
74,97,124.12483719136799
74,98,113.55204121934366
74,99,137.08206928470463
74,100,118.31353800589568
74,101,133.6260414379649
74,102,117.3402345876093
74,103,126.30792920451495
74,104,122.70262023965188
74,105,116.63241468924389
74,106,123.9272808059759
74,107,103.69298398771207
74,108,130.7974365910777
74,109,118.01234167834627
74,110,117.09549365767452
74,111,125.7819119705091
74,112,111.15424795403669
74,113,114.02665638156759
74,114,110.08554776024539
74,115,110.79361351836997
74,116,139.33446828328306
74,117,107.6291030356806
74,118,114.83414078399073
74,119,112.05825476862083
74,120,115.10240436485037
74,121,111.93848056028946
74,122,123.85502015876409
74,123,112.13906836857495
74,124,110.58235299795342
74,125,124.9245225941122
74,126,117.47241620546265
74,127,114.93066627939697
74,128,128.29495190510352
74,129,103.87101019980037
74,130,123.06273646788031
74,131,120.44282174506225
74,132,112.5487147422682
74,133,111.22799573694647
74,134,115.04698293934052
74,135,106.26395851597772
74,136,115.02054934219632
74,137,102.49408835118811
75,1,165.85094477178063
75,2,154.71649979929498
75,3,169.26454441183887
75,4,151.31098538116203
75,5,160.37924569129245
75,6,148.14168430956488
75,7,151.841430890403
75,8,148.58407682918187
75,9,162.27385290026723
75,10,165.9619667150837
75,11,156.96095711155795
75,12,155.94173789558408
75,13,168.51796961123182
75,14,147.74589371174807
75,15,161.88236482109642
75,16,145.23953625472495
75,17,154.9288481507392
75,18,142.57278588843474
75,19,133.30123793047096
75,20,151.71283651859267
75,21,167.25040360917046
75,22,149.4536174695968
75,23,152.3891534209106
75,24,163.62196681383648
75,25,148.27035144605907
75,26,155.1180242082337
75,27,162.24608622156666
75,28,154.12926364017767
75,29,153.6471179049986
75,30,152.7663277521351
75,31,143.17696583231736
75,32,144.98609683319228
75,33,150.79788075176475
75,34,156.107093137849
75,35,149.00304803356994
75,36,152.48582886793884
75,37,161.0351135978999
75,38,160.52759749400138
75,39,163.62128026886785
75,40,133.4983584612055
75,41,145.0450435892417
75,42,150.32986910831823
75,43,148.09994360354904
75,44,153.08692451518436
75,45,139.46312456276792
75,46,158.15202264979598
75,47,148.43025962472893
75,48,155.37629914954596
75,49,126.81046763244376
75,50,134.20240344160993
75,51,168.83914881612873
75,52,139.22841791409883
75,53,150.28247990751697
75,54,140.06914174089616
75,55,156.36598445643904
75,56,146.39716907055117
75,57,150.01717816991732
75,58,143.73633696597244
75,59,151.70545961086464
75,60,148.07948511671566
75,61,136.3051705408434
75,62,158.51820723022684
75,63,149.04966235277243
75,64,137.16820863699832
75,65,136.58555237906694
75,66,142.6219901124132
75,67,141.90278416164801
75,68,151.8975503076217
75,69,161.73495710622228
75,70,138.67075931752333
75,71,142.1669823530974
75,72,136.17192427553528
75,73,139.5831325990439
75,74,135.3590888010658
75,75,127.78117763680348
75,76,146.06701578920183
75,77,144.91291768370138
75,78,119.66131660084648
75,79,148.7558803048014
75,80,129.66647601999284
75,81,140.80719689140096
75,82,133.85159728543658
75,83,148.85245952842524
75,84,127.26238744257716
75,85,140.150070974938
75,86,117.27838836825686
75,87,149.59826676135708
75,88,148.53182262173505
76,1,170.6772739373555
76,2,177.54769928843598
76,3,164.25271202433214
76,4,169.11972430457536
76,5,163.68866123790212
76,6,183.36370602654642
76,7,170.67977808069554
76,8,171.90555892365228
76,9,184.03933668875834
76,10,173.83329716869048
76,11,168.4845298260334
76,12,167.39678461418953
76,13,173.71492354599468
76,14,166.82912053847394
76,15,181.10843782531447
76,16,174.2245172415278
76,17,179.5011788965785
76,18,174.9581085468526
76,19,183.90274324233178
76,20,173.88147309265332
76,21,177.1329853455827
76,22,176.39500715959002
76,23,166.15159220019996
76,24,161.78227295173565
76,25,165.6359108965844
76,26,165.76869109160907
76,27,179.03403944527963
76,28,178.80472773202928
76,29,165.8324499083974
76,30,169.5127698534052
76,31,168.6099445160071
76,32,178.80992743253591
76,33,175.5321421832923
76,34,178.87790205971396
76,35,180.24081702556578
76,36,186.19503145663475
76,37,179.27993395646627
76,38,178.12999469011265
76,39,171.18913085080567
76,40,178.72515453818778
76,41,182.19122442169464
76,42,178.61868445073196
76,43,178.43095029849792
76,44,175.57850057764153
76,45,174.25084606188466
76,46,145.8494299382437
76,47,182.2444138253486
76,48,156.23373737109068
76,49,181.55329865738167
76,50,163.7383295861364
76,51,170.7910286654369
76,52,169.66047269353294
76,53,166.13397297424672
76,54,179.52166068060615
76,55,163.81469090688915
76,56,167.1362205325131
76,57,173.67292715334042
76,58,179.77421606250573
76,59,167.14667708011984
76,60,169.29995310744562
76,61,178.3751491910225
76,62,164.61269712813373
76,63,180.63866281797527
76,64,167.06380004499806
76,65,168.24351327198383
76,66,170.74306296168652
76,67,167.73170677373128
76,68,157.10404587372614
76,69,157.02377565157076
76,70,158.49618325621122
76,71,157.05354020810046
76,72,166.21542154625058
76,73,165.42692175059346
76,74,165.53920903506514
76,75,150.46113520205836
76,76,165.06630021554884
76,77,146.8958431804931
76,78,138.6807826263248
76,79,160.01932125509484
76,80,160.76010740737547
76,81,157.01234470329655
76,82,161.90251318768424
76,83,163.85100788349519
76,84,171.06773277177126
76,85,153.4159525783616
76,86,160.9340706965304
76,87,157.5019504368829
76,88,157.39356634902651
76,89,165.05523599940352
76,90,158.0731304367364
76,91,172.0062015928561
76,92,145.27842820565274
76,93,163.55913576713647
76,94,160.14041701350652
76,95,153.93460921196674
76,96,156.36844958824804
76,97,174.48528084078862
76,98,156.00270532765717
76,99,162.65744063985767
76,100,136.725823729299
76,101,157.96473927848274
76,102,148.03917995275697
76,103,153.51893875573296
76,104,161.67853948478296
76,105,161.35210695244314
76,106,141.05646146743675
76,107,151.86424032818468
76,108,144.00359754430247
76,109,135.79695670456567
76,110,164.1210282571119
76,111,166.1389775009593
76,112,134.36208518959756
76,113,136.30320063729596
76,114,152.19698227144545
76,115,138.08514223732345
76,116,163.57890599656093
76,117,135.13338387329713
76,118,128.1546569342463
76,119,154.01594950872823
76,120,144.61224674867117
76,121,136.72678894459386
76,122,137.0934372904885
76,123,134.71612980694044
76,124,148.1827345539932
76,125,119.63517399421835
76,126,139.78378478687955
76,127,157.8092390341917
76,128,127.30868377357547
76,129,142.37389710731804
76,130,124.18451917871425
76,131,121.06907524690905
76,132,135.1248547904106
76,133,147.32395145755436
76,134,108.9485756563081
76,135,125.91322226573539
76,136,117.25443662243197
76,137,128.6563385190675
76,138,140.54214846499963
76,139,119.90828877869353
76,140,115.52497269363084
76,141,119.53451003749797
76,142,117.75606746358972
76,143,125.61568808068114
76,144,120.65765947016189
76,145,129.91875878088467
76,146,106.78138653071073
76,147,119.81265986971266
76,148,126.6377220935392
76,149,117.27310884668259
76,150,102.31611626858648
76,151,115.87637115064717
76,152,115.37038495301385
76,153,117.45686112178373
76,154,96.8699388907844
76,155,112.61877609144722
76,156,117.1268183352513
76,157,99.33007806657406
76,158,100.76787419979519
76,159,94.77169146307278
76,160,103.51149033830734
76,161,92.66902085652691
76,162,98.25749648403144
76,163,93.79842766126967
76,164,94.66043784614885
76,165,90.55229552843957
76,166,87.32355667359661
76,167,70.59843149819062
76,168,64.89173282652337
76,169,90.7625833076745
76,170,73.66189510239928
76,171,80.32827139191795
76,172,70.69651945133228
76,173,62.409332793948124
76,174,80.47872112874757
76,175,74.00144868399366
76,176,86.71868152597744
76,177,55.83080809097737
76,178,54.11256661993684
76,179,56.28730569295294
76,180,60.61789980097092
76,181,76.5130074552435
76,182,54.826285488685244
76,183,59.26037172418728
76,184,50.41841609416588
76,185,52.33863573691633
76,186,37.363904851619736
76,187,45.004828457545955
76,188,32.075325041951146
76,189,49.99306600770797
76,190,44.967533090515644
76,191,28.117843544765492
76,192,27.003826943662716
76,193,24.903201587178046
76,194,5.5793816977820825
76,195,30.09160471506766
76,196,26.868154697105638
76,197,18.81873662977887
76,198,1.0391729979310185
76,199,8.23308093896776
76,200,8.36087208914978
76,201,-4.0324612090334995
76,202,4.380233626492554
76,203,-4.549567290436244
76,204,-24.24881516226742
76,205,-8.91384093085071
77,1,162.01662368404504
77,2,158.68947920233768
77,3,152.51488730275014
77,4,160.0612418257515
77,5,170.5332182021957
77,6,176.69977395195747
77,7,171.088872433058
77,8,150.87590053357417
77,9,166.57376552271307
77,10,170.52740014056326
77,11,172.77026466118696
77,12,158.0990508787654
77,13,164.92818576545687
77,14,164.64138483926945
77,15,153.66360692720627
77,16,147.16264684886846
77,17,168.9584779010911
77,18,174.77145184089022
77,19,180.48389024258358
77,20,158.63881379946542
77,21,160.99691769915808
77,22,165.04197936489072
77,23,160.70156138662423
77,24,159.74313988712674
77,25,170.41555572701327
77,26,160.1357466665504
77,27,141.4535890884581
77,28,167.98975955306378
77,29,161.4395404134557
77,30,167.13134840971907
77,31,158.09356698437477
77,32,149.23504029383184
77,33,165.58506661013234
77,34,169.7384808595234
77,35,151.059528531885
77,36,162.52273125958163
77,37,149.48759631848952
77,38,150.25461685145274
77,39,168.88573280256242
77,40,157.79176950495457
77,41,158.25871106279374
77,42,154.1771159592172
77,43,155.17839966891916
77,44,153.4216680205427
77,45,155.34857365085918
77,46,135.81956815038575
77,47,156.14409752486972
77,48,168.3364543477801
77,49,148.2057567066513
77,50,154.22058883309364
77,51,152.25141020672163
77,52,153.24586381809786
77,53,165.81436464849685
77,54,175.79537484746834
77,55,166.98875442476128
77,56,154.36183989031997
77,57,157.45934630263946
77,58,160.3062077314098
77,59,166.5148562323302
77,60,149.89564608463843
77,61,154.94480593217304
77,62,158.77521901960426
77,63,141.2889009197097
77,64,140.44785288859566
77,65,152.94501650998427
77,66,162.88900903236936
77,67,157.7249105484807
77,68,147.04732295585563
77,69,145.88571284089994
77,70,137.13047924359853
77,71,149.1670184407849
77,72,162.7080291097227
77,73,140.53815430775285
77,74,143.47480167499452
77,75,140.17296955990605
77,76,141.90847193931404
77,77,130.72705282233073
77,78,146.11648346659786
77,79,142.13017951752408
77,80,141.67886270293093
77,81,132.21238360849384
77,82,149.98509162025584
77,83,145.49301764255506
77,84,139.5381998744706
77,85,154.01106676137715
77,86,141.52296663465677
77,87,133.12892640862265
77,88,153.37160516505537
77,89,149.93498041121347
77,90,153.38621165933728
77,91,137.21734757660306
77,92,147.17327160683635
77,93,142.13720887216914
77,94,139.69174173864303
77,95,135.8785710061493
77,96,146.68806260619021
77,97,147.9730813298229
77,98,138.11920396183268
77,99,142.12086606904631
77,100,137.89323774701916
77,101,149.64603328677185
77,102,139.07279383280547
77,103,149.27886944076454
77,104,132.78560788257164
77,105,133.08637725544395
77,106,147.1048694688361
77,107,149.52038650706527
77,108,144.7511283790227
77,109,134.50838694821869
77,110,125.4786375801923
77,111,125.49328510582563
77,112,114.90718084957916
77,113,142.87743100854277
77,114,135.3907566939597
77,115,118.11726038031338
77,116,126.53064504622307
77,117,129.57935650806758
77,118,112.67977584220353
77,119,112.74477333728282
77,120,118.10676057676028
77,121,118.99854127840081
77,122,133.6733206254139
77,123,123.91277455119416
77,124,131.27716509129095
77,125,127.47826284727489
77,126,124.22389785095584
77,127,121.35507422029332
77,128,122.68967706606782
77,129,108.21662631254003
77,130,110.91157881739491
77,131,119.78049586949055
77,132,120.45160631131148
77,133,106.33578846116143
77,134,109.52210646870662
77,135,108.87315131358628
77,136,110.7981069788948
77,137,108.01487966089917
77,138,116.62932633589662
77,139,121.612566398122
77,140,113.86738511707517
77,141,105.84480510705907
77,142,101.2357709354983
77,143,96.8953031192359
77,144,111.75779463055369
77,145,81.376703785485
77,146,105.28451302219764
77,147,88.34484619846626
77,148,85.70342510905175
77,149,101.10598761805159
77,150,83.72429309888685
77,151,84.53141014550056
77,152,93.19958042589133
77,153,97.20334096826264
77,154,92.39486600569217
77,155,79.26346101988747
77,156,91.45933673891705
77,157,85.35567438254657
77,158,86.54337219294393
77,159,90.39179949159734
77,160,66.67305110690359
77,161,80.14506087308109
77,162,61.432901652835426
78,1,190.18335622473387
78,2,181.77822682308033
78,3,203.3615157854947
78,4,182.3445904572145
78,5,172.37159844249254
78,6,201.50195930636255
78,7,179.70532857012586
78,8,194.5870075191924
78,9,183.2257739110064
78,10,189.28481728833867
78,11,201.06177574335015
78,12,193.98638874026074
78,13,192.9042785348429
78,14,197.99067003038363
78,15,198.6172755419393
78,16,199.4458912574337
78,17,205.16781078046188
78,18,196.08841563070018
78,19,176.73187268251786
78,20,183.2685737737047
78,21,170.53418671092368
78,22,177.23722313679173
78,23,183.47888229788805
78,24,201.5565346214571
78,25,185.5294222522789
78,26,187.93373806787713
78,27,184.7826224816381
78,28,181.0367942959856
78,29,195.0298236586823
78,30,185.78862970753107
78,31,187.88973213307327
78,32,164.3221581398975
78,33,196.39691277784004
78,34,186.84067941698595
78,35,202.34816556422447
78,36,193.3240151367354
78,37,173.31554371898528
78,38,180.96063395192323
78,39,177.82356513982813
78,40,172.9446422123583
78,41,169.6382088278333
78,42,190.7775643857458
78,43,176.00999500846956
78,44,174.89966310199816
78,45,186.46011675284535
78,46,169.05327363066317
78,47,174.701023637841
78,48,171.66900717538374
78,49,193.1470250972634
78,50,191.97801539942157
78,51,188.25336804291874
78,52,181.94401338801254
78,53,186.88414152350742
78,54,183.50873698235955
78,55,181.59388456116721
78,56,173.0726735346252
78,57,183.54755130424746
78,58,183.64240469658398
78,59,200.88999813757255
78,60,187.73295064384
78,61,182.98435647597944
78,62,191.02397230088536
78,63,173.39832784961618
78,64,172.33726858787122
78,65,179.49969899794087
78,66,173.38152088185598
78,67,180.26494058161916
78,68,187.35486422166287
78,69,194.31645714236947
78,70,172.81644190502993
78,71,180.60100567938935
78,72,185.67973564764543
79,1,163.16562735423213
79,2,165.39632386552694
79,3,153.43393978549284
79,4,156.83686869095254
79,5,164.5423598109046
79,6,164.5740446740092
79,7,154.71822008522577
79,8,161.2661859813379
79,9,158.28935374294815
79,10,159.9044790234766
79,11,168.60037777260004
79,12,165.5438582846691
79,13,149.48911352574942
79,14,170.4416606817249
79,15,170.84017712491914
79,16,172.64303146503516
79,17,147.10739430214744
79,18,169.6464575995342
79,19,145.3757112759049
79,20,158.47911262951675
79,21,156.44490070591564
79,22,170.54069221123063
79,23,159.19448348305013
79,24,175.59905156848254
79,25,146.980754453165
79,26,137.64096754894126
79,27,155.36979908143985
79,28,164.4135819987132
79,29,145.4435974067892
79,30,147.14808252966031
79,31,147.04147683270276
79,32,166.46175645994663
79,33,161.09148227245896
79,34,152.48581292496237
79,35,154.02064960834105
79,36,151.82719609729247
79,37,152.00157262486755
79,38,168.0739798671566
79,39,147.61032296088524
79,40,165.9988524303626
79,41,147.7353278817027
79,42,144.31596655136673
79,43,149.75548492500093
79,44,140.89746612230374
79,45,147.44476371376368
79,46,158.12248414522037
79,47,144.4841182338714
79,48,172.68538415871444
79,49,149.91312178318913
79,50,157.96964156348258
79,51,135.2609299650794
79,52,137.1406924261537
79,53,151.31056526734028
79,54,144.67022498958977
79,55,138.89973997500783
79,56,152.4275649777701
79,57,160.29394172468164
79,58,150.904776107418
79,59,167.76944197514968
79,60,154.26556015975075
79,61,148.28223203813832
79,62,143.4561974859098
79,63,141.38401179254288
79,64,142.81541199934145
79,65,152.9891099473898
79,66,144.6188793934998
79,67,145.1432046040136
79,68,140.18531191283546
79,69,149.32753173660603
79,70,136.02692174704862
79,71,152.43662094745378
79,72,138.1641404414404
79,73,141.36935043231642
79,74,135.59679911572312
79,75,139.85922901605954
79,76,130.90312267793342
79,77,160.22421755359392
79,78,162.77728140051477
79,79,144.52671169846144
79,80,138.03296017021057
79,81,150.3928830770892
79,82,145.2253078874055
79,83,134.14489417253935
79,84,138.1808490993426
79,85,127.02001955146261
79,86,140.89378042709723
79,87,137.03461412551405
79,88,124.64712390009663
79,89,138.0805758554052
79,90,144.8286322281201
79,91,122.03907298858394
79,92,135.97114070762473
79,93,142.16061011949205
79,94,119.43989321590925
79,95,132.88383662627894
79,96,118.71555840052315
79,97,146.7607558817399
79,98,130.4361706670752
79,99,140.07271780802694
79,100,131.79680632220698
79,101,119.21043666686455
80,1,144.6918117821624
80,2,123.28734042706492
80,3,131.14379245464806
80,4,148.98281997941376
80,5,150.18435884309292
80,6,142.63800842306227
80,7,132.46433917914692
80,8,147.7217565226456
80,9,133.8797863193322
80,10,145.58337825261697
80,11,146.65322729366017
80,12,122.55375522754912
80,13,147.70832019794034
80,14,138.75362281835987
80,15,142.85710759533686
80,16,138.9663428421918
80,17,142.33499591586587
80,18,139.47506035363767
80,19,139.91480370119098
80,20,122.26344092832005
80,21,127.0768813531613
80,22,137.26629776546906
80,23,134.99307798755763
80,24,135.34014377740095
80,25,140.06278475130966
80,26,156.46676545812807
80,27,144.0199994520226
80,28,139.3808240208018
80,29,135.96411027373688
80,30,129.12212057951547
80,31,150.84105353051564
80,32,152.94249701655644
80,33,156.71297791493998
80,34,138.87175786483567
80,35,146.62697629268223
80,36,149.3370107475639
80,37,134.68767562239373
80,38,146.87267723331752
80,39,131.5282685857528
80,40,123.42615187511547
80,41,131.58344443650276
80,42,132.55135202824022
80,43,141.96126744322828
80,44,141.10874470083218
80,45,150.08004053968762
80,46,131.89635210242704
80,47,142.85816190649348
80,48,130.79664055073226
80,49,131.81637041911017
80,50,146.3114489177242
80,51,142.01982817529642
80,52,137.7581355538714
80,53,136.59326746754232
80,54,123.57042737091251
80,55,144.11401341488818
80,56,126.90269136795541
80,57,137.66866342897993
80,58,129.6685965571669
80,59,151.94148767046863
80,60,139.34505745342176
80,61,133.76387233093556
80,62,143.8124379793735
80,63,138.87195348991372
80,64,129.15043292858172
80,65,148.76217451384582
80,66,123.54075604719401
80,67,133.16270315604925
80,68,145.62887887981196
80,69,120.9632372718188
80,70,131.1131758915144
80,71,134.85099512869783
80,72,124.5255557839846
80,73,134.0141840577271
80,74,143.73133615098777
80,75,130.2040367587906
80,76,132.1923272140266
80,77,106.69040885785944
80,78,142.71958415635163
80,79,141.56787589084706
80,80,127.01194635257707
80,81,126.01587719233066
80,82,138.67648882011417
80,83,144.41427176141588
80,84,133.89480532357993
80,85,143.00628664321266
80,86,118.78583106552833
80,87,141.39946539732045
80,88,136.79165809424012
80,89,139.1084151409741
80,90,115.18331227818271
80,91,136.3034676255338
80,92,126.1999249724031
80,93,134.39182149355474
80,94,120.32336247499916
80,95,112.60774580403813
80,96,123.36163686936197
80,97,110.9064251210948
80,98,121.14095115014061
80,99,121.6638992435619
80,100,117.99492912650749
80,101,118.3042071070522
80,102,127.82006240036571
80,103,123.28556333032611
80,104,120.54718913527904
80,105,101.1100078937452
80,106,117.58118438432575
80,107,123.27780376409646
80,108,115.7333023553656
80,109,127.26054957123415
80,110,115.55527915291896
80,111,120.00527297894587
80,112,120.12139215755451
80,113,124.8080453989387
80,114,117.3726826828788
80,115,120.89257106307195
80,116,115.64530228660442
80,117,102.74749531068665
80,118,115.7586828917556
80,119,109.4761884152831
80,120,109.52436412333918
80,121,102.50579370753258
80,122,109.52922127502097
80,123,109.54472791067383
80,124,119.06829602028301
80,125,104.07010281464318
80,126,109.39189723934396
80,127,110.00699885933136
80,128,126.4345684574946
80,129,106.26527637260733
80,130,117.48524684317817
80,131,122.43636778212385
80,132,95.71410344561446
80,133,93.34813807542378
81,1,145.31097227118153
81,2,157.99968322130735
81,3,157.03447963797953
81,4,135.15860112321388
81,5,154.28599559911527
81,6,155.49549870783812
81,7,148.70348676585127
81,8,159.1708380865457
81,9,156.35021292760212
81,10,145.20238541840808
81,11,147.43073741377157
81,12,156.33469879323093
81,13,151.10680358133686
81,14,168.2536350189912
81,15,146.15625991148409
81,16,148.50439465677482
81,17,166.99432590590732
81,18,149.89292481068696
81,19,146.68301460315706
81,20,148.6855916834902
81,21,154.4127599147323
81,22,148.70070021846914
81,23,161.0620508438442
81,24,159.00593957069214
81,25,157.9466416700452
81,26,148.17325704508403
81,27,149.18005871296918
81,28,149.4604072780494
81,29,161.60177386876603
81,30,146.19552453354117
81,31,144.52882676232548
81,32,157.972391748699
81,33,166.00368440360762
81,34,134.42544073640602
81,35,133.9843292893347
81,36,137.8045659418276
81,37,158.6499827387306
81,38,164.9416731143865
81,39,159.61555467447033
81,40,119.97627031324373
81,41,148.7158353041159
81,42,150.7550541261444
81,43,148.30035388331453
81,44,141.78476800107455
81,45,141.3211518440803
81,46,145.12553383025806
81,47,142.42401639852324
81,48,145.17311326864
81,49,137.86164607599494
81,50,157.0392704396072
81,51,157.93019613192882
81,52,146.094314639995
81,53,153.26989481855708
81,54,135.05331262398977
81,55,128.9726393399178
81,56,160.66550029916107
81,57,153.29395435647166
81,58,155.35848278280173
81,59,137.8750850417564
81,60,141.6854553114681
81,61,139.42858099176374
81,62,134.6828497905517
81,63,143.56023763891426
81,64,141.25151884614024
81,65,161.65459949876822
81,66,149.52435645845253
81,67,153.10709572187625
81,68,139.49572391390393
81,69,160.48722829342296
81,70,142.00992332714668
81,71,137.04102449429047
81,72,141.43508177051262
81,73,130.6538057817379
81,74,147.33914088360325
81,75,153.37384480440232
81,76,137.57788184036326
81,77,134.35926387555082
81,78,139.86404252736247
81,79,148.01563175919
81,80,138.28933981600858
81,81,135.5804317239381
81,82,133.92458939256903
81,83,152.94699064388988
81,84,140.8360800259834
81,85,138.35548187552195
81,86,135.17162428311713
81,87,160.1570870661526
81,88,149.2661758895847
81,89,138.54790294085979
81,90,135.2502871520701
81,91,149.0442384731141
81,92,158.1144783036434
81,93,150.18882096011657
81,94,143.25121454393957
81,95,124.46893089629884
81,96,139.54009317191958
81,97,127.94340065485449
81,98,134.70989258176996
81,99,139.18837418264593
81,100,139.068272359611
81,101,131.82223170416546
81,102,133.63972268620273
81,103,137.61823249309964
81,104,114.2224930231605
81,105,126.64625795617758
81,106,133.76146585680544
81,107,137.25824579432083
81,108,132.48641273209068
81,109,125.49623545350914
81,110,112.64467994018923
81,111,122.36063496995484
81,112,129.61152582953218
81,113,130.96500513344654
81,114,129.83565005927812
81,115,131.30965305249265
81,116,128.24351820521406
81,117,127.12939002110215
81,118,121.40849951727432
81,119,115.52444444422144
81,120,126.87422265775967
81,121,122.7246827777708
81,122,123.06170934342663
81,123,99.1913842050999
81,124,115.9098559171398
81,125,118.10293822227686
81,126,112.91959643183509
81,127,123.45895208783622
81,128,122.61849778334727
81,129,124.52141122965259
81,130,122.42690190550638
81,131,116.6841857154941
81,132,117.97176230505283
81,133,104.55267024193017
81,134,114.83152344779228
81,135,110.31154219024756
81,136,118.09303324844223
81,137,116.38901836541481
81,138,120.81716109218542
81,139,111.46706909277418
81,140,105.77791480247106
81,141,104.3886909041612
81,142,115.98412027893937
81,143,122.51909117442847
81,144,111.1269767282356
81,145,106.95847940167005
81,146,117.20841427035339
81,147,100.16300152489566
81,148,97.49979464929493
81,149,92.29139440772997
81,150,102.15001155574282
81,151,100.98469901800854
81,152,107.07765033126634
81,153,82.1272151068988
81,154,94.00647706443851
81,155,102.56890971091343
81,156,85.2920559875347
81,157,91.52161923782842
81,158,103.64447159854171
81,159,84.69666033452086
81,160,104.31216142838821
81,161,92.15173088127631
81,162,97.00190404400928
81,163,79.51475546466827
81,164,87.99835590366274
81,165,85.97495465297834
81,166,83.64131453011942
81,167,85.80057387820852
81,168,74.59600351049448
81,169,68.81773172960675
81,170,58.46072730202286
81,171,69.52672049569082
81,172,72.19570966088213
81,173,66.70459555670095
81,174,71.30422401503893
81,175,63.374616556757246
81,176,81.71385405441106
81,177,69.07210012874566
81,178,75.99100713669031
81,179,72.02231228261371
81,180,68.43690858126502
81,181,52.60540599646629
81,182,67.57632952457061
81,183,45.88012604370306
81,184,45.46700950617378
81,185,46.67574348021299
81,186,64.63667753053596
81,187,62.86196380064939
81,188,54.372830807755236
81,189,54.25080536988389
81,190,38.00566035958764
81,191,50.654883298193454
81,192,42.715473776785075
81,193,41.7945493584557
81,194,36.18818811197707
81,195,38.59843191179971
81,196,41.200898955750745
81,197,27.542322715031332
81,198,41.14301615937438
81,199,30.079543723157258
81,200,35.64252956320706
81,201,24.794533147651237
81,202,23.6761598525336
81,203,25.996371058296063
81,204,30.704414032079512
81,205,18.485815207459382
81,206,13.664358577254461
81,207,22.93790201835509
81,208,7.91708784000366
81,209,5.395273350586649
81,210,3.477513665740844
81,211,-4.956372580752941
81,212,-12.938265497316024
81,213,-2.550477860015235
82,1,152.27992796748003
82,2,161.1737955076096
82,3,166.4760671860131
82,4,137.3207988759532
82,5,152.0014875367342
82,6,141.03497646967298
82,7,169.83031291741645
82,8,145.78592210369243
82,9,152.00026485932176
82,10,155.7121731400257
82,11,152.36717383819632
82,12,151.1917354038451
82,13,159.2813908274111
82,14,143.88567812379915
82,15,158.2459339776251
82,16,158.58564145542914
82,17,159.14564420403622
82,18,169.35781873016094
82,19,152.94841182642267
82,20,144.50820182604366
82,21,163.86876058809867
82,22,151.8010400194471
82,23,157.09732809395064
82,24,144.8220579651388
82,25,164.50710456067463
82,26,148.6116387420916
82,27,155.44540378901002
82,28,135.3656458598125
82,29,130.86800371858408
82,30,159.20288247725694
82,31,159.93969614851812
82,32,150.4957192112779
82,33,159.38660656524007
82,34,156.15432452668028
82,35,138.6319035478664
82,36,135.62098792433972
82,37,138.75403523746354
82,38,142.4199422399397
82,39,143.37968866390293
82,40,147.07358897653467
82,41,153.01908731170988
82,42,151.2318471657054
82,43,148.05510810937267
82,44,149.0313298824185
82,45,158.59708463476272
82,46,143.95682040219253
82,47,144.90812813364028
82,48,147.94076721086458
82,49,148.9476342802518
82,50,139.03924086439656
82,51,129.19635898378328
82,52,142.60419250624545
82,53,136.17025546962395
82,54,140.44851213367656
82,55,137.67341051620315
82,56,142.46692729281494
82,57,147.01522157955333
82,58,141.53536800833535
82,59,151.246410655207
82,60,151.65400591834623
82,61,140.50265812121506
82,62,138.25434721483907
82,63,157.7346498159459
82,64,146.2740227869217
82,65,157.40565835830057
82,66,143.6695429046522
82,67,145.91659212636296
82,68,145.11675489689515
82,69,137.2093478195893
82,70,146.85023032817116
82,71,149.31971713180246
82,72,152.58799262499087
82,73,136.92981917093857
82,74,144.01311623913352
82,75,139.94909643365827
82,76,143.80886306117463
82,77,140.49260614230298
82,78,137.33862946313457
82,79,130.5093057165941
82,80,137.9600007806439
82,81,109.44943160006369
82,82,131.65671676582133
82,83,136.31471654989582
82,84,138.04540431730857
82,85,148.69195875368314
82,86,139.68732726055896
82,87,134.48639862630807
82,88,138.38142919784877
82,89,123.25734540582926
82,90,133.38776846803376
82,91,126.20378829397669
82,92,129.27070257243759
82,93,127.53931891341927
82,94,144.6266844625061
82,95,132.5193192376464
82,96,132.04947746029939
82,97,125.36662483321561
82,98,125.34701850276906
82,99,121.29852834749909
82,100,119.88141810434172
82,101,122.3229521598405
82,102,117.3117665128666
82,103,112.4402234335721
82,104,111.49664783879416
82,105,107.094564652376
82,106,126.27659683449019
82,107,129.0354932112241
82,108,100.35040030447999
82,109,127.60267665574793
82,110,105.28711218318495
82,111,109.67973651588545
82,112,119.65786846357514
82,113,116.67050299824041
82,114,101.00434004384442
82,115,101.74187112112122
82,116,116.79841901267355
82,117,110.24054666346638
82,118,106.12460565347283
82,119,106.40018618684553
82,120,122.09360561422363
82,121,117.10778370007756
82,122,113.66518228508357
82,123,100.14243633000297
82,124,114.12485249240126
82,125,92.85019778675633
82,126,103.77783210299094
82,127,97.41538904653862
82,128,100.39772194533725
82,129,104.1506348917901
82,130,90.80508075693797
82,131,90.93820625821536
82,132,96.52179688254546
82,133,90.78001107154705
82,134,96.07410151613294
82,135,100.65543005982181
82,136,87.87246025107743
82,137,78.1257845020591
82,138,74.08021297911182
82,139,77.94767829691409
82,140,76.78847602910537
82,141,77.09800814652408
82,142,82.1698853475682
82,143,70.00665726959414
82,144,78.27030944752914
82,145,77.33708457785542
82,146,71.21295185142662
82,147,75.11150157733937
82,148,56.01717886015831
82,149,65.36533500396763
82,150,55.930154863744974
82,151,59.04064409653074
82,152,52.40869057099917
82,153,56.66530958539806
82,154,62.61176237427571
82,155,53.87376525183208
82,156,41.04926700738724
82,157,42.72981551979319
82,158,41.6324349764036
82,159,32.519689124208526
82,160,26.109913655061973
82,161,31.819479632511502
82,162,11.943743837910006
83,1,144.98930479479895
83,2,150.76575983122166
83,3,155.81472646744805
83,4,153.00221524490917
83,5,155.93625609226
83,6,138.0114234842622
83,7,149.59602346290194
83,8,153.9834814002097
83,9,149.7655220307497
83,10,154.3367045049963
83,11,152.66380573606875
83,12,144.67303428325977
83,13,153.6036602002132
83,14,151.51815861696377
83,15,162.4991210988519
83,16,146.40195309792762
83,17,162.3724650766526
83,18,143.9871018636186
83,19,157.40702967475227
83,20,142.73614834270847
83,21,158.75057067764283
83,22,149.8148431594018
83,23,149.84164560833597
83,24,148.44188920968736
83,25,138.3164752893208
83,26,142.8541619413154
83,27,174.99372037268768
83,28,148.36572146510298
83,29,152.68851581581112
83,30,162.48637304267322
83,31,134.1793205341819
83,32,136.61306356544083
83,33,142.2670575325319
83,34,151.9066186202108
83,35,172.18250394266215
83,36,144.26273364013468
83,37,143.93005746346898
83,38,140.54154850562918
83,39,152.8514908811485
83,40,164.0730589129962
83,41,148.29125767106598
83,42,155.5338730938529
83,43,147.88088683881506
83,44,139.9725079471391
83,45,132.0385804947291
83,46,122.69438097097736
83,47,146.28246778057655
83,48,148.99827200965956
83,49,155.20931090159866
83,50,127.63121615943965
83,51,141.5013966323022
83,52,157.18202960955387
83,53,136.61725744283467
83,54,142.55904792154615
83,55,157.68066146229103
83,56,139.41767359471123
83,57,143.75516310086823
83,58,149.75700277421856
83,59,136.54933045452344
83,60,144.1650558146648
83,61,133.73716788172896
83,62,155.15435295228963
83,63,146.63156468661327
83,64,143.14984669332625
83,65,139.52162804050022
83,66,138.16141652147053
83,67,136.337950516172
83,68,148.6548045049567
83,69,142.07558554758725
83,70,153.29203039602726
83,71,146.92076047581213
83,72,148.60979559838597
83,73,131.6812022584054
84,1,140.61939174214785
84,2,158.02281989270705
84,3,132.50552733354561
84,4,155.36347641554312
84,5,143.92442557525646
84,6,135.77748193580192
84,7,143.46364376741985
84,8,132.0091756903712
84,9,123.74617558790487
84,10,124.149154100538
84,11,143.91128642248805
84,12,143.3091350884206
84,13,142.5628209521965
84,14,124.63516873180924
84,15,140.9928780955088
84,16,142.75403189087228
84,17,148.4630309434142
84,18,148.1902130714152
84,19,147.20419522254087
84,20,144.49124575014866
84,21,145.66908414362115
84,22,125.3281868606864
84,23,144.57242966309423
84,24,143.2013160464703
84,25,145.181748255025
84,26,134.54967372909596
84,27,137.58417676296085
84,28,136.25992151815444
84,29,139.20775928371586
84,30,143.05895984434756
84,31,126.81688908800425
84,32,120.3941712234082
84,33,125.40009593972354
84,34,154.28243407423724
84,35,128.04770773368364
84,36,143.64204907850944
84,37,129.52260197007854
84,38,147.61888134627952
84,39,135.9210654204071
84,40,124.97283619092195
84,41,131.33426315417455
84,42,155.49535322622978
84,43,149.38968193120672
84,44,133.89324212411884
84,45,128.80494408182858
84,46,118.71792776472284
84,47,136.80711297050584
84,48,150.12427550324355
84,49,146.8296018849942
84,50,122.24479854256788
84,51,121.3369940953271
84,52,128.98713285116537
84,53,146.53999070916325
84,54,132.8875645865919
84,55,141.01829598398763
84,56,130.92471442169335
84,57,125.0511068928754
84,58,133.99600889658905
84,59,115.01891726788017
84,60,128.29102150248946
84,61,116.87268373800907
84,62,147.50780573168595
84,63,131.84317063330673
84,64,146.0480633847037
84,65,138.25327805061534
84,66,125.09732734506542
84,67,131.91957434282813
84,68,119.72865901369369
84,69,127.27015550175565
84,70,123.21365986825549
84,71,132.42387832532404
84,72,124.24718083815242
84,73,124.82496301566425
84,74,145.68489185466024
84,75,138.96329087713093
84,76,133.5824035165424
84,77,146.30362616831553
84,78,134.93058479731553
84,79,125.21273014826875
84,80,131.30429565248778
84,81,125.33431379286048
84,82,129.44158782673185
84,83,131.85388879824313
84,84,133.47071392284124
84,85,137.99624175412464
84,86,125.6543202472385
84,87,116.92713625014585
84,88,149.81759379571304
84,89,112.19461898769077
84,90,127.41229006682988
84,91,131.54895661424962
84,92,123.15516396105522
84,93,130.93374967393174
84,94,122.04609476664336
84,95,121.13573047741374
84,96,113.2938555584551
84,97,135.52481877706305
84,98,116.06110976614582
84,99,136.9513124197547
84,100,109.90797450378886
84,101,113.48181983317772
84,102,128.17194982890214
84,103,118.02967248011555
84,104,135.10402548318962
84,105,126.01487855240703
84,106,119.39692043942341
84,107,114.30002903017157
84,108,114.91732507213601
84,109,95.34161724853038
84,110,120.06507145123032
84,111,121.11700587895757
84,112,128.77546676725615
84,113,121.87167022148788
84,114,122.45721682044677
84,115,123.24431356452988
84,116,119.35824863376911
84,117,139.84102774588973
84,118,123.72612173199013
84,119,127.09737674800272
84,120,104.04152623708069
84,121,121.56320330356539
84,122,116.65139370448014
84,123,121.52725582338462
84,124,113.32327535493823
84,125,123.82776618006756
84,126,112.64256439093151
84,127,128.7333031080634
84,128,130.68405195247033
84,129,109.5210427431739
84,130,97.16482377625653
84,131,118.98216689401306
84,132,112.11129650195653
84,133,105.8904968562274
84,134,116.46033969812561
84,135,112.018085493939
84,136,110.44396516826237
84,137,101.5691377420444
84,138,109.84122878042399
84,139,107.4974559636612
84,140,105.52958762267372
84,141,111.34072127567197
84,142,105.1996142095013
84,143,91.63397136046842
84,144,102.43080444357474
84,145,103.22982029261766
84,146,117.45529048577009
84,147,103.8052505053056
84,148,86.32289623988618
84,149,80.89260319144523
84,150,97.28150721761631
84,151,103.07177856269118
84,152,95.89864623745962
84,153,94.3372723958746
84,154,98.74979689724569
84,155,89.61208209097094
84,156,112.36150637426181
84,157,104.21366514572583
84,158,100.07604401261779
84,159,91.02798520278884
84,160,89.13909271346347
84,161,95.28170888409659
84,162,85.55188253153756
84,163,85.5367651375418
84,164,96.22230651792779
84,165,98.23371124664845
84,166,88.97388794449216
84,167,91.18844951561186
84,168,86.68680265570583
84,169,83.96369146693905
84,170,104.83943877517595
84,171,89.25376405385032
84,172,78.26423084900307
85,1,142.73777783100377
85,2,121.37958925054409
85,3,134.30978133549797
85,4,133.20629497579648
85,5,114.59997776648379
85,6,107.44213761431456
85,7,104.87645297619747
85,8,138.34250817258726
85,9,124.80444236774929
85,10,132.87224788473395
85,11,123.36786225193646
85,12,112.97081127187994
85,13,125.83356949487643
85,14,137.8107792528317
85,15,107.26855464933033
85,16,132.85037667684082
85,17,110.35703482286772
85,18,124.98450244250125
85,19,121.96332279262424
85,20,124.0460773412633
85,21,115.42181706520205
85,22,138.07476150208095
85,23,137.1224536876398
85,24,129.85627768830454
85,25,125.1795869259513
85,26,138.93629325208894
85,27,119.2678765358578
85,28,110.53981835274317
85,29,134.6628630932828
85,30,123.56193655701645
85,31,125.94803131862136
85,32,118.53127751323336
85,33,120.60994053105242
85,34,118.75819420942571
86,1,157.10076696322358
86,2,129.353666963696
86,3,122.76088724154397
86,4,147.63185658783186
86,5,126.92198276029376
86,6,117.59158284458681
86,7,140.45147798839025
86,8,142.77599343212205
86,9,137.9954762163252
86,10,148.10857654671418
86,11,151.7796703618078
86,12,136.00975236087106
86,13,138.4354152281885
86,14,134.85005669496604
86,15,135.31535551055276
86,16,138.3789496604586
86,17,142.70151433323917
86,18,118.63701761112316
86,19,144.397674328633
86,20,127.76598787656985
86,21,125.73404707929876
86,22,134.2300226911466
86,23,140.3115742427617
86,24,149.72685300873127
86,25,131.58873584578396
86,26,138.884711543069
86,27,132.57365285858396
86,28,139.75184328602336
86,29,123.3064576034958
86,30,159.1777762974816
86,31,124.8728057271801
86,32,157.37406989904412
86,33,145.76656981007545
86,34,135.20040956039156
86,35,128.96822451316984
86,36,131.12321386110852
86,37,125.45589027091046
86,38,136.8578536005516
86,39,138.336452543037
86,40,153.44113792579446
86,41,132.48298545072612
86,42,128.43401897637523
86,43,127.62997638345405
86,44,144.44990592209797
86,45,136.78798577951966
86,46,139.04522399928828
86,47,147.1634523810353
86,48,127.06248404589132
86,49,137.6198445543123
86,50,131.0515096377203
86,51,139.03174060686433
86,52,138.82345274089312
86,53,122.57091176700487
86,54,134.0082342704991
86,55,130.87740288734494
86,56,130.54040199170413
86,57,132.33027046751522
86,58,119.20616710730246
86,59,131.6822534117964
86,60,122.23758665587229
86,61,135.11824071024603
86,62,142.37052079492423
86,63,135.89773821608105
86,64,132.20189909897454
86,65,129.61050487027387
86,66,127.00707354673068
86,67,137.69740541056672
86,68,154.3070236086205
86,69,115.04718245580443
86,70,130.64599673055636
86,71,145.43185995300882
86,72,113.05556637892732
86,73,120.41729047453555
86,74,124.92653304686246
86,75,116.72729193362466
86,76,125.83697561211011
86,77,134.57018438345403
86,78,129.28048465962638
86,79,125.4288046869915
86,80,117.81649673782522
86,81,122.54725023139326
86,82,129.85081224376336
86,83,129.53644673475355
86,84,127.30223020161793
86,85,119.32994925549428
86,86,111.38084263438941
86,87,112.83057250718412
86,88,112.07225567540445
86,89,111.91459911892889
86,90,128.29634463363618
86,91,124.19103723546141
86,92,101.13770211147494
86,93,127.08711075552856
86,94,117.81932904127461
86,95,120.92212371705682
86,96,120.40205656374746
86,97,122.0856828703545
86,98,143.62434077932267
86,99,118.57748416933464
86,100,142.77301678920048
86,101,116.20993160150829
86,102,125.66323337156791
86,103,122.59686591415084
86,104,107.02346548817877
86,105,106.81282132482738
86,106,119.50433935980254
86,107,123.15192952245707
86,108,125.50316587415
86,109,119.04568838521664
86,110,108.41838005525642
87,1,166.2282934068935
87,2,168.45652586185315
87,3,161.59596918569878
87,4,165.96799188794103
87,5,173.20067777714576
87,6,180.84693892352516
87,7,172.19134335311537
87,8,177.23987698493875
87,9,170.65910808421904
87,10,164.68427893868648
87,11,159.7457927290816
87,12,164.46480085735675
87,13,173.24443810763478
87,14,157.78858506541292
87,15,169.059957190766
87,16,160.3495709705603
87,17,143.67588384744886
87,18,156.50778454249667
87,19,182.37823760668107
87,20,166.7880376087851
87,21,172.07255960151087
87,22,175.52314445849333
87,23,169.06832289960585
87,24,162.69453040910594
87,25,178.1189714562497
87,26,166.6176803309063
87,27,151.9031438986858
87,28,153.7848019364901
87,29,172.16617621287878
87,30,169.42037886708567
87,31,153.64735865904368
87,32,168.89490193096572
87,33,166.3252594403166
87,34,161.63756104913773
87,35,178.97761705009907
87,36,155.82049569353694
87,37,165.27721920100157
87,38,168.20290602123714
87,39,170.429627972233
87,40,169.98963266612554
87,41,156.8094614034926
87,42,166.9980734733981
87,43,157.89717789375572
87,44,159.1290753307985
87,45,160.237406774002
87,46,165.61159931308066
87,47,154.00410789418675
87,48,157.15368810953805
87,49,156.62751063831092
87,50,161.73431372070627
87,51,160.5214148088562
87,52,180.11353420901287
87,53,157.57034043167369
87,54,147.5686257937923
87,55,168.3690848443075
87,56,153.71248243075388
88,1,143.1951623082714
88,2,120.3781824978796
88,3,108.3755709311954
88,4,123.83544633000565
88,5,136.40184502128977
88,6,133.09210208219883
88,7,127.15571923072275
88,8,125.37983054628421
88,9,129.33657353227318
88,10,116.7427157384518
88,11,127.5412996657833
88,12,135.8201162818732
88,13,134.23139525747683
88,14,141.2325819394755
88,15,123.92889970903343
88,16,117.72347677158541
88,17,128.77913546943455
88,18,132.4287653984211
88,19,133.9098062022531
88,20,135.267696895462
88,21,123.34847610940051
88,22,134.09789876466675
88,23,135.69727802393027
88,24,119.26099849892489
88,25,132.99645288832835
88,26,123.57693846071197
88,27,134.99359581700992
88,28,131.79102561529726
88,29,120.61256772356865
88,30,131.248391880712
88,31,119.40772040133015
88,32,127.69516781679704
88,33,118.9728994814941
88,34,128.64160487917252
88,35,118.5721808984672
88,36,108.0386710963794
88,37,125.8919549389393
88,38,115.82486501631502
88,39,106.80855807007174
88,40,113.5731589004281
88,41,115.22444710379932
88,42,127.07810343810706
88,43,126.65701602547779
88,44,118.4645610954176
88,45,130.21642582239292
88,46,124.49357144757232
88,47,111.74710270589276
88,48,112.07940947984753
88,49,126.19740393072425
88,50,108.3492482037691
88,51,121.71994238476327
88,52,129.90934395459772
88,53,110.20264683803543
88,54,112.58474014156673
88,55,118.61187299112498
88,56,116.87752068774716
88,57,132.26034960639663
88,58,94.71141906725825
88,59,100.35001650147024
88,60,115.62978341343114
88,61,116.4084114106081
88,62,125.38056074910855
88,63,118.50067021694849
88,64,101.43186640038039
88,65,126.31476317094348
88,66,120.09684204900987
88,67,100.63625790113292
88,68,134.35732674789324
89,1,129.40991682554886
89,2,137.78503774869023
89,3,132.88052563798556
89,4,143.53005910743377
89,5,152.76800146837195
89,6,147.37932136382733
89,7,136.42385335206927
89,8,147.52191231030156
89,9,146.4330261190189
89,10,158.46247867521015
89,11,139.18974273600907
89,12,144.32221887602645
89,13,144.44700815844408
89,14,162.5269270564604
89,15,150.19987274258165
89,16,131.4357372525701
89,17,131.37256527061982
89,18,141.29218950022187
89,19,148.54355597807444
89,20,160.43070040769817
89,21,161.09787414738094
89,22,156.48116190162546
89,23,141.4241911451245
89,24,135.98839830471843
89,25,138.87765942102124
89,26,139.0418169376353
89,27,144.26113877586613
89,28,151.07572283742775
89,29,148.5315749184956
89,30,137.05797889373207
89,31,137.93456895273994
89,32,134.19459355567233
89,33,151.06118565662473
89,34,159.77410928186146
89,35,133.43860291673627
89,36,138.53698006973718
89,37,141.3866496294504
89,38,147.48601495062758
89,39,148.3428375160438
89,40,154.13179138943087
89,41,143.74426144442987
89,42,143.68467860853707
89,43,144.85634404553275
89,44,149.32603265067155
89,45,142.55084976516082
89,46,151.66461314102344
89,47,133.37078431945702
89,48,145.79398439203214
89,49,144.78554875611735
89,50,147.1792019304994
89,51,142.53524572482274
89,52,148.03455546808254
89,53,129.20072570504271
89,54,132.8438362419256
89,55,142.09893037930306
89,56,144.5344549438014
89,57,141.9686920959939
89,58,134.30082801861863
89,59,149.65765323289088
89,60,127.24312129197642
89,61,124.85368067165837
89,62,142.7608068952104
89,63,124.83862360724015
89,64,125.45882620043994
89,65,135.50621882082487
89,66,127.21497433613695
89,67,128.67402904950723
89,68,136.91470142819162
89,69,133.06263486444368
89,70,127.68758644229092
89,71,133.08090485370485
89,72,128.42312181805028
89,73,150.69284215242078
89,74,139.39305468152452
89,75,145.23310833034338
89,76,127.48504388867877
89,77,146.97356163494987
89,78,143.7804488134134
89,79,138.64274668913276
89,80,115.30715328888618
89,81,136.97037979563174
89,82,126.17600138574198
89,83,129.28781290030747
89,84,136.00493132363772
89,85,143.34779836099187
89,86,129.3540209926432
89,87,127.3438290523045
89,88,130.9639565796533
89,89,116.3730694003898
89,90,157.48991763583035
89,91,136.4904742523795
89,92,137.38883348931267
89,93,142.8226481712918
89,94,134.03097717414494
89,95,119.14634491296601
89,96,119.76393606215424
89,97,130.65823026788712
89,98,140.35915368438873
89,99,117.3804811869195
89,100,133.88304780023464
89,101,144.60721324967744
89,102,128.2376425061957
89,103,122.25672521264642
89,104,131.17349161297898
89,105,143.09672869853966
89,106,125.68510874832282
89,107,137.18573550548172
89,108,128.33731592746335
89,109,124.50919223036908
89,110,131.95321218745084
89,111,132.71876130392775
89,112,132.62851068141754
89,113,127.32067455346987
89,114,136.0482198560494
89,115,113.27460024012544
89,116,116.08699209634506
89,117,147.35743891765014
89,118,129.9245214174298
89,119,124.51513792641344
89,120,111.99792119108315
89,121,133.80789034999907
89,122,123.13561456026218
89,123,126.88353779024328
89,124,121.67784159682924
89,125,122.01124397228705
89,126,130.40085464050935
89,127,128.8521091714647
89,128,133.63459220530058
89,129,138.70964804818504
89,130,125.55142616303056
89,131,132.48985063481086
89,132,105.97489361278713
89,133,115.22594604358892
89,134,129.9550755751552
89,135,123.63473321776837
89,136,128.7606681966281
89,137,132.25308671794483
89,138,119.73088539751188
89,139,130.33744620160724
89,140,123.5813548804581
89,141,117.43673346421565
89,142,124.43943450562074
89,143,115.80219712783583
89,144,124.86823867404019
89,145,121.07689746224787
89,146,122.31030481099151
89,147,125.5915078746475
89,148,124.93448432419973
89,149,128.81947826386022
89,150,119.37566648848588
89,151,107.75140545684553
89,152,121.57410090891062
89,153,120.1812739836023
89,154,126.70775472011883
89,155,117.56916788119997
89,156,131.40743123789434
89,157,130.06466787667887
89,158,109.58233089087298
89,159,117.52458463897347
89,160,122.29328209292726
89,161,129.0284518791159
89,162,128.76005554641597
89,163,121.53694464730506
89,164,123.34910371909791
89,165,110.87023905062233
89,166,115.03763964278915
89,167,119.9302476831217
89,168,124.80762062880967
89,169,93.64439181423222
89,170,131.53340886176738
89,171,118.95112994074589
89,172,128.65035225721658
89,173,112.72185322502628
89,174,117.51240202563349
89,175,114.10278304283565
89,176,117.04912290608627
89,177,113.32553172219195
90,1,138.41986687490134
90,2,131.39366237014474
90,3,134.1867291250237
90,4,134.54883316867927
90,5,151.20299851807067
90,6,138.29273138778808
90,7,138.74660263719852
90,8,128.4073854837916
90,9,142.6571598793962
90,10,136.73553403830738
90,11,146.71806862167432
90,12,149.84448785393033
90,13,145.54381079952873
90,14,151.60311601193098
90,15,117.75445207716257
90,16,153.6428503044881
90,17,120.03155488958873
90,18,142.61110708756314
90,19,125.39714273046411
90,20,139.87659137701849
90,21,137.7924533339683
90,22,142.8295345386723
90,23,135.77341922503547
90,24,134.01944498252124
90,25,135.89136753045022
90,26,136.80383450626687
90,27,144.40183846514265
90,28,152.95767527220596
90,29,143.23982812574832
90,30,143.83724496586365
90,31,121.5663194800145
90,32,151.74984252097784
90,33,134.48942479660036
90,34,145.4122023400705
90,35,145.14566025584645
90,36,147.4709926443611
90,37,144.74653189205856
90,38,141.02011379608302
90,39,134.9265405836486
90,40,152.96543118092814
90,41,133.87426974452683
90,42,125.95525867516699
90,43,132.7570293571771
90,44,122.38279893016443
90,45,158.39227662136545
90,46,123.46610638797574
90,47,139.43673356361978
90,48,125.93857675981417
90,49,143.93111021610093
90,50,131.842489278235
90,51,142.0722665474168
90,52,134.7516402519541
90,53,134.4330924424139
90,54,135.9129778630304
90,55,113.45386574607983
90,56,127.98221468697011
90,57,131.21503951963678
90,58,129.361408223529
90,59,138.26611917556147
90,60,145.90867085456557
90,61,120.27767191326711
90,62,127.30470068937575
90,63,117.89423634033301
90,64,124.57969704370771
90,65,126.2515346652217
90,66,124.65626742997847
90,67,131.99792504584184
90,68,131.1069618716574
90,69,133.78730125345464
90,70,138.3840155138314
90,71,117.35872272368579
90,72,125.82751652198203
90,73,129.94351585740515
90,74,132.55872467855806
90,75,121.16956715700508
90,76,107.72699955823191
90,77,130.3594652978354
90,78,122.69098218104045
90,79,119.35670395955094
90,80,120.29256984163658
90,81,127.91621609131107
90,82,116.41363388330501
90,83,121.60917640429398
90,84,113.79539739829488
90,85,112.49931294175622
90,86,110.13900307496078
90,87,122.0854899585247
90,88,118.37199099210557
90,89,124.6785983734735
90,90,122.10557216369489
90,91,115.51300475446624
90,92,117.34465104390983
90,93,123.28765128752275
90,94,113.47283929568948
90,95,110.37903250612726
90,96,121.521450710934
90,97,126.36334516135685
90,98,111.49202476501523
90,99,115.42793452495243
90,100,123.26222876714019
90,101,116.29888484165713
90,102,111.43915575418214
90,103,106.66083599085687
90,104,102.54154074861435
90,105,102.5670601905149
90,106,110.95558855273703
90,107,107.08308347957791
90,108,97.62539305974497
90,109,118.15315353067126
90,110,102.89491929519863
90,111,80.07527052336081
90,112,98.10231693489186
90,113,99.39365604097839
90,114,96.46273815636232
90,115,96.77493117544509
90,116,113.43296670194832
90,117,77.02983917035453
90,118,89.95978378744621
90,119,88.02653240320797
90,120,98.12185887825035
90,121,87.8703344759706
90,122,87.36981508937606
90,123,95.18144861084875
90,124,74.82710093584319
90,125,74.4241603975388
90,126,87.33254624427354
90,127,72.79262527740502
90,128,64.00318794437044
90,129,69.46595920935215
90,130,67.29096630970889
90,131,58.72342197842954
90,132,71.89741897892964
90,133,93.73432920519554
90,134,67.45931082247989
90,135,73.96137371021905
90,136,72.49779052923259
90,137,61.16577244998189
90,138,69.59353966590425
90,139,64.75517218964524
90,140,57.21859972726088
90,141,70.77906646489282
90,142,38.541823788837064
90,143,51.87229312598356
90,144,35.3644577547675
90,145,17.963378848158754
90,146,45.044458010976086
91,1,111.95014076943335
91,2,111.48435273098585
91,3,130.34187716213637
91,4,116.93082942103501
91,5,109.8608915599616
91,6,126.138032416653
91,7,122.40435952725238
91,8,122.0229650761321
91,9,125.29819190627313
91,10,114.53460977513168
91,11,111.09573407233984
91,12,123.69852762563096
91,13,124.24190602745512
91,14,117.93002088216599
91,15,107.34399825341825
91,16,121.75969077959599
91,17,96.60883055982413
91,18,109.35115145618329
91,19,133.15871611854527
91,20,110.81865806735004
91,21,120.073352100575
91,22,115.13024517396116
91,23,128.09235889038246
91,24,103.14480109058786
91,25,120.1610247130011
91,26,109.40038293527323
91,27,114.73020532006922
91,28,124.37170880449412
91,29,115.79254112728813
91,30,121.11593332240591
91,31,118.96046024101088
91,32,113.01513726633857
91,33,116.10945301277388
91,34,127.45215588950668
91,35,111.31402978644473
91,36,112.28227643918945
91,37,103.91729234343802
91,38,114.37213715651887
91,39,110.69999368251592
91,40,112.04406466295768
91,41,114.38136887298606
91,42,121.54683147426113
91,43,111.93683793254604
91,44,105.12690555120935
91,45,122.30590543762082
91,46,108.71677511611779
91,47,123.5807254112733
91,48,115.86051612555457
91,49,111.43950038522598
91,50,110.7482612447202
91,51,113.69877521197486
91,52,104.44232292869128
91,53,110.47496719815535
91,54,98.00757840859296
91,55,102.52470833812549
91,56,107.54277279916278
91,57,111.94894768980157
91,58,102.69376865214144
91,59,117.68416281571263
91,60,130.30816778595909
91,61,104.84077440925466
91,62,118.81574952612573
91,63,115.95161459942756
91,64,112.43463680850982
91,65,132.01411798402842
91,66,115.82163452253735
91,67,109.84801921127655
91,68,106.93685647837992
91,69,110.85825445839146
91,70,109.22078824453638
91,71,99.29748923516308
91,72,123.5107001470169
91,73,117.19013531661767
91,74,119.07574970880523
91,75,104.6816991289088
91,76,85.794025222669
91,77,107.1648128782399
91,78,108.03856706232182
91,79,102.80601570980798
91,80,101.14764975672006
91,81,116.87483967150911
91,82,103.69783943782386
91,83,111.1542986342829
91,84,89.06838173524011
91,85,100.57439969462575
91,86,109.67196797649376
91,87,106.68037426540104
91,88,121.20602389883425
91,89,107.66285400785273
91,90,103.19627410858811
91,91,116.24479221738875
91,92,115.85316038846213
91,93,99.22741331036377
91,94,105.40900265840173
91,95,107.52627456294431
91,96,110.1471962705109
91,97,103.15345221477037
91,98,113.11431032849941
91,99,106.28273285111936
91,100,106.64646096958313
91,101,115.51571498328121
91,102,115.74566458399931
91,103,97.12823938978545
91,104,99.62822309960029
91,105,103.24874780407117
91,106,99.86888350726804
91,107,100.56851662184636
91,108,110.63890127919149
91,109,85.75633339832711
91,110,110.21199923897802
91,111,112.33991481583507
91,112,93.73334447493835
91,113,102.49571829638444
91,114,98.23512867574755
91,115,108.2333637583506
91,116,123.17346387714497
91,117,118.56244181483635
91,118,104.17212109679531
91,119,107.1816592640971
91,120,92.70681584462
91,121,100.09588883862307
91,122,97.17375007565715
91,123,106.79570948568289
91,124,95.95243234862573
91,125,90.17374048219062
91,126,102.21347942641296
91,127,116.96839360178274
91,128,101.2301116668823
91,129,97.45122378617816
91,130,97.47901186258241
91,131,95.59951813332736
91,132,100.25550596469839
91,133,95.65488229438779
91,134,96.715529133362
91,135,104.52715125711984
91,136,89.07658444007393
91,137,94.06794959049148
91,138,109.4012656212144
91,139,79.91169317028834
91,140,94.12025042035384
91,141,106.07315926690353
91,142,92.07243073829159
91,143,79.18889791519905
91,144,79.82637796261406
91,145,99.90080908042728
91,146,81.13484081545903
91,147,93.9649555987562
91,148,86.89451558013388
91,149,98.97055302262015
91,150,90.080193148955
91,151,87.10348724751384
91,152,90.29401173364022
91,153,86.57003989563964
91,154,96.65616196012706
91,155,111.00978914847656
91,156,91.31411414958711
91,157,95.48662767038331
91,158,81.43918055813992
91,159,105.808423658018
91,160,97.05613049790554
91,161,95.35755960478855
91,162,96.02643624632037
91,163,87.1141012259468
91,164,88.03508903138572
91,165,80.25195572034863
91,166,105.99100992183958
91,167,67.73995164032385
91,168,71.85360633912205
91,169,67.4646459548967
91,170,97.03551974832953
91,171,81.08747216644406
91,172,79.44284415700531
91,173,92.38485732481058
91,174,81.64797686079692
91,175,78.17439783600275
91,176,71.86589428577281
91,177,68.5224974117591
91,178,82.52947688601853
91,179,70.86063439927239
91,180,72.07296572961786
91,181,66.50774459404056
91,182,77.07710008842696
91,183,73.25561973225558
91,184,103.90904715860961
91,185,79.58907213943894
91,186,77.96431716084771
91,187,68.8776126804878
91,188,69.96900218488008
91,189,82.07558554939169
91,190,78.81895380601054
91,191,71.59960779239191
91,192,77.81834736728342
91,193,63.136759898014134
91,194,79.08294119074708
91,195,70.28199228581798
91,196,71.90938386372
91,197,69.322610084404
91,198,61.220658825623104
91,199,66.9880337791983
91,200,66.09393944554904
91,201,72.63839614613971
91,202,73.48548592138104
91,203,86.7371541763714
91,204,60.28635867514822
91,205,67.2268501008075
91,206,67.14902071161487
91,207,69.0753677875764
91,208,55.470053494602325
91,209,64.62879576429259
91,210,56.442565568271675
91,211,60.831578565514064
91,212,56.990793496370316
91,213,65.28668607100553
91,214,71.21523717918899
91,215,67.85605014878092
91,216,48.43493162553932
91,217,60.75390693305235
91,218,65.49777812640241
91,219,56.70431500581617
91,220,53.31122707152099
91,221,43.79787030366424
91,222,64.26317912888771
91,223,52.873480069392826
91,224,52.81480576614558
91,225,60.21211465712986
91,226,35.16095023190428
91,227,47.02491776092211
91,228,42.06042218772927
91,229,40.15871039556805
91,230,41.90973276615841
91,231,33.411951313813915
91,232,47.90585763481795
91,233,38.352590350827086
91,234,52.61995239711541
92,1,118.85237371538824
92,2,140.51878258548095
92,3,122.88541136178537
92,4,120.32372653503262
92,5,111.84491289508878
92,6,117.68452229051036
92,7,129.7894702578924
92,8,128.08843647428148
92,9,132.85751379020803
92,10,132.9188349247852
92,11,130.62545426483848
92,12,124.05731352933799
92,13,131.06481950555462
92,14,113.55787050828803
92,15,127.191491514488
92,16,132.20573332540516
92,17,119.72695078722609
92,18,124.77828471746761
92,19,113.85389618149202
92,20,115.00845684130036
92,21,126.5286525956617
92,22,126.82425022248935
92,23,122.46097667206777
92,24,99.29523816563596
92,25,132.4505281059537
92,26,127.19470275955973
92,27,124.64269439590862
92,28,133.53726450701652
92,29,141.35479314488475
92,30,120.20999755429511
92,31,124.40139812469715
92,32,117.9410403380898
92,33,117.66648256471672
92,34,107.58796959239407
92,35,130.64330793960835
92,36,129.96605972210818
92,37,122.8807564627059
92,38,114.21376757245162
92,39,115.68813237408176
92,40,121.42824007022136
92,41,119.67761655847426
92,42,128.112288180826
92,43,118.65278580441372
92,44,104.67959811256151
92,45,126.30675708390481
92,46,126.23526583792409
92,47,121.78856252686819
92,48,109.4207813217945
92,49,110.78051049432543
92,50,116.47325591878325
92,51,123.10227489763929
92,52,114.48361963269417
92,53,110.55706650206412
92,54,135.72566767451644
92,55,113.02265204969444
92,56,114.54604822456895
92,57,125.19993853088818
92,58,104.61060481304594
92,59,128.9170432384999
92,60,115.05296419397928
92,61,107.89640843753295
92,62,120.63625967517146
92,63,111.8485941151448
92,64,115.18083267971815
92,65,116.31302720047825
92,66,123.80585290858289
92,67,119.64413445132959
92,68,114.74182214065513
92,69,99.1155675224145
92,70,110.36004262480128
92,71,110.2428445655969
92,72,128.68915177471354
92,73,114.11240352595632
92,74,108.89109558156633
92,75,94.70099040480272
92,76,106.28346191557648
92,77,93.55849904716888
92,78,106.66925977694336
92,79,111.17433635886118
92,80,120.99316569746588
92,81,100.74238480444183
92,82,110.26694006158505
92,83,93.89859638178314
92,84,105.13419324073766
92,85,104.71640599693637
92,86,96.0917511923617
92,87,83.76663915760582
92,88,113.03924523384194
92,89,110.2914581400837
92,90,105.0163371997478
92,91,115.5890816571191
92,92,98.57070944365114
92,93,96.18737824475102
92,94,103.98180040174339
92,95,92.7810707224271
92,96,88.89666317102092
92,97,108.11623543844325
92,98,94.8174913223047
92,99,90.69976105001115
92,100,96.18496448609221
92,101,87.40753466308524
92,102,105.10063774594164
92,103,82.88962986232946
92,104,91.05853861075593
92,105,112.2417198829935
92,106,84.07041580991063
92,107,74.45142741379095
92,108,80.21929940604605
92,109,93.9439882551087
92,110,101.43725415352674
92,111,79.1931272358197
92,112,78.14582721603801
92,113,108.12827640993055
92,114,77.7979013898148
92,115,95.55938038339082
92,116,89.2600104365265
92,117,82.70785978247295
92,118,84.11808028530504
92,119,82.1663442607096
92,120,79.3231851013843
92,121,72.30939746691729
92,122,74.67581382286153
92,123,70.83375066213193
92,124,69.14820617382065
92,125,81.38469083643577
92,126,80.81707933651342
92,127,74.71557311654033
92,128,67.00202404810989
92,129,64.73240616465046
92,130,65.35890311838011
92,131,67.52905634455965
92,132,66.71996926516294
92,133,54.034823960857466
92,134,68.5081516141363
92,135,66.51279218752461
92,136,52.93405673438974
92,137,59.35121405372047
92,138,52.742545669010724
92,139,73.31724620582827
92,140,75.36016910074977
92,141,57.197251931313076
92,142,48.483528503376874
92,143,55.27793197601568
92,144,53.449200309303706
92,145,55.164075526583474
92,146,61.998505966112134
92,147,37.574955076444894
92,148,34.38373429879721
92,149,32.10922667090199
92,150,34.41196164909343
93,1,127.21125706950261
93,2,107.77446427359246
93,3,110.6977213647042
93,4,115.4555372804025
93,5,120.20664881533594
93,6,112.13833455329586
93,7,131.52236336031638
93,8,114.75744635651063
93,9,120.89570398168871
93,10,108.8461443423148
93,11,115.23424909860478
93,12,118.68013281721505
93,13,122.91274648350372
93,14,110.50261006542132
93,15,124.97926639545767
93,16,125.13419967508526
93,17,108.31743833330984
93,18,113.8729651664471
93,19,137.64361983748677
93,20,95.78794915220351
93,21,111.38137015934626
93,22,119.40218916693993
93,23,118.58432953724696
93,24,125.93032200048037
93,25,123.82568100647768
93,26,111.00737876757921
93,27,105.91931176201615
93,28,136.56731596436293
93,29,106.91444672046055
93,30,135.6160026617872
93,31,134.67580146064574
93,32,116.93767535789812
93,33,118.72613104865013
93,34,126.80735767788428
93,35,103.23190685517329
93,36,98.64116892732272
93,37,125.90167731327529
93,38,110.28660666696669
93,39,114.19555074191885
93,40,121.6880223362241
93,41,122.63150959979976
93,42,109.396648839931
93,43,115.3623893992335
93,44,123.52050715980295
93,45,132.28455688663234
93,46,111.76416014555434
93,47,129.91223337910196
93,48,113.82310127385426
93,49,110.18902584072202
93,50,109.66398353211116
93,51,114.3020746345137
93,52,101.63850658589217
93,53,109.32877955357253
93,54,129.57236069203645
93,55,126.89279848466686
93,56,105.30065683939029
93,57,117.59848833702563
93,58,134.42701295678853
93,59,100.61457352763682
93,60,113.69912954779284
93,61,120.60764848774124
93,62,106.0066043373372
93,63,105.7996337381046
93,64,116.56192724722496
93,65,116.16838509011723
93,66,122.68244303180836
93,67,118.05845952522941
93,68,109.55451374614495
93,69,105.8347070588643
93,70,104.46338261681376
93,71,114.27105703904817
93,72,115.94940599524125
93,73,127.65438997642195
93,74,104.58077589464665
93,75,99.57946725949296
93,76,112.33488209344796
93,77,90.47779085919319
93,78,111.72541379963513
93,79,117.02731051764567
93,80,110.6970351653581
93,81,101.85296041474794
93,82,106.3553888261813
93,83,125.64319278296898
93,84,110.1512623597373
93,85,94.41233201749856
93,86,96.6588864291989
93,87,101.49041474347177
93,88,122.75538953626528
93,89,105.42466841073474
93,90,113.18930159970478
93,91,84.93389554329042
93,92,91.33533684983558
93,93,99.41387828611187
93,94,86.93889818862954
93,95,104.37903437500063
93,96,93.69654840456496
93,97,101.31322888597788
93,98,101.57918100855022
93,99,107.13974223670084
93,100,99.89697253481427
93,101,114.8313056883344
93,102,110.02031555074791
93,103,101.48127929479233
93,104,98.80738855042728
93,105,110.66650343303627
93,106,113.71119294071104
93,107,122.1128191078169
93,108,84.02550521923695
93,109,104.01157738702022
93,110,103.93211550106935
93,111,101.01071729589603
93,112,106.04575998496148
93,113,102.57876939850394
93,114,100.22555766438018
93,115,104.03043737332337
93,116,114.36268285068218
93,117,90.60110154905124
93,118,103.62490370600426
93,119,103.7738501499698
93,120,98.40059441738413
93,121,94.42473811881791
93,122,103.63692007299687
93,123,102.87287601509888
93,124,110.78105217577831
93,125,104.4974314008432
93,126,104.84375261137029
93,127,104.16069484547188
93,128,94.66339946472726
93,129,88.48900780598342
93,130,95.41261912595655
93,131,94.48573209256574
93,132,106.6423249138461
93,133,94.01039374180255
93,134,102.50063326780219
93,135,88.75025769612694
93,136,111.64195522516093
93,137,108.22656452015508
93,138,102.59247661088011
93,139,94.525754547838
93,140,93.21584738338424
93,141,83.1049533780606
93,142,119.1921626975236
93,143,104.41504153623828
93,144,113.2750898340455
93,145,90.66541303224221
93,146,88.70698512380477
93,147,89.71351782800048
93,148,101.29729271317774
93,149,96.09828489637584
93,150,102.46657297007914
93,151,94.82821283256635
93,152,93.4387864756718
93,153,98.10726408974733
93,154,105.1659628089401
93,155,102.3599506811006
93,156,100.13148745564104
93,157,112.36400453458191
93,158,105.20554651155544
93,159,84.2656254813337
93,160,105.41578766076418
93,161,103.24320413266832
93,162,83.6532574371522
93,163,97.98273761197925
93,164,96.77734433542355
93,165,88.49002068846312
93,166,115.5520632948319
93,167,83.13901664345758
93,168,90.83265202023904
93,169,97.76075055422552
93,170,88.78390675981063
93,171,88.67095191850967
93,172,96.38053085653519
93,173,102.70462044271699
93,174,100.12279988404771
93,175,87.12731009276467
93,176,93.9033518100623
93,177,82.27745985127694
93,178,85.91773550742073
93,179,89.40981174710032
93,180,101.1906901801849
93,181,92.11801150883548
93,182,93.04064388397092
93,183,85.8896039428655
93,184,79.45154802317847
93,185,77.29136889202346
93,186,73.49200430439669
93,187,102.65211090055527
93,188,79.34694956832391
93,189,105.61019039199164
93,190,90.28799161521601
93,191,99.82818665198283
93,192,75.56471417617286
93,193,71.72798651583435
93,194,102.06488546411856
93,195,78.06314164424839
93,196,80.66805959025805
93,197,79.31384911609348
93,198,92.62614217841474
93,199,69.60708388645435
93,200,80.31649319751887
93,201,69.73113398201531
93,202,80.1296993613505
93,203,69.60534003470093
93,204,83.23464991248329
93,205,93.03256179601885
93,206,84.99760805982805
93,207,67.84815867940779
93,208,81.59403216639475
93,209,78.36986298506963
93,210,78.71394974930445
93,211,72.73145422991365
93,212,72.71854844025802
93,213,66.75137944605376
93,214,80.65322010272939
93,215,65.68387930099561
93,216,66.59381612036668
93,217,68.68213617804577
93,218,80.41329145334021
93,219,73.02375937011675
93,220,86.62668140446476
93,221,62.12608356986311
93,222,61.31458164898504
93,223,56.866097683654516
93,224,59.18279897137836
93,225,75.03612885202165
93,226,58.782458833855344
93,227,56.52996447411715
93,228,54.43120628409088
93,229,69.50593797425972
93,230,73.02879303273221
93,231,59.385752258691355
93,232,69.30410698954074
93,233,54.00708012326504
93,234,47.32947822177084
93,235,51.22879232936248
93,236,55.65367962604796
93,237,57.27484882007411
93,238,64.02108815543761
93,239,49.88656903638912
93,240,45.934874712416786
93,241,59.74839047488058
93,242,48.231560667889426
93,243,48.043872677662876
93,244,63.64714126869512
94,1,117.0237403500214
94,2,122.08354114813847
94,3,112.98206726438366
94,4,127.17687761267007
94,5,117.47164939132927
94,6,128.2480381224741
94,7,134.36109690480225
94,8,146.76064472194412
94,9,116.98203003726667
94,10,117.78381060900574
94,11,126.15188435325399
94,12,122.00630672644184
94,13,123.48998522937472
94,14,115.0308307454834
94,15,118.93306974235747
94,16,115.45073430039338
94,17,124.66516255425813
94,18,121.78604694966634
94,19,123.08541954809334
94,20,137.56945338455262
94,21,125.22480267321225
94,22,117.36173124430934
94,23,129.47953460464487
94,24,98.49564244614157
94,25,118.33580414527387
94,26,130.08133862471732
94,27,123.09552139598236
94,28,129.1488892216148
94,29,117.74295100168092
94,30,100.81650913383055
94,31,126.41060066265345
94,32,123.95611066778656
94,33,114.41596191418648
94,34,115.06689253881632
94,35,119.78247536391427
94,36,116.24330407298112
94,37,130.58899296029995
94,38,115.73617412120802
94,39,122.80484667788551
94,40,123.88252755790018
94,41,116.83873793949897
94,42,123.12265326165652
94,43,124.41077962951385
94,44,142.65216086503642
94,45,121.14828857954126
94,46,126.47469541587634
94,47,116.7336834383168
94,48,126.72976701316657
94,49,109.84797510009957
94,50,108.3541736650659
94,51,114.74855311094143
94,52,112.59152856217406
94,53,132.68946622776275
94,54,131.53201042785076
94,55,118.4290220124094
94,56,132.33441489706456
94,57,129.79330730930087
94,58,120.029841577154
94,59,120.49242798233172
94,60,119.35615965248144
94,61,124.0119261230866
94,62,123.20144610003626
94,63,114.74056873966765
94,64,120.82496643229388
94,65,119.36174229842436
94,66,125.94589671777794
94,67,123.26588804674975
94,68,117.20519941630482
94,69,123.0786317914899
94,70,118.81591404712526
94,71,115.7670715822751
94,72,106.79302564907994
94,73,108.89404208747146
94,74,105.37380297140044
94,75,107.16248637683748
94,76,107.31052672459919
94,77,112.83212128494051
94,78,98.2981110392866
94,79,120.8526942236931
94,80,100.2669110532006
94,81,112.44876463014225
94,82,118.27971857039665
94,83,114.20062152428727
94,84,107.17020175080688
94,85,112.99105871634674
94,86,107.08452068734914
94,87,104.56523919396568
94,88,100.38901577254
94,89,109.43394445773447
94,90,106.95408046884404
94,91,121.72205615551502
94,92,106.42771773796994
94,93,90.06575190395233
94,94,100.51649569594883
94,95,116.36535431770608
94,96,90.37179114826722
94,97,108.07426897838013
94,98,95.17861002314021
94,99,107.94105455557292
94,100,94.23952993753483
94,101,100.27330142816936
94,102,105.35140939537087
94,103,102.26470173324924
94,104,84.64823597251961
94,105,80.54977139574476
94,106,95.98240534176875
94,107,101.01523256326618
94,108,99.78012535021116
94,109,94.35160950430145
94,110,82.63052446080837
94,111,102.5340424789756
94,112,104.76254737233103
94,113,103.30789063063276
94,114,99.65500842891925
94,115,91.67042742892227
94,116,92.16259657758928
94,117,86.62117296953511
94,118,87.23992484562041
94,119,104.03973818371014
94,120,64.82998945002328
94,121,78.88732021792384
94,122,85.34278770601668
94,123,98.79481028279406
94,124,93.88107143911475
94,125,83.28463880089112
94,126,86.35856877498736
94,127,98.88791994788335
94,128,79.04211336576554
94,129,90.82456751377322
94,130,80.99287121242378
94,131,66.84336168027949
94,132,80.49739389623574
94,133,71.21840957966924
95,1,179.19493122946005
95,2,158.32426256941108
95,3,166.82441478692635
95,4,171.27523898263462
95,5,152.1866799947893
95,6,160.89434303963208
95,7,166.49319075419044
95,8,172.4557641670399
95,9,176.46078909821517
95,10,164.52326089628332
95,11,167.1284216347558
95,12,175.56933333165944
95,13,173.06222978844016
95,14,170.4211427539849
95,15,175.62517539566034
95,16,157.34932121557358
95,17,164.3323337421316
95,18,168.8327500903397
95,19,166.87597357733466
95,20,169.4240238842467
95,21,158.1640627886518
95,22,176.02359124604845
95,23,153.82007282775885
95,24,159.3708024915395
95,25,160.97551110397035
95,26,164.5323881409713
95,27,173.76995649986202
95,28,153.99502194659726
95,29,172.80302691174438
95,30,155.38552025397075
95,31,163.2150543833268
95,32,169.08845226373523
95,33,154.10716735682217
95,34,171.53414813852578
95,35,159.52770883169433
95,36,169.41298400587402
95,37,165.52678700057731
95,38,164.89663870385266
95,39,156.71389208172332
95,40,160.10689719706716
95,41,154.8094181598717
95,42,157.76056678079476
95,43,150.90642361316714
95,44,154.8340382608876
95,45,156.52619894823874
95,46,172.61137629703444
95,47,155.6520837040298
95,48,155.52213472427684
95,49,160.1871337209741
95,50,160.5697434481408
95,51,158.6197816731874
95,52,154.04194426171307
95,53,143.82826633141667
95,54,167.9109038568131
95,55,143.3583221117151
95,56,166.61741862032795
95,57,165.79554994030332
95,58,158.789765340116
95,59,165.70867366723542
95,60,156.90891961494344
95,61,154.39554213694646
95,62,145.26552951079793
95,63,156.1370578220667
95,64,158.76838703846443
95,65,155.04521790784202
95,66,144.66614602740447
95,67,157.77252013905672
95,68,150.92042262014002
95,69,137.1138537110528
95,70,153.22974696179153
95,71,163.23978288409126
95,72,156.99793904315447
95,73,152.3790342555876
95,74,161.54726781738282
95,75,152.68276555956982
95,76,161.6761449806363
95,77,145.55042660280014
95,78,136.0003877895797
95,79,151.90748175290355
95,80,149.0238630482927
95,81,152.6540554591047
95,82,152.80241171595117
95,83,139.52140590293857
95,84,138.27178419828124
95,85,143.84177851198183
95,86,142.08643093342835
95,87,141.00109690148383
95,88,131.01083027367713
95,89,145.50349653362355
96,1,172.51745013461914
96,2,171.50012582883937
96,3,170.86781310448714
96,4,173.68188891194586
96,5,182.07418749805947
96,6,165.41382667409198
96,7,172.99471805809299
96,8,167.57303459287505
96,9,174.20921098270628
96,10,165.70970141225553
96,11,176.21878663530515
96,12,175.80354012962198
96,13,173.12292091720155
96,14,176.055412446236
96,15,177.609869846332
96,16,179.55644138806383
96,17,155.77271979491343
96,18,180.3938392556156
96,19,158.6836502977385
96,20,169.1269750869833
96,21,169.95847293628321
96,22,160.09374348053825
96,23,168.56837096042
96,24,171.8477061182639
96,25,176.34351691282063
96,26,183.82624391865102
96,27,149.6692313227686
96,28,160.1425118627376
96,29,167.63601927168202
96,30,159.76817748029134
96,31,165.53253476138343
96,32,165.62235534147476
96,33,164.28175433301658
96,34,169.15164802408253
96,35,166.99813779181568
96,36,185.84726668559597
96,37,177.03503657989495
96,38,176.32532840463682
96,39,170.2606426202401
96,40,167.45355376081716
96,41,165.99193652796384
96,42,171.00561706133885
96,43,158.39009009888105
96,44,167.64894697710406
96,45,174.56798801086552
96,46,164.07177861212404
96,47,167.7178117875883
96,48,177.59987438563257
96,49,157.80933099001413
96,50,159.27333571574127
96,51,155.30220820002432
96,52,165.63481417119328
96,53,177.07324258124572
96,54,178.8983460808813
96,55,157.3415432679758
96,56,161.42508034431376
96,57,150.84062572507537
96,58,164.8561310494988
96,59,161.11572249777964
96,60,168.9913188364735
96,61,162.94331397145288
96,62,171.91665317815205
96,63,176.30864863621537
96,64,176.2574131628353
96,65,156.73709268707898
96,66,159.54675512487302
96,67,173.1149499421299
96,68,178.15645742857305
96,69,179.36298550768697
96,70,169.71393272276327
96,71,151.113701599068
96,72,171.97033159752027
96,73,172.41281890925893
96,74,178.52785913739353
96,75,166.14938882186834
96,76,174.98478059255285
96,77,156.91848512005527
96,78,155.04005313092784
96,79,159.7124690203491
96,80,163.17198395791638
96,81,166.73784040617466
96,82,155.09085695820977
96,83,157.1335579847073
96,84,155.67530712179723
96,85,156.1755106782366
96,86,156.89670614914212
96,87,172.98260855305125
96,88,145.86195067655353
96,89,157.8095625291171
96,90,144.2261297210789
96,91,155.96619645088504
96,92,159.32289724965813
96,93,166.74719128654397
96,94,149.40320850748685
96,95,160.42884790882817
96,96,140.50263786861615
96,97,166.84723454361665
97,1,152.18175019575574
97,2,173.78724700810562
97,3,180.66505336633418
97,4,150.31069042775198
97,5,167.94596603760147
97,6,168.8956099626812
97,7,156.11408928745368
97,8,167.32107261157944
97,9,151.1095856509928
97,10,161.35199709120207
97,11,162.84606215507665
97,12,154.22554316250898
97,13,156.7927842927893
97,14,163.77485602868546
97,15,163.7322751036263
97,16,160.5239113202988
97,17,153.93168697053625
97,18,174.26814056074363
97,19,170.40615425101714
97,20,157.40926770554506
97,21,158.482548059299
97,22,162.5639048180601
97,23,159.03763100483047
97,24,168.51293570555572
97,25,165.02132657343464
97,26,176.8750005907932
97,27,155.2616218282783
97,28,155.4249490164657
97,29,166.7428395352763
97,30,152.56908175878925
97,31,159.03504748201522
97,32,158.19520023551013
97,33,158.90352774194616
97,34,166.84526943416859
97,35,163.32883098635648
97,36,153.48141387135547
97,37,132.33710072532995
97,38,163.7435198629537
97,39,169.49955578560184
97,40,159.12101209322282
97,41,159.0636509640899
97,42,148.55319913019775
97,43,169.76851613145845
97,44,172.99547087893006
97,45,160.0986407339078
97,46,161.50238644467026
97,47,160.22187441917777
97,48,149.30681935098255
97,49,154.56970402535808
97,50,153.395425682349
97,51,141.1506251773244
97,52,166.14750762208132
97,53,154.3629292377591
97,54,153.25729834618687
97,55,167.31269601805252
97,56,151.78272894758265
97,57,150.82931931149506
97,58,152.19420721541974
97,59,157.36898003672832
97,60,155.85810871848662
97,61,149.4642959019984
97,62,151.2796943058638
97,63,150.340729751857
97,64,156.49877018106054
97,65,163.65415238542482
97,66,158.52499609577353
97,67,157.64324465191748
97,68,145.11073723368463
97,69,152.95789948059246
97,70,165.57115716418775
97,71,139.81815004519012
97,72,156.98352277313825
97,73,146.66100425894547
97,74,149.72912665101467
97,75,146.17712584404217
97,76,164.45320110197645
97,77,151.22715806233464
97,78,153.28452629002277
97,79,155.40363614015223
97,80,155.9675142000924
97,81,144.53522374057502
97,82,139.962403500831
97,83,151.89852973344387
97,84,149.65928399191762
97,85,137.44067219762655
97,86,166.09486379665032
97,87,148.8049165866396
97,88,133.7740360682801
97,89,157.22711332104518
97,90,158.6636358274991
97,91,141.15469569886045
97,92,140.59357913061103
97,93,159.67495248207706
97,94,134.47692172817187
97,95,150.99086272098066
97,96,136.6584934032726
97,97,132.40022366281482
97,98,134.52172913769027
97,99,139.28921135523706
97,100,147.54731251946941
97,101,148.63976315583568
97,102,147.07225631816254
97,103,133.34024549213063
97,104,131.09599893663835
97,105,145.51758743611572
97,106,142.95067675535392
97,107,143.30071757215774
97,108,131.2551967062318
97,109,133.22044907808595
97,110,140.04702301289944
97,111,137.90881262008043
97,112,138.69048650383775
97,113,141.8551340013073
97,114,141.0848941397271
97,115,134.7501216209639
97,116,143.30402950919233
97,117,141.65245837479597
97,118,137.79582091374323
97,119,130.92039697193832
97,120,133.50254454786773
97,121,135.836791487367
97,122,131.4652621254354
97,123,139.19839758827584
97,124,149.5769165790407
97,125,128.78977481841866
97,126,137.9325953196094
97,127,132.62438835094508
97,128,128.20773999551602
97,129,130.8759428703488
97,130,131.14230542836594
97,131,133.24997600565257
97,132,130.10526880979887
97,133,127.0169708457397
97,134,108.68293317066855
98,1,139.18574608802737
98,2,135.23325626380392
98,3,138.70349349669414
98,4,141.00551765368436
98,5,135.4871621018974
98,6,141.1313724230713
98,7,127.33752115441894
98,8,145.8578188410902
98,9,143.02842547131877
98,10,147.29723939062387
98,11,150.23204764691764
98,12,151.90154084841197
98,13,159.1300114380574
98,14,150.8388233416772
98,15,155.97650948318187
98,16,139.21405604822212
98,17,151.2358176234411
98,18,149.10111435975705
98,19,149.42241142159037
98,20,150.95003065356286
98,21,139.23515385668725
98,22,148.2867605195206
98,23,144.08047945822182
98,24,140.21297148239682
98,25,141.47626888152445
98,26,150.96312705642777
98,27,140.91222576865403
98,28,145.88707391533535
98,29,138.21143175062025
98,30,153.60295026940003
98,31,133.14619787067932
98,32,128.80190325870353
98,33,131.78884381701937
98,34,130.52110915961384
98,35,139.92470859110472
98,36,144.77493726061948
98,37,147.7798692510696
98,38,137.95558808995702
98,39,141.80071296154347
98,40,140.46451332201832
98,41,142.82365576685697
98,42,137.86010001982504
98,43,132.28645749147108
98,44,146.14407577755628
98,45,143.62508512087516
98,46,145.81904341522022
98,47,144.6301633999974
98,48,144.4076562689006
98,49,134.5023015225015
98,50,114.76822182677279
98,51,117.62616868611076
98,52,120.5125632789568
98,53,133.1168925127713
98,54,143.05151150257734
98,55,139.90418656250404
98,56,127.9909954948671
98,57,147.43211669182347
98,58,132.31702383453376
98,59,121.07226320216432
98,60,126.48660134672537
98,61,111.65145366259094
98,62,134.32943853893084
98,63,127.41783176809258
98,64,110.06227001147636
98,65,133.1407420366304
98,66,125.64690844601137
98,67,114.58801623432373
98,68,135.8010797247698
98,69,154.66638871062605
98,70,141.41637342282047
98,71,110.4716147735453
98,72,120.55348338891054
98,73,124.19532750005601
98,74,117.86134769389173
98,75,140.9798432149255
98,76,121.81450829769892
98,77,114.81728587624093
98,78,111.5056416157604
98,79,112.20205370013718
98,80,112.56866766033636
98,81,112.8575062121381
98,82,113.88955025254108
98,83,107.77450810486334
98,84,125.70004668367619
98,85,116.09283647220582
98,86,120.54524503859284
98,87,111.96713896309666
98,88,110.2731258799613
98,89,114.43027258466464
98,90,109.29832731450733
98,91,123.16430769853469
98,92,125.82472214757581
98,93,126.11116496291652
98,94,126.93987512371677
98,95,107.35430942403036
98,96,110.23217192452285
98,97,116.3788873538142
98,98,117.85000703285914
98,99,115.37486853873997
98,100,110.99842940217059
98,101,112.05425674957223
98,102,119.23471976221481
98,103,99.8972817415488
98,104,100.81258688557136
98,105,122.37402284378186
98,106,111.83573097559565
98,107,115.55914518484497
98,108,111.80697090622562
98,109,107.74850000687002
98,110,94.07652013126062
98,111,114.90907116603921
98,112,95.07350086364022
98,113,102.72872461522638
98,114,116.29635485919425
98,115,98.8505227691785
98,116,112.78792705136584
98,117,110.81972379374201
98,118,98.01706841615669
98,119,83.58515221528069
98,120,92.96253547743254
98,121,98.0268005666876
99,1,190.5253488322196
99,2,176.74060528280097
99,3,189.9146736961702
99,4,196.96813136439596
99,5,199.21053879908868
99,6,184.04325117600092
99,7,193.1956491808669
99,8,168.4046093208308
99,9,175.50010756860138
99,10,189.89813289513404
99,11,176.87326089700218
99,12,200.18368250770436
99,13,170.42512729944428
99,14,174.77592942143383
99,15,181.60947915253928
99,16,178.48726217645162
99,17,189.06294869857084
99,18,193.18373762472766
99,19,169.79437820297608
99,20,188.48062648129417
99,21,167.62490406722645
99,22,178.90247219748562
99,23,182.75699232211628
99,24,182.80025971103169
99,25,181.94762417650782
99,26,163.90770451600838
99,27,185.52865212449979
99,28,187.27518238246557
99,29,173.18553334609896
99,30,190.9559951331321
99,31,182.80152399618237
99,32,189.7871390315122
99,33,184.57110581693996
99,34,193.83122709220333
99,35,174.48847469153407
99,36,177.6827315808914
99,37,194.31336628126155
99,38,174.96690455330827
99,39,185.1432989196619
99,40,178.60316536446044
99,41,198.2466686226253
99,42,179.6799337075936
99,43,189.836469784379
99,44,174.41079560543585
99,45,186.90536139166215
99,46,165.04641247869586
99,47,170.63319578657683
99,48,168.15278064231097
99,49,189.3511926749925
99,50,196.81935259445163
99,51,182.32613965029304
99,52,196.07297009743343
99,53,176.55566034860385
99,54,185.37721197173232
99,55,177.13337301343563
99,56,191.08240866650885
99,57,173.84770857045078
99,58,174.99644371386967
99,59,173.73259157306165
99,60,179.46756238596572
99,61,168.5913529980171
99,62,178.35483300840133
99,63,183.23091627135
99,64,175.81996394315502
99,65,177.09486470410775
99,66,177.99380658233713
99,67,180.8182690434187
99,68,181.6821455382742
99,69,180.95999158962513
99,70,181.85225652065128
99,71,186.68361646290577
99,72,172.63229700850206
99,73,159.14555106774787
99,74,178.94169754548057
99,75,178.72281169801136
99,76,175.06897716636013
99,77,166.21640544803813
99,78,183.2875149690517
99,79,168.4230456927471
99,80,169.4098377195478
99,81,160.4331636185525
99,82,160.01681039748655
99,83,178.76714653235103
99,84,177.41458568611415
99,85,172.1885233718058
99,86,180.90016014837602
99,87,163.58712845236005
99,88,175.9297325121297
99,89,164.43870717861864
99,90,165.75687929771084
99,91,162.37507024494698
99,92,168.09109617825015
99,93,168.1612602523528
99,94,164.05562243213353
99,95,150.23758512602944
99,96,163.1248633908399
99,97,161.78021342594002
100,1,163.71818565382273
100,2,157.04567279583716
100,3,183.72315045517462
100,4,166.73538997714058
100,5,171.5455004927353
100,6,172.2166722924303
100,7,166.5824305837159
100,8,167.914882781115
100,9,173.87784724230005
100,10,178.03487878046872
100,11,172.53987935199984
100,12,168.88583300737082
100,13,158.0267245422001
100,14,150.73332130763447
100,15,165.11199156682414
100,16,156.5928938857396
100,17,167.3765357592638
100,18,166.14346923536505
100,19,170.32409776054556
100,20,174.81359385086398
100,21,160.99670122291718
100,22,176.9963585069927
100,23,158.08016873939778
100,24,185.8796493175323
100,25,170.65091013044002
100,26,172.75764915441687
100,27,164.9223289040965
100,28,161.23229663378152
100,29,158.79015097026422
100,30,172.36265782325063
100,31,174.75896290417586
100,32,158.9033473727468
100,33,172.10366420265927
100,34,170.04067261243472
100,35,167.88100077660056
100,36,161.70513065194245
100,37,158.918096244568
100,38,163.07694704821915
100,39,184.97146702959435
100,40,196.36363666625402
100,41,149.71355836025032
100,42,185.0496125498612
100,43,170.09177839574113
100,44,154.50420658524672
100,45,172.4877743718971
100,46,163.2043405555014
100,47,164.20121172892686
100,48,168.68474994509597
100,49,164.29006862487586
100,50,148.1941183069721
100,51,182.01950981280243
100,52,173.1960505108873
100,53,148.68256324218237
100,54,177.2978083728085
100,55,175.82626149871794
100,56,171.6671612635837
100,57,165.744421611671
100,58,156.72322684065148
100,59,161.23148606656468
100,60,149.4833854886674
100,61,167.7813045932562
100,62,166.3687239078863
100,63,159.44137452221185
100,64,164.85263734508771
100,65,170.67571060190676
100,66,177.3463356045395
100,67,170.0675145811838
100,68,150.49865823418077
100,69,160.46375901090505
100,70,154.17791184257658
100,71,148.5482915584289
100,72,158.96392436689348
100,73,172.06613951182226
100,74,161.64903515753394
100,75,161.41765525034862
100,76,148.122964803988
100,77,141.22387400489242
100,78,158.4845691115188
100,79,147.06517442960467
100,80,175.08802130677213
100,81,158.2924848709663
100,82,174.26616278951406
100,83,172.76938058364613
100,84,170.75632952137676
100,85,173.24382425987278
100,86,150.4579669743398
100,87,149.54460438230308
100,88,162.13144317177648
100,89,147.85954487176787
100,90,157.67972911182733
100,91,170.34560682628944
100,92,163.23565929805045
100,93,139.51656782749342
100,94,145.1017997546296
100,95,148.78899363770324
100,96,144.35921641461027
100,97,147.7247016969486
100,98,167.25648788438411
100,99,158.57497592217987
100,100,157.77133485022932
100,101,161.45153330844187
100,102,152.37923934758874
100,103,147.97096109644917
100,104,153.07272453150654
100,105,157.3196515887539
100,106,146.87284997581446
100,107,138.98176702937053
100,108,154.5023756041628
100,109,143.45927179772116
100,110,141.9132412543113
100,111,159.7603902398114
100,112,148.63235066272318
100,113,137.24565547193924
100,114,150.49945967728854
100,115,145.0713524640596
100,116,144.21007104603632
100,117,163.34636219636013
100,118,159.73834440742212
100,119,143.87625282745284
100,120,145.8944213989016
100,121,160.37538626151218
100,122,155.19631216448033
100,123,146.48715318078757
100,124,147.04866260765994
100,125,122.03771869768389
100,126,132.88986872350506
100,127,141.00831875512085
100,128,139.09919455993804
100,129,129.26417698682053
100,130,134.07341689954046
100,131,131.62921766888758
100,132,131.86469968021265
100,133,139.56532580243947
100,134,146.32696678982757
100,135,132.64823148518917
100,136,141.1588621500705
100,137,151.19157644425286
100,138,132.85897232162824
100,139,132.59663602999353
100,140,142.02596263466694
100,141,132.02665730030276
100,142,130.2275142421422
100,143,126.2121910466667
100,144,129.83517403059523
100,145,126.41459422837943
100,146,138.12462640201556
100,147,129.9510648088035
100,148,136.50765979048447
100,149,127.75370411921176
100,150,116.48388215851446
100,151,102.94615340424934
100,152,106.93187953502638
100,153,135.5604168491991
100,154,112.41225359158125
100,155,97.1413957420591
100,156,125.89178083803563
100,157,120.19970884280337
100,158,113.45563458075048
100,159,114.9942598206544
100,160,118.84170003421605
100,161,93.2654052865837
100,162,104.94923071825178
100,163,103.91485222771007
100,164,102.12450973779778
100,165,92.29059356018843
100,166,100.98938709868526
100,167,80.95887190729263
100,168,100.9716044357192
100,169,105.21058213057404
100,170,90.35402841425093
100,171,85.78655655165494
100,172,95.69796807522653
100,173,97.83794514018518
100,174,99.40081139656832
100,175,99.79607277331525
100,176,64.07333798173931
100,177,76.06646130509034
100,178,76.22828000325535
100,179,77.96341615967685
100,180,75.28750466591737
100,181,84.74160865905287
100,182,72.62136157749046
100,183,79.38466646168672
100,184,50.32610571720579
100,185,56.53003004429047
100,186,57.396907998248935
100,187,51.84811176631774
100,188,60.62207377422601
100,189,48.75975666100567
100,190,50.019030408293474
100,191,47.10313124736422
100,192,38.024337996786926
100,193,43.36754988197936
100,194,26.03640025560162
100,195,30.353574809458223
100,196,36.51535186212277
100,197,30.096799559047213
100,198,2.198139201369486
