ID,Cycle,Predicted_RUL
1,1,133.06658233622147
1,2,140.1389433609511
1,3,136.6506408538262
1,4,105.1847047080737
1,5,149.89116842070507
1,6,115.4588370977508
1,7,145.43722238496412
1,8,139.99925732251722
1,9,119.20401135313296
1,10,114.17405311850598
1,11,139.6643760483057
1,12,122.61648882809823
1,13,123.94094325725746
1,14,131.26862895309023
1,15,152.82643888241728
1,16,130.32767674561183
1,17,128.32774881579098
1,18,129.3033585286248
1,19,122.35145924358949
1,20,123.10991447258857
1,21,144.0459980794476
1,22,140.42545525114838
1,23,129.29348524836678
1,24,145.12610528319055
1,25,132.4167664915367
1,26,113.74130156657338
1,27,134.44142772957275
1,28,142.74547052016715
1,29,142.6468456468574
1,30,112.67442525416118
1,31,112.74308783012384
1,32,129.9086546933613
1,33,123.34447792582796
1,34,129.66478059509245
1,35,159.9959258783856
1,36,128.47674470121274
1,37,138.95964800856018
1,38,110.37467872143316
1,39,117.29039624635334
1,40,114.39756381330517
1,41,121.85853487161512
1,42,149.1292594963743
1,43,129.34718627570692
1,44,122.63977051043912
1,45,109.79006387860136
1,46,111.78388394680951
1,47,93.73189368358726
1,48,143.11948326724087
1,49,138.7307567665339
1,50,134.0930883398105
1,51,121.71871383416874
1,52,148.19234508054797
1,53,121.5973222411194
1,54,113.98949673166499
1,55,110.52404162075982
1,56,129.79863496281905
1,57,128.18653277729754
1,58,123.17372584313125
1,59,142.8291030377586
1,60,121.53999667696189
1,61,108.961456105877
1,62,100.28217696836509
1,63,135.60046199773205
1,64,125.5097013278355
1,65,123.16928404019563
1,66,140.02491926488437
1,67,121.87975017206918
1,68,126.65332521300297
1,69,123.06266085030802
1,70,125.29401948110899
1,71,143.30787005219463
1,72,108.9316774107283
1,73,130.47823571509798
1,74,130.32540573161532
1,75,133.5314918850927
1,76,106.60983873883379
1,77,108.72780254101963
1,78,121.9949246468168
1,79,144.44235353015392
1,80,127.97890995863418
1,81,121.54332195959432
1,82,127.78820351215836
1,83,123.35271338925668
1,84,101.40499409474432
1,85,125.17018889580504
1,86,120.59045081558725
1,87,122.14139040069131
1,88,118.48706411187595
1,89,108.61596364411525
1,90,134.1900600851077
1,91,128.3878882061981
1,92,122.33224579379021
1,93,110.12199612365657
1,94,130.82210081202356
1,95,122.87178677859629
1,96,124.22666806416237
1,97,98.6815078610598
1,98,114.14605997668696
1,99,128.61848836439458
1,100,103.82332065925584
1,101,118.9045309646026
1,102,116.99760811604938
1,103,130.39720430488524
1,104,138.7255750998229
1,105,99.53079056365823
1,106,110.40824235548644
1,107,118.00606082323065
1,108,107.8948095095111
1,109,122.52566096335795
1,110,105.89469514082884
1,111,115.51695637836383
1,112,117.62680309732968
1,113,93.21518871148146
1,114,117.72450214112905
1,115,125.7225528168783
1,116,128.47998296095466
1,117,104.5258713620351
1,118,116.66635733850126
1,119,125.87049564386689
1,120,128.90050314791733
1,121,112.85652098844002
1,122,86.49282400059747
1,123,97.64346526455483
1,124,107.61364376277925
1,125,120.26259795438818
1,126,91.2554293978319
1,127,109.33798598403519
1,128,130.57789599218086
1,129,99.02265368550434
1,130,128.25700724310445
1,131,111.044344963193
1,132,102.64267101237783
1,133,92.66639534616115
1,134,114.84526532892778
1,135,138.53185904046404
1,136,105.68814029997156
1,137,91.67198942247342
1,138,96.6403165352749
1,139,101.97374797993689
1,140,115.44403764446179
1,141,112.69253759521234
1,142,100.14335161954659
1,143,94.12246169654827
1,144,110.26477787300246
1,145,98.1590330201725
1,146,107.66563040923938
1,147,99.08375515534863
1,148,95.45476377772138
1,149,87.65172261408588
1,150,81.33562748615805
1,151,105.14499944047566
1,152,98.09722278710979
1,153,124.04033596390946
1,154,74.69839023381064
1,155,109.59115976759495
1,156,116.04878261883277
1,157,84.51689307549532
1,158,114.9054619288072
1,159,98.67170033259754
1,160,72.34918963484233
1,161,105.39031679447362
1,162,74.27830259838083
1,163,85.26818042353261
1,164,76.63209724308399
1,165,98.52376624068711
1,166,92.8782446187397
1,167,83.10626276164112
1,168,117.57242690772546
1,169,104.59255932192173
1,170,102.55501691417885
1,171,99.2609451929311
1,172,120.74222456567804
1,173,118.73945697450836
1,174,82.37398396729259
1,175,97.53513340846257
1,176,103.07994839528692
1,177,87.0096790567477
1,178,92.89236001853715
1,179,96.52455555716006
1,180,107.61183644236007
1,181,99.74943731335952
1,182,80.83221573189076
1,183,79.7993469853318
1,184,97.9500801573522
1,185,90.44819597290189
1,186,88.18574756209273
1,187,85.02404080807901
1,188,89.4550223407714
1,189,97.60186008849996
1,190,81.2185081608186
1,191,95.79069551848806
1,192,90.90566108978237
1,193,78.10353340967413
1,194,74.41525465057202
1,195,71.07172535268182
1,196,63.73830972559517
1,197,61.925036653265124
1,198,80.35004968308931
1,199,67.39461399168067
1,200,70.21017056365963
1,201,56.198475310899084
1,202,91.49881859592278
1,203,85.37026370080275
1,204,81.02787371382146
1,205,48.00064269737777
1,206,69.30507764255162
1,207,53.20036742200318
1,208,59.730291362408025
1,209,84.28449508050107
1,210,67.91918191388686
1,211,55.91666319360229
1,212,56.41189759192639
1,213,58.4456864863605
1,214,55.36389369687822
1,215,50.79541176104976
1,216,43.82698218679434
1,217,57.07778745498945
1,218,44.16994902499573
1,219,59.99511326049833
1,220,60.48461029394821
1,221,43.97694977419451
1,222,67.65486240261816
1,223,42.71541402674484
1,224,39.69181841531827
1,225,42.78232801023114
1,226,51.228009404781915
1,227,54.08735834253457
1,228,33.10405126683327
1,229,53.99743011028477
1,230,40.49710353376577
1,231,46.5193387477193
1,232,21.968296663544606
1,233,33.175023418982164
1,234,42.77827917984541
1,235,39.097028291947936
1,236,39.355259602263686
1,237,7.369054731258075
1,238,14.572748733531625
1,239,22.467761801890447
1,240,34.24899344347068
1,241,41.88456888881774
1,242,46.000307296490064
1,243,37.74972110103408
1,244,11.573598481692898
1,245,28.39857438364561
1,246,20.8273957360434
1,247,8.7173013991669
1,248,19.54058632703527
1,249,7.930434731730202
1,250,4.01797915919451
1,251,-8.61556332402688
1,252,5.010926403061603
1,253,24.921887643467926
1,254,7.609609945997363
1,255,-9.880778695791378
1,256,25.64243527794315
1,257,22.483958884658932
1,258,-12.961274388042511
2,1,122.29290733502421
2,2,119.65875218377187
2,3,138.60537033306173
2,4,131.3924781242531
2,5,138.74031069794
2,6,124.7596895830502
2,7,141.0429938782836
2,8,118.9348289613772
2,9,119.76693590154173
2,10,129.10439668624895
2,11,113.51756760448188
2,12,132.2653617543183
2,13,141.35585312270996
2,14,126.23038984269078
2,15,118.86338948950288
2,16,131.4747921823
2,17,142.45198675076244
2,18,131.08898474296439
2,19,110.73630278733617
2,20,130.8166599226024
2,21,115.95397216726269
2,22,135.52239339236257
2,23,133.7317469957925
2,24,121.00114601630048
2,25,129.35648561310518
2,26,144.2686673139906
2,27,145.85236782266293
2,28,143.56639073963743
2,29,91.81033412619581
2,30,117.14645677120279
2,31,133.41345298089436
2,32,150.29121809601202
2,33,114.69571942510083
2,34,158.81243332722806
2,35,128.94099834416556
2,36,123.49900951105519
2,37,128.67745573224965
2,38,123.21395468852279
2,39,135.0372106724608
2,40,133.46182169359236
2,41,112.71395771484822
2,42,92.65583771837555
2,43,136.72060901745135
2,44,126.0231752940017
2,45,108.183140071058
2,46,132.14831288650748
2,47,116.33475009622634
2,48,141.40490216665057
2,49,120.9518245182262
2,50,86.24531193834991
2,51,138.53356910026196
2,52,141.2797431205836
2,53,109.57808741176996
2,54,115.64359867764142
2,55,112.50921615622792
3,1,131.52020772480319
3,2,154.8592165861046
3,3,127.41582526889397
3,4,138.47166458579886
3,5,165.76243548536877
3,6,146.1304018939336
3,7,164.4171956485734
3,8,148.16487780311581
3,9,153.64758599179186
3,10,141.7867131455132
3,11,145.97626505656808
3,12,146.79743334315572
3,13,153.327292372167
3,14,143.22245569722872
3,15,162.1884251475858
3,16,140.12366649916657
3,17,118.25948408153636
3,18,158.93925802378362
3,19,145.37637557709968
3,20,131.85780921820697
3,21,152.84931449329451
3,22,141.16959815042355
3,23,129.97726358612272
3,24,134.60302692371624
3,25,143.61352673228248
3,26,143.02844108361023
3,27,147.08652479061857
3,28,124.72761993333552
3,29,142.6460832202065
3,30,131.21153234112717
3,31,154.3524380819872
3,32,143.71973678444192
3,33,126.4091745807018
3,34,152.94575587511645
3,35,143.92638446277124
3,36,152.6637284844037
3,37,138.4541388979269
3,38,141.83448736276478
3,39,166.53988127107004
3,40,146.28400928007613
3,41,137.79142137313465
3,42,157.14652986841975
3,43,152.96165681366983
3,44,153.57222796745918
3,45,133.52331588536617
3,46,140.3518418149397
3,47,148.5107122900008
3,48,155.65158226495987
3,49,134.16980382021575
3,50,121.44245759727346
3,51,149.73811839667906
3,52,140.22366864069772
3,53,134.31677081374073
3,54,145.39615754778788
3,55,128.13678458695358
3,56,112.73109275405295
3,57,134.26876259259006
3,58,132.98877535862994
3,59,150.11445754366287
3,60,136.4041982015042
3,61,123.63188493798225
3,62,150.1433020139084
3,63,122.6633552747735
3,64,130.34241990112787
3,65,143.54373028690316
3,66,136.40644425222854
3,67,147.1155755580403
3,68,147.67679383982613
3,69,142.88662602783006
3,70,148.7259136272769
3,71,162.97062158783956
3,72,135.64969242719235
3,73,158.34819064712792
3,74,128.24516081075126
3,75,147.65668067072693
3,76,120.04961680406268
3,77,128.22230980257154
3,78,132.68921417411912
3,79,139.2283753543379
3,80,145.3262587736026
3,81,145.84838156230398
3,82,129.95825745989714
3,83,139.1035801961698
3,84,134.6234026494276
3,85,147.80265469547885
3,86,142.66531451397168
3,87,111.58854871002404
3,88,137.03698696332867
3,89,149.81244194802275
3,90,120.95089013070537
3,91,150.7464459712137
3,92,139.6536219394111
3,93,112.02084761056176
3,94,131.79600701772142
3,95,124.60576157286414
3,96,128.2363584575869
3,97,145.62747920847323
3,98,137.0387590459286
3,99,122.22955231975357
3,100,126.6805432653855
3,101,124.65766485412314
3,102,126.33865038918884
3,103,161.9935460304041
3,104,148.56950789448456
3,105,120.69296971091535
3,106,127.78301434464083
3,107,129.78556541621947
3,108,113.80437115298992
3,109,124.10825157896761
3,110,126.43058320310956
3,111,132.83370402133733
3,112,115.21737761492841
3,113,138.78443282848457
3,114,135.28503271059162
3,115,140.16320983829064
3,116,119.37373457032663
3,117,124.50380795561068
3,118,141.3026014158968
3,119,118.07032391165558
3,120,133.863844956526
3,121,116.93748269177013
3,122,124.2132200122287
3,123,120.9705678353057
3,124,126.6332430701732
3,125,107.75380839616264
3,126,126.05961061003472
3,127,128.42706240044208
3,128,103.71015703234298
3,129,107.14653100405849
3,130,111.02143730870739
3,131,111.90099003916112
3,132,134.84861812047166
3,133,111.03577147107717
3,134,127.32011061080993
3,135,111.42285516508127
3,136,127.4836826101673
3,137,105.27411194149317
3,138,143.196554475202
3,139,128.80524210863223
3,140,123.87659830097255
3,141,113.60901135774475
3,142,128.41550755997014
3,143,136.90781217507902
3,144,125.79692230348883
3,145,110.90459758260113
3,146,111.68081967316539
3,147,127.07677594375127
3,148,89.94941610968817
3,149,124.1119564597393
3,150,116.96640392801055
3,151,119.5527170667483
3,152,105.55914469005802
3,153,104.68007227444468
3,154,108.55514042718278
3,155,114.2224584431533
3,156,112.99482525666826
3,157,119.34272521197272
3,158,106.85208856920508
3,159,105.6157606724737
3,160,133.97911633199692
3,161,119.31791521731793
3,162,110.99507688658923
3,163,98.79519965671352
3,164,124.37576027085015
3,165,120.18409508219338
4,1,123.68766898839385
4,2,115.03096400700451
4,3,92.48856372266164
4,4,120.11390114852838
4,5,115.86926455295179
4,6,117.21883400552906
4,7,93.68807686695072
4,8,114.84442502814636
4,9,110.54073507228168
4,10,107.69370460324717
4,11,103.66590482091851
4,12,107.63753555823496
4,13,118.9434983989122
4,14,127.15070394056966
4,15,94.84344255480391
4,16,115.26105751112482
4,17,112.66043473297032
4,18,97.38640408759238
4,19,144.14128355612047
4,20,104.71107565513375
4,21,103.42809019071137
4,22,93.67316115991707
4,23,117.69425708372
4,24,98.70195525072631
4,25,80.01747488846013
4,26,111.88154826650134
4,27,110.52842142073496
4,28,112.51923881557013
4,29,101.05287246119406
4,30,123.690612165934
4,31,123.49223133279884
4,32,98.70028076741437
4,33,93.1902447739194
4,34,118.36269047870883
4,35,117.42764037870802
4,36,99.9400526696918
4,37,85.15211882614676
4,38,121.30393215081858
4,39,110.46338023750286
4,40,110.00121469683654
4,41,90.42740263255837
4,42,97.13538750248699
4,43,130.0193615497992
4,44,99.15312669317063
4,45,100.22578771547705
4,46,99.53307752660476
4,47,108.59782433408691
4,48,109.31503050310857
4,49,118.87673849893326
4,50,106.50982166406902
4,51,98.22559695326345
4,52,83.42107498478435
4,53,69.65832315547595
4,54,99.06968942193635
4,55,88.03400717713521
4,56,118.17151431867387
4,57,84.71905658418109
4,58,94.12828377404367
4,59,104.00696260778932
4,60,105.82529797917232
4,61,134.21647609897627
4,62,104.36292420087557
4,63,119.6954627811574
4,64,97.69385573265026
4,65,105.06285012017179
4,66,92.86856663038634
4,67,96.856470012106
4,68,88.24438153021038
4,69,86.33262302703952
4,70,111.36847772882174
4,71,113.73054381427937
4,72,71.71740684976976
4,73,83.73645111805672
4,74,76.1191830482203
4,75,81.79589665695676
4,76,85.62103071954334
4,77,105.97596312287351
4,78,109.82552523871709
4,79,93.00932214318163
4,80,73.57856446463848
4,81,91.49361923232209
4,82,88.95358053180098
4,83,76.32149589123583
4,84,72.44103682637069
4,85,87.7032272583674
4,86,89.01064906479587
5,1,143.56566674273927
5,2,158.95858335810772
5,3,141.8484936184759
5,4,149.90755330503453
5,5,139.6026383527642
5,6,125.32254685484804
5,7,152.8151303747436
5,8,150.85302019801748
5,9,151.3756208375562
5,10,157.0095771809647
5,11,119.8346947322716
5,12,152.89872967469273
5,13,128.27668502611778
5,14,133.30082895806117
5,15,155.64984148012445
5,16,132.60981959998753
5,17,148.337682219797
5,18,134.35345817679627
5,19,136.67299831917626
5,20,138.68703283843206
5,21,128.9288565103343
5,22,144.03421502812853
5,23,129.7612687783112
5,24,155.83995821293502
5,25,139.03865238950675
5,26,140.2123245154653
5,27,134.50532315264718
5,28,150.38276022686478
5,29,156.81705511416658
5,30,106.49705288686528
5,31,140.46543781692162
5,32,118.22176790689264
5,33,134.0377265892239
5,34,129.64305459344178
5,35,152.4760361816443
5,36,123.01143011626118
5,37,127.48747541756165
5,38,115.01890108692896
5,39,143.17554752052092
5,40,158.52657363768958
5,41,132.66294188432948
5,42,143.98573219286482
5,43,141.90117549186107
5,44,120.67566923731647
5,45,124.35672700007854
5,46,140.24218168009975
5,47,130.7209761729464
5,48,134.46552771479764
5,49,125.4024253257594
5,50,154.12813115376048
5,51,149.28970406437293
5,52,129.9082029304045
5,53,118.64818142876175
5,54,130.5448753828896
5,55,127.57492252733209
5,56,132.37130835696007
5,57,129.27376089086465
5,58,127.65885534774861
5,59,143.76363525541092
5,60,128.14364838640176
5,61,125.48118332370359
5,62,116.18445482544485
5,63,127.21849672423559
5,64,111.01917105867324
5,65,111.08359251488582
5,66,136.02593404398067
5,67,129.12285647973476
5,68,115.92980817586067
5,69,135.53730330579856
5,70,127.06813614354905
5,71,110.3157393142319
5,72,121.62184455811075
5,73,118.25752287858631
5,74,110.05894224036456
5,75,122.76575534097356
5,76,115.34252437406394
5,77,100.53200490984455
5,78,103.1217058086113
5,79,105.58946442278102
5,80,99.71246298412734
5,81,112.86640517582418
5,82,116.30313366203336
5,83,94.13895130365563
5,84,120.81339580158965
5,85,97.05333669488755
5,86,129.9200932700478
5,87,102.5493526196442
5,88,103.91761238694016
5,89,94.57842646686913
5,90,111.0780824181129
5,91,116.04853595630266
5,92,78.82015198540466
5,93,77.33439694240224
5,94,114.02567173886928
5,95,112.95107329085295
5,96,111.1383977946025
5,97,98.03044003000832
5,98,98.17384628779837
5,99,111.10513419754716
5,100,117.4920046268162
5,101,103.59278539944353
5,102,93.16643664762523
5,103,99.99136038638972
5,104,107.87243956912425
5,105,95.30572073932854
5,106,92.14432765902166
5,107,104.43054866852617
5,108,107.305987676722
5,109,83.67471991189814
5,110,94.32712793615792
5,111,101.37599760272133
5,112,95.1482015200163
5,113,75.70536768010788
5,114,69.62468733498099
5,115,70.8446810939131
5,116,83.60386492608814
5,117,103.86681998525455
5,118,97.03432519665512
5,119,57.08411853037978
5,120,87.37981347661116
5,121,60.08207751594455
5,122,75.58491852609586
5,123,66.85151455778396
5,124,78.07551330425486
5,125,78.55011128988554
5,126,77.49293924826634
5,127,64.29707912263984
5,128,63.87661903612752
5,129,53.11952153676975
5,130,39.215123720619886
5,131,57.29650338503416
5,132,49.572326558038185
5,133,49.143402897941996
5,134,71.28807925298315
5,135,51.112947182831704
5,136,47.6786156967064
5,137,28.477159682515776
5,138,58.9856206037075
5,139,28.81738576099451
5,140,34.93259645926446
5,141,29.313082777654927
5,142,3.0185721436646418
5,143,10.056963176612044
5,144,28.958509073283494
5,145,12.286298573482782
5,146,36.0800721742271
5,147,33.96958936150622
5,148,5.539139118591265
6,1,162.06884122678457
6,2,163.03465605873498
6,3,144.06106610234565
6,4,143.7476436045108
6,5,151.18661365721346
6,6,142.96557748056512
6,7,150.1048247796425
6,8,172.02537836573174
6,9,183.1277537555361
6,10,124.02465358296467
6,11,157.5644637290825
6,12,182.40800915976433
6,13,150.7194558795236
6,14,149.29549996167043
6,15,130.89051095014293
6,16,188.15004483233497
6,17,142.40563793310866
6,18,154.81601864744152
6,19,162.81042834775872
6,20,152.8343505256198
6,21,156.22589998861804
6,22,174.1980735152174
6,23,150.86075392430212
6,24,118.19758873608225
6,25,150.42460683254467
6,26,139.4903472207443
6,27,152.6171322478549
6,28,171.10110546890792
6,29,154.67989152343216
6,30,153.78954905570572
6,31,119.09887636435451
6,32,147.26313707793452
6,33,159.72786239683046
6,34,153.0333515750317
6,35,148.01909484752105
6,36,155.3514696906932
6,37,152.05148679888225
6,38,138.12868595782493
6,39,149.14345222977136
6,40,143.92599293599778
6,41,148.9316712182699
6,42,167.34233509399928
6,43,190.876394300838
6,44,173.28470257494337
6,45,147.37016921514441
6,46,145.64009401657677
6,47,124.4648368918206
6,48,136.88315383515874
6,49,147.23814475609834
6,50,117.12770018204901
6,51,142.7102579003913
6,52,142.25535845607374
6,53,122.8302205809232
6,54,160.6605727495844
6,55,141.07227926592896
6,56,140.40303570000106
6,57,153.4698095853455
6,58,156.4452309398839
6,59,143.44885803042416
6,60,164.32058493739896
6,61,158.37982598423696
6,62,139.7409782741961
6,63,149.140163984448
7,1,167.25117018763558
7,2,162.8946927893412
7,3,151.73205377608974
7,4,150.91401361196768
7,5,151.0950611807566
7,6,174.3641811089401
7,7,146.4092938064714
7,8,155.72720693532028
7,9,147.5095727606531
7,10,145.23762129544048
7,11,154.64537821282283
7,12,157.2326716482421
7,13,174.76888374546252
7,14,144.0019625318746
7,15,167.76135698200233
7,16,149.76638878368976
7,17,136.597857402121
7,18,135.35851057901164
7,19,148.65325165275863
7,20,159.75670676758455
7,21,152.15638330837828
7,22,154.67774361656484
7,23,164.5939485163035
7,24,173.75176895999903
7,25,157.79138117703405
7,26,150.9318552085242
7,27,135.90836923281313
7,28,144.87564454296808
7,29,153.85770424286602
7,30,146.47076268930687
7,31,155.34558602044126
7,32,172.6585516882551
7,33,161.9037444562855
7,34,155.10233845195762
7,35,147.30033512869704
7,36,169.17882442771952
7,37,151.44387443033338
7,38,155.3595440693607
7,39,152.97869822940265
7,40,175.82535225144238
7,41,159.66855859555653
7,42,168.12644086883665
7,43,152.876887043436
7,44,150.81717492937605
7,45,176.30446789845155
7,46,171.2962311114752
7,47,169.12596365136415
7,48,149.06602539811865
7,49,157.4937923426769
7,50,148.94081091186672
7,51,133.76788291703997
7,52,159.77016190151335
7,53,168.544839139744
7,54,160.8504474783549
7,55,143.52543670260638
7,56,121.07672816400009
7,57,156.29426729771512
7,58,152.01740136268927
7,59,145.05067631112615
7,60,119.24129215680296
7,61,134.38019153881032
7,62,150.13656739351427
7,63,140.58364836299006
7,64,124.35660946341523
7,65,150.8641205414533
7,66,162.01398887053074
7,67,166.8658141816777
7,68,134.81774465238414
7,69,153.30027543936012
7,70,158.32711875449604
7,71,146.5717387088589
7,72,141.44322072491923
7,73,151.74946614816145
7,74,159.57843836272514
7,75,151.4894502754978
7,76,149.25660179038823
7,77,160.5941627865468
7,78,142.95938114013552
7,79,137.55292317562999
7,80,141.62639361342008
7,81,133.70143389732402
7,82,168.43576061369822
7,83,141.88419412766962
7,84,162.42075347260106
7,85,106.11528778374486
7,86,155.24579445568088
7,87,140.99286452120577
7,88,146.16100948084932
7,89,135.9026912530826
7,90,149.49851279166614
7,91,143.55211824345315
7,92,133.14917773741763
7,93,133.2411555781582
7,94,131.08636638411554
7,95,121.53180461225566
7,96,132.26989147636777
7,97,151.84542330336262
7,98,111.03057751683082
7,99,141.05794264142605
7,100,132.68066614885174
7,101,143.58169013978477
7,102,106.7234808962312
7,103,116.44224557956477
7,104,130.9638215134837
7,105,136.94780132649612
7,106,145.9366763848593
7,107,123.28727552731289
7,108,121.71156977638748
7,109,109.39693680768687
7,110,116.15313615441846
7,111,136.00038839378976
7,112,117.47850373865367
7,113,121.0384225650414
7,114,135.84331445788848
7,115,114.29614416340337
7,116,144.7671891466598
7,117,130.96225652098656
7,118,133.70711769127956
7,119,123.37854183190939
7,120,143.63417451851274
7,121,106.52410055663495
7,122,119.77981560987246
7,123,129.757116275694
7,124,121.3831772245394
7,125,126.96155101409386
7,126,95.68161801413953
7,127,115.06074942806299
7,128,107.2081762110829
7,129,107.7090612048487
7,130,118.19914682781382
7,131,95.09597842434596
7,132,95.70896232657833
7,133,115.07302368774253
7,134,109.66528186355572
7,135,100.54301594634308
7,136,123.34363189210126
7,137,102.2110454047579
7,138,82.25744791741454
7,139,76.75007372660184
7,140,116.19501679388486
7,141,94.06553787776647
7,142,115.73647223594162
7,143,98.80600657224568
7,144,70.71376571748988
7,145,106.05263889813068
7,146,84.19491128175287
7,147,99.43137589874095
7,148,109.59359019681142
7,149,86.9658669218552
7,150,75.3167540016002
7,151,95.14794077631814
7,152,102.42063213335496
7,153,92.11363099619484
7,154,107.34406227873114
7,155,110.25652959060244
7,156,68.40539847356558
7,157,84.16728244618571
7,158,64.51165925484383
7,159,90.29549239870539
7,160,92.30105334563996
7,161,68.67058897751122
7,162,43.83193219743407
7,163,95.16642642539227
7,164,64.82631542215677
7,165,62.96641212306713
7,166,66.72006108459755
7,167,51.80687351441156
7,168,75.42467458406463
7,169,43.08560565992957
7,170,25.11167282781389
7,171,43.909661842633795
7,172,58.88300131299184
7,173,44.402515446723555
7,174,40.75816924042738
7,175,41.24947294068261
7,176,30.424651344488666
7,177,22.90934264853422
7,178,37.392601149378606
7,179,38.02012507787731
7,180,14.809115191215824
7,181,55.369207308176556
7,182,42.61042702584382
7,183,7.508037547435379
7,184,43.36159580817184
8,1,110.64908548672975
8,2,116.24848365631624
8,3,106.3263204475661
8,4,126.7404493085196
8,5,146.18857332559128
8,6,112.51881274845073
8,7,126.55034400141449
8,8,123.97414699327055
8,9,95.73054870393389
8,10,112.51058371473482
8,11,137.5733986855048
8,12,123.82528138985799
8,13,113.71999699483422
8,14,103.27942170344613
8,15,121.76730326274264
8,16,122.45176381380588
8,17,124.59003338131151
8,18,113.87398045835289
8,19,117.0913366581226
8,20,101.57815506051702
8,21,130.23463984553382
8,22,101.37823865750397
8,23,110.11848363488389
8,24,110.84041122704366
8,25,118.98274177294661
8,26,111.60377576341125
8,27,109.59930088793772
8,28,120.59984389572492
8,29,117.49852260045009
8,30,101.81795656591567
8,31,118.16060897584975
8,32,122.39057433786365
8,33,84.9417409896705
8,34,99.6598770318742
8,35,104.86712326695852
8,36,110.1476442994026
8,37,106.34176586403919
8,38,131.73782629162451
8,39,109.81261870328308
8,40,119.21030160132068
8,41,112.53556145396578
8,42,119.94224731816212
8,43,136.96484509525908
8,44,107.95720363657165
8,45,95.99650704421947
8,46,128.3086996091006
8,47,117.4440316389373
8,48,121.03939916691161
8,49,105.08327062005992
8,50,130.55141257598734
8,51,104.1980100819128
8,52,105.815444886779
8,53,110.6870211725618
8,54,112.17586411708908
8,55,112.98509112054307
8,56,114.55728133153025
8,57,109.80236381422583
8,58,108.15811582681636
8,59,135.74556217841746
8,60,72.49042754704715
8,61,124.73657417557843
8,62,120.34060140292422
8,63,91.86419022620248
8,64,104.56314379969263
8,65,122.85429133833532
8,66,94.15849486847583
8,67,104.75284355734038
8,68,97.35273204436817
8,69,115.34179359982954
8,70,112.23243059563538
8,71,110.55360256644053
8,72,115.84434246256569
8,73,114.57884849326365
8,74,88.73187055462768
8,75,115.01701931968273
8,76,114.16238685399003
8,77,111.73958963932091
8,78,104.03881725911197
8,79,114.74687100497249
8,80,93.01792128958914
8,81,110.61407063909428
8,82,93.4042152654365
8,83,100.61318811684032
8,84,108.74159470771701
8,85,109.97791532054543
8,86,94.37234926068777
8,87,94.93732871787506
8,88,91.74358930471499
8,89,96.23149778584775
8,90,115.04398103523272
8,91,96.6040587659154
8,92,100.0973009734953
8,93,110.37100245476176
8,94,100.19115653018525
8,95,121.94485630637064
8,96,79.92402683016553
8,97,120.87183468697185
8,98,101.50909638457233
8,99,125.76260462461505
8,100,92.27024504005385
8,101,92.74897243695887
8,102,91.93382329334418
8,103,122.96938804983802
8,104,87.0491953360397
8,105,117.63808603004145
8,106,107.6136090622822
8,107,102.82110278724576
8,108,90.5584498148819
8,109,87.32725634115195
8,110,101.92285029876075
8,111,107.00461121214175
8,112,109.98096067652659
8,113,103.54920775830396
8,114,96.02613858121913
8,115,97.48521154507034
8,116,98.7731735308189
8,117,107.49507820474537
8,118,89.76559173824353
8,119,106.87564491453668
8,120,78.24365374589979
8,121,88.82853071051068
8,122,95.91644708822423
8,123,99.26058891543653
8,124,98.22661098492244
8,125,97.26129578644031
8,126,69.95372843271616
8,127,107.09075603191013
8,128,88.97061877146916
8,129,94.49198101218644
8,130,94.44394483924407
8,131,86.95549623711122
8,132,104.39029957314779
8,133,82.15727006658562
8,134,111.98971166506817
8,135,83.13329587498447
8,136,99.14976059009496
8,137,94.09003426585696
8,138,115.02864773015608
8,139,83.20984142954694
8,140,80.43776384918601
8,141,79.55391394412436
8,142,81.3038606324044
8,143,83.65204378261842
8,144,101.3977036111246
8,145,73.13242846950743
8,146,86.73015692127228
8,147,96.8967166686707
8,148,80.4719352213433
8,149,90.19634978396789
8,150,75.14308701350092
8,151,94.8251827851127
8,152,94.41893624947988
8,153,103.3181939394708
8,154,82.5182880455759
8,155,78.46193977497023
8,156,110.61602439630224
8,157,77.78625479292532
8,158,75.39758171348512
8,159,73.55451403294865
8,160,60.32405948663654
8,161,77.38618422649597
8,162,96.16673233374604
8,163,84.45550691807875
8,164,45.878121278197796
8,165,87.83432342049491
8,166,95.8521500421266
8,167,88.77750414369802
8,168,51.72582229942782
8,169,80.89340997892577
8,170,81.86552256932191
8,171,107.19439042258455
8,172,73.3605720513442
8,173,58.529305875941645
9,1,176.41179257136537
9,2,167.95131399270758
9,3,190.63021422387828
9,4,180.43574710073153
9,5,190.74785323126707
9,6,181.2172706739584
9,7,179.55513962961413
9,8,180.69580456975382
9,9,186.4442370948891
9,10,165.4303875554615
9,11,186.429036364083
9,12,152.85800943175855
9,13,189.77945371668466
9,14,173.2444958291744
9,15,192.89863521912048
9,16,177.37375184788107
9,17,181.29100271050993
9,18,196.7270383693758
9,19,180.60046548225364
9,20,184.96893027982878
9,21,164.29389799346245
9,22,150.96590443930472
9,23,176.26606206336874
9,24,192.48534186919278
9,25,162.07908382111782
9,26,175.08198798017838
9,27,174.33712857854698
9,28,183.18277573592786
9,29,163.84857531195303
9,30,147.13107571860746
9,31,178.1995324972595
9,32,140.5190831338623
9,33,167.48149436107633
9,34,169.65762008549063
9,35,170.7954419910311
9,36,171.7298017714711
9,37,166.70122349439043
9,38,166.2113141056252
9,39,194.58611725948867
9,40,157.75106519504334
9,41,158.40421231254004
9,42,176.43131285296113
9,43,167.58681344521028
9,44,174.46652711956995
9,45,180.20522319598967
9,46,166.21450643422577
9,47,201.98020080418064
9,48,161.5610838950015
9,49,172.72563188485947
9,50,177.6351189478155
9,51,145.906949554148
9,52,163.89477186683507
9,53,179.36792919642903
9,54,182.47055971922236
9,55,165.59665982871957
9,56,166.13957044220297
9,57,162.65972417552985
9,58,177.99245348165277
9,59,148.3019656582983
9,60,160.30423336202512
9,61,187.92592371379578
9,62,167.02484278130578
9,63,146.87980282171338
9,64,179.49889447113674
9,65,153.59338947559445
9,66,142.15839825848525
9,67,136.34861463590642
9,68,150.94702429615427
9,69,166.45652244657686
9,70,174.76758863006398
9,71,184.41823919119634
9,72,167.57921078908112
9,73,154.64960885171604
9,74,173.19166320010845
9,75,184.2116685975925
9,76,159.0183111681181
9,77,163.75504859846114
9,78,168.15555690312613
9,79,147.68275812271895
9,80,138.45985760571784
9,81,148.43365921748773
9,82,173.22599786123465
9,83,144.46077960241382
9,84,144.64557825474913
9,85,134.07117486356583
9,86,151.7951326055918
9,87,146.4793891461959
9,88,148.6870700065192
9,89,147.38677487298992
9,90,156.28630193680146
9,91,161.6038310960721
9,92,132.60135755287774
9,93,155.11539690686186
9,94,146.69624596328504
9,95,152.11538297130028
9,96,123.91121878425474
9,97,143.3437187573145
9,98,135.11353081187553
9,99,140.2999142032204
9,100,143.99020247402223
9,101,155.16773731996363
9,102,135.44401406977704
9,103,136.67853435605502
9,104,121.97281394216407
9,105,128.4996402430843
9,106,123.39553141409851
9,107,126.85474013199564
9,108,109.48556342217489
9,109,111.95713036269444
9,110,126.7004028899828
9,111,115.20450298917422
9,112,105.80129386851331
9,113,113.77687512781995
9,114,144.62544498100033
9,115,127.21409904451139
9,116,106.44629790337058
9,117,128.95479628854082
9,118,114.57806748509029
9,119,93.91738388747035
9,120,114.378750503849
9,121,117.75534301537118
9,122,122.33800283778692
9,123,126.40876447584742
9,124,74.65740829115384
9,125,101.1437536355661
9,126,124.65696721943095
9,127,96.9291678325535
9,128,109.49548121757834
9,129,98.0383100518593
9,130,108.1823222492967
9,131,86.16956170110643
9,132,91.54005643616983
9,133,87.06875718162337
9,134,83.38363120775466
9,135,93.29695496185741
9,136,91.04110258456785
9,137,77.42495068620337
9,138,69.856243822127
9,139,100.50435596985335
9,140,85.52109369813115
9,141,88.88883018154593
9,142,73.04077256868186
9,143,72.48140443799639
9,144,74.07438236063172
9,145,74.2399274309937
9,146,59.401148894103244
9,147,54.90931768525479
9,148,77.50974558253802
9,149,47.05589081728249
9,150,47.392153775268525
9,151,37.097134371804714
9,152,49.40886664172285
9,153,25.641097587584227
9,154,61.70786798198969
9,155,24.36956879864374
9,156,21.88195657166216
9,157,23.871259901970916
9,158,9.74655065672414
9,159,18.545617437448527
9,160,41.22948551962327
9,161,-21.19967090764112
10,1,162.10257212282158
10,2,119.0823245968204
10,3,145.91063235498586
10,4,153.49751300588105
10,5,141.88810960225965
10,6,134.3610512252999
10,7,127.75317272954999
10,8,124.83998619777412
10,9,138.12056380636932
10,10,118.66352537818602
10,11,130.04044147204695
10,12,135.19821628501813
10,13,142.40934499075956
10,14,132.21269722806028
10,15,145.23254666165303
10,16,143.1296823146913
10,17,99.92111523888889
10,18,124.56719596054609
10,19,127.74973710970517
10,20,145.06395870345295
10,21,142.75891747329297
10,22,121.9181941786228
10,23,148.1529736042503
10,24,135.91210422744916
10,25,110.73323175872065
10,26,128.21654917829437
10,27,141.8092171085882
10,28,154.33891952729755
10,29,134.1712686660103
10,30,156.25818825685565
10,31,131.96055546125717
10,32,139.42604958778975
10,33,131.69885082854307
10,34,134.2180235985943
10,35,157.8458137118796
10,36,134.03571604192985
10,37,110.81687298925681
10,38,172.04342266994354
10,39,120.96749776868819
10,40,114.10270160080836
10,41,150.3723277175086
10,42,135.02121596414509
10,43,140.88319069224235
10,44,141.75783372957085
10,45,130.52478764861007
10,46,144.6296691171301
10,47,131.26804376781365
10,48,121.3564676062233
10,49,131.12968054279918
10,50,131.26200080496346
10,51,109.89048707376787
10,52,110.60208309329755
10,53,158.66119359133882
10,54,141.55978568859427
10,55,127.65101301104733
10,56,110.36560789415671
10,57,111.46055124803388
10,58,141.0363579217301
10,59,117.46787331372616
10,60,137.8874708223375
10,61,132.41637345901108
10,62,114.83097201972123
10,63,134.33018991447898
10,64,116.94614915404964
10,65,103.51062919202377
10,66,129.53180148867978
10,67,136.41508580033405
10,68,120.4884701713745
10,69,132.82848609408393
10,70,126.43957768101973
10,71,127.53558646802412
10,72,115.90862656988611
10,73,118.58886431765131
10,74,101.35545774653292
10,75,128.98684088935988
10,76,98.37545613855036
10,77,123.58931905002828
10,78,130.45300285728445
10,79,133.06796690396004
10,80,107.91849375610036
10,81,108.85686522309697
10,82,130.35315354610793
10,83,145.49178635423596
10,84,121.87486667566554
11,1,182.1695663141727
11,2,174.09317619957437
11,3,204.55236462547327
11,4,185.68523366492445
11,5,177.29980879001232
11,6,201.42625864786532
11,7,196.11057204836834
11,8,185.3705908599004
11,9,174.026736334803
11,10,199.51261882539984
11,11,178.40465637276066
11,12,169.34905068839726
11,13,177.56397635115718
11,14,185.23696869226842
11,15,168.86599361578556
11,16,191.93416352872737
11,17,185.93375877039944
11,18,161.54311494862486
11,19,166.1901421829898
11,20,184.11428486485238
11,21,197.0300597657042
11,22,194.78775679331739
11,23,183.41061690552306
11,24,181.9592653361833
11,25,200.3535947782584
11,26,182.76478884239623
11,27,210.0874730187861
11,28,188.02445051006362
11,29,197.7625926767796
11,30,173.29540815856308
11,31,176.44986357611924
11,32,157.05807705012558
11,33,189.00443781328795
11,34,157.78795099963463
11,35,201.83944191659975
11,36,200.93176600447623
11,37,187.39327342061733
11,38,165.27666726467578
11,39,204.53280876547797
11,40,188.5253119920917
11,41,158.02751666127006
11,42,184.15623212444189
11,43,164.85957948685245
11,44,190.25808592569228
11,45,221.1252783609816
11,46,177.82141583570046
11,47,169.14430339467071
11,48,177.97738526578178
11,49,176.28797356059658
11,50,154.97792589662276
11,51,198.13678986593004
11,52,180.12301844358444
11,53,185.35726306586002
11,54,172.8769728116531
11,55,186.49775624542963
11,56,176.6541776752274
11,57,162.50202422869188
11,58,181.04895246439992
11,59,207.75524033374677
11,60,169.6869503783455
11,61,195.12087431304099
11,62,201.09190122516156
11,63,193.3237090591938
11,64,172.60809596041508
11,65,147.73628949619888
11,66,165.74731411924586
11,67,176.38775002436887
11,68,188.225775508894
11,69,177.42298011949606
11,70,181.4737038294552
11,71,193.6395376155633
11,72,155.01085959117336
11,73,173.3672298412057
11,74,163.58225153573585
11,75,165.76213840297714
11,76,183.0885128236987
11,77,146.2829726377604
11,78,182.3056127548989
11,79,166.71937049928965
11,80,158.05860523039155
11,81,190.10984320981515
11,82,144.54545474652696
11,83,170.68625527818222
11,84,175.86707956343162
11,85,170.26923780402285
11,86,138.97900495262002
11,87,163.11496795607673
11,88,160.46833666806924
11,89,162.35818079514138
11,90,151.64907456855144
11,91,170.82702458534186
11,92,154.61856553786492
11,93,146.12340090580255
11,94,130.63344804625376
11,95,145.7913471008942
11,96,164.84709063974879
11,97,161.1335540785003
11,98,144.09531544383208
11,99,165.77255110179976
11,100,138.79862941808824
11,101,130.81260185618885
11,102,149.53828533068008
11,103,166.72051290311356
11,104,157.39510873962718
11,105,152.876852172114
11,106,158.01634110617306
11,107,141.95521776510577
11,108,159.21962282168533
11,109,151.71528092152585
11,110,164.76932564014714
11,111,131.3303351727227
11,112,130.182902945744
11,113,143.7231555791077
11,114,131.80743872602034
11,115,128.34634756517335
11,116,125.06815958562947
11,117,138.43264684864698
11,118,123.17444066101598
11,119,109.86824613618955
11,120,132.60795589261397
11,121,124.06222616154992
11,122,116.5171986725909
11,123,123.80557128305372
11,124,98.81466302040644
11,125,141.1834704774301
11,126,111.09551280773303
11,127,86.47713381894573
11,128,102.84663502222975
11,129,104.62160971235426
11,130,123.12698339272174
11,131,105.63487747174804
11,132,108.97477699362207
11,133,132.31427891384374
11,134,111.88340229278401
11,135,97.10607884857745
11,136,93.98937176213076
11,137,104.08003204574197
11,138,84.83255452473531
11,139,86.08150288189063
11,140,111.89724679943174
11,141,70.5688369421623
11,142,83.66051848808274
11,143,84.1830378520608
11,144,77.41625186119927
11,145,91.4652897549895
11,146,88.15538425283012
11,147,62.767321467872534
11,148,65.77260358053172
11,149,53.02738097024849
11,150,69.0091879323736
11,151,41.71069913251267
11,152,58.18476125878078
11,153,72.70627345069806
11,154,30.709116885089315
11,155,65.72464671155467
11,156,48.74573983269511
11,157,39.08646261898684
11,158,41.14375198614289
11,159,32.3321325048164
11,160,32.59399375998328
11,161,22.07331100110605
11,162,-9.205723336977826
12,1,110.03067198221834
12,2,134.59335990357795
12,3,136.6377519386224
12,4,148.3561989650625
12,5,148.11569464171043
12,6,132.47772127860662
12,7,144.01529214785842
12,8,151.0713159839579
12,9,156.5682171658409
12,10,126.37625895522069
12,11,143.03760882955248
12,12,140.1799205506104
12,13,124.73072731890716
12,14,136.56092385260854
12,15,155.78732308725012
12,16,157.96995840309683
12,17,136.81701503386284
12,18,168.9789032921908
12,19,146.96170220253407
12,20,147.52911716380913
12,21,143.52946519816032
12,22,128.03868436401535
12,23,118.80413457653776
12,24,150.39483159135125
12,25,141.348291711809
12,26,133.69629431617795
12,27,146.59979311777715
12,28,130.30418966575235
12,29,109.15578636994906
12,30,130.29481715794827
12,31,135.8455631406905
12,32,137.57100505527342
12,33,125.72595205376274
12,34,136.84433680897928
12,35,145.43946099146706
12,36,109.45947631010495
12,37,110.65716740976495
12,38,119.16148219293973
12,39,145.02798589413578
12,40,129.0901455300991
12,41,125.88321026499762
12,42,123.62726491664216
12,43,114.47790169375367
12,44,115.01894738558622
12,45,141.30316456934088
12,46,128.0981612146643
12,47,144.1250032340613
12,48,102.69777133140451
12,49,125.07834393463418
12,50,114.04027381083142
12,51,136.5505044449892
12,52,123.31369679271302
12,53,117.90092731534241
12,54,129.5785813850016
12,55,105.18786236748565
12,56,113.50088618189329
12,57,99.48938984681445
12,58,149.16650124454463
12,59,107.65364413728821
12,60,125.47829216967511
12,61,110.23957536578382
12,62,125.24334352379083
12,63,108.91886242008331
12,64,115.70786549968034
12,65,137.1647963758587
12,66,131.14338598245376
12,67,130.13698159921478
12,68,132.38131245649856
12,69,131.89023410396476
12,70,119.35516917124187
12,71,130.05169980029314
12,72,113.07087563799723
12,73,114.87267953620903
12,74,126.4415259305024
13,1,177.8477086491257
13,2,203.65098409555503
13,3,160.42614707627217
13,4,171.85553849274584
13,5,171.11761166267388
13,6,157.7041568798304
13,7,168.88074225963646
13,8,204.56099805777194
13,9,187.44372538373864
13,10,200.46772140301618
13,11,180.18487777263363
13,12,198.2571351973893
13,13,196.49637244868063
13,14,192.34415934378922
13,15,192.6654815180882
13,16,165.17249314577202
13,17,200.13150234831846
13,18,170.35364604568167
13,19,170.40542153424758
13,20,159.155313422154
13,21,178.07770694963983
13,22,168.62462688510277
13,23,205.51501520716556
13,24,172.53017334134347
13,25,184.56592403572722
13,26,183.412557842581
13,27,173.52350230326556
13,28,179.36840104923613
13,29,160.43906958325533
13,30,146.4044668386341
13,31,196.14847252987238
13,32,184.9664950618171
13,33,187.77683851606707
13,34,173.24735328803945
13,35,163.15623097273783
13,36,175.17976008356345
13,37,181.0711252808469
13,38,173.1565241183198
13,39,167.83241343595
13,40,175.32040713690367
13,41,149.9050329257734
13,42,188.38301211898943
13,43,181.34239096539386
13,44,168.64833955025097
13,45,159.8630362960248
13,46,163.5345982413637
13,47,170.22764302977885
13,48,191.3348424067517
13,49,169.32167885136732
13,50,174.57939584458654
13,51,175.0738679968199
13,52,175.82281559451803
13,53,168.04595803401753
13,54,184.45678830894758
13,55,165.35774331002904
13,56,169.97632778582192
13,57,176.65273422488826
13,58,150.3076784844743
13,59,170.629635048841
13,60,149.84545158973197
13,61,172.6146857352942
13,62,141.24096668182756
13,63,163.55917522862728
13,64,126.32348979636299
13,65,185.2644787540994
13,66,177.5089762540738
13,67,162.00546882260824
13,68,163.75466941262857
13,69,165.29535348345235
13,70,186.0694870612715
13,71,196.44940305584169
13,72,183.0310164270777
13,73,170.5143733247969
13,74,154.4118236075301
13,75,173.09589026524918
13,76,143.22468529472826
13,77,165.09571681571106
13,78,152.81014062102622
13,79,164.30810554647906
13,80,170.45411498989415
13,81,166.36601400258223
13,82,166.68335742784257
13,83,139.25290579883585
13,84,158.52174763214862
13,85,169.75179246944754
13,86,158.15289213750657
13,87,173.3815364195034
13,88,147.79933233535849
13,89,172.40337240395456
13,90,160.42611128993303
13,91,134.5382967255573
13,92,163.16133850627375
13,93,153.79519118421013
13,94,142.68485495814093
13,95,162.5977715149711
13,96,150.50558642041142
13,97,149.4108970940797
13,98,146.36703175556613
13,99,130.60164081929543
13,100,156.34725374203845
13,101,165.39346206702612
13,102,165.02627085580025
13,103,126.75807939392689
13,104,166.33078121128347
13,105,156.0056405895666
13,106,147.61786877454142
13,107,141.33654749488778
13,108,161.84275474564492
13,109,145.27235995714727
13,110,152.7505123987503
13,111,162.12482455139252
13,112,150.26926587655907
13,113,140.28398360530264
13,114,146.56651162311027
13,115,118.48352440381132
13,116,133.1295077601535
13,117,134.94092136077234
13,118,145.6079715936212
13,119,143.66608289431315
13,120,119.31666417603992
13,121,123.07245548663195
13,122,144.2827020484183
13,123,138.94796875958855
13,124,129.7235638899001
13,125,121.0542064771289
13,126,146.55155573743832
13,127,138.4584571048108
13,128,132.45873459970608
13,129,125.67818577749858
13,130,153.6959304846896
13,131,125.7016906418794
13,132,134.8937174785824
13,133,111.7997932313956
13,134,124.7954674680077
13,135,122.76183174652397
13,136,115.97092983419134
13,137,130.94507129260455
13,138,111.32181942131865
13,139,124.47592153717414
13,140,130.58664609206608
13,141,124.6461253571033
13,142,111.65139210023335
13,143,125.74379446818784
13,144,126.42257845133281
13,145,106.16674228130432
13,146,127.8189280201841
13,147,97.42523729496315
13,148,85.28040197135124
13,149,125.03911848155258
13,150,91.49337852537428
13,151,104.81092322462064
13,152,99.69493846685509
13,153,97.25655933686357
13,154,95.85471045332088
13,155,79.65523710638081
13,156,88.08708704636956
13,157,91.16796364841139
13,158,66.79112850333331
13,159,93.83178991388559
13,160,70.56500868098374
13,161,78.21777158374607
13,162,79.63932325012865
13,163,75.06991822574491
13,164,84.38018747199385
14,1,113.10062697537796
14,2,103.50359763910092
14,3,119.2044100087005
14,4,130.13778697088856
14,5,130.74481831521553
14,6,122.3875782479954
14,7,130.58586986325827
14,8,105.97091637302947
14,9,103.9104663755279
14,10,122.82711399308755
14,11,111.6818993331035
14,12,121.56265845604503
14,13,112.65681054598099
14,14,110.0632836193472
14,15,117.379833463885
14,16,132.53209587640595
14,17,123.53310738196888
14,18,111.87689932571811
14,19,115.41377045035188
14,20,104.67822749064362
14,21,121.70363601307326
14,22,117.0097366380287
14,23,128.32032002458436
14,24,110.8751849222972
14,25,127.01401317730779
14,26,138.1250850764627
14,27,136.32037554750423
14,28,108.64431178817176
14,29,139.4122806289961
14,30,135.0643080604641
14,31,116.1310313657159
14,32,119.15047408776445
14,33,120.01741012911225
14,34,117.28640668842127
14,35,111.93370576178131
14,36,82.05120172724855
14,37,100.89116066184215
14,38,123.71125114833558
14,39,97.25961205614294
14,40,110.91592174172547
14,41,109.19621815774735
14,42,121.64940988188027
14,43,124.61078882704896
14,44,116.08639282130025
14,45,94.57126162864733
14,46,96.20618426332658
14,47,107.54216610061121
14,48,111.56001671563718
14,49,123.66918896551942
14,50,104.25390898939077
14,51,122.55177074192034
14,52,116.43440630901023
14,53,137.91346717093984
14,54,90.01279584506119
14,55,104.11557831612299
14,56,97.00826980497368
14,57,126.66119014501601
14,58,112.79727640390047
14,59,113.51926049073518
14,60,109.34412468838127
14,61,123.08011617571901
14,62,70.13268404832343
14,63,82.88503998389206
14,64,105.21350468684977
14,65,72.6947769819817
14,66,109.73917044138216
14,67,84.02869270194788
14,68,99.69084137862956
14,69,102.9053673422095
14,70,75.09961033943546
14,71,87.31667007878423
14,72,90.14438135841192
14,73,101.1995592508174
14,74,118.3480522642567
14,75,122.10569165569905
14,76,96.90389386758034
14,77,90.84582864996628
14,78,111.73301346196968
14,79,111.40736584503611
14,80,132.88667527079815
14,81,84.73344081285177
14,82,108.70032172469655
14,83,113.17899808818038
14,84,102.82068619711936
14,85,105.19817731920921
14,86,110.37758914816368
14,87,71.47313615235907
14,88,99.45840441251494
14,89,111.96926330608403
14,90,111.16990503982379
14,91,119.9877747185601
14,92,80.32660188510636
14,93,118.316281481435
14,94,92.83962346822955
14,95,99.0920508767449
14,96,81.3665776605776
14,97,100.67279790776956
14,98,94.22292210756859
14,99,100.78261527913855
14,100,98.93972625945753
14,101,79.71587404209276
14,102,108.72022993140854
14,103,71.58038696756557
14,104,86.39282927999011
14,105,74.23249726737413
14,106,73.97251254358707
14,107,74.31290346651804
14,108,69.30154138078797
14,109,91.86941183624731
14,110,77.73447543563816
14,111,76.68716938301804
14,112,93.63404577026813
14,113,76.94111516090925
14,114,73.605914251777
14,115,82.62147162076872
14,116,108.69327373101987
14,117,80.99721886422049
14,118,69.2025098328595
14,119,80.18526252534502
14,120,95.99017142276716
14,121,71.95112174143287
14,122,77.88581971838721
14,123,71.44277358805994
14,124,57.629023979789054
14,125,70.71919376648293
14,126,82.52952245833876
14,127,60.14268227630237
14,128,69.27095087650378
14,129,62.65781447606423
14,130,93.71733249342651
14,131,50.74925095713843
14,132,55.440104097237054
14,133,56.892729321698425
14,134,56.7655934352515
14,135,46.883211528052925
14,136,45.46326091852825
14,137,68.9283552306515
14,138,70.86077521140396
14,139,48.06768868583458
14,140,53.634002792081446
14,141,54.843705023296934
14,142,60.00257351573964
14,143,61.65008127596957
14,144,55.64392803949886
14,145,36.475991168947075
14,146,23.196018810653186
14,147,21.465435050682572
14,148,43.72513421253825
14,149,59.51233315344143
14,150,22.32854556466191
14,151,44.285049822392466
14,152,44.612002140234836
14,153,30.389562295262294
14,154,32.775138869190414
14,155,21.69853220859659
14,156,5.191209999888088
14,157,32.02501033486624
14,158,15.477071900029841
14,159,35.676564674140536
14,160,17.337561071944947
15,1,141.75906324993412
15,2,158.4604888504764
15,3,150.08649386729667
15,4,145.9646565493531
15,5,142.6024284374289
15,6,162.96003895373724
15,7,149.30662437709543
15,8,188.07562465630326
15,9,163.39753295075934
15,10,166.6326392800329
15,11,178.62159879468527
15,12,155.19127258148364
15,13,149.55665503119963
15,14,186.4690575328059
15,15,161.063692527292
15,16,164.37767401824385
15,17,152.21611758892686
15,18,158.1127947222849
15,19,131.73080140655657
15,20,166.8750665141415
15,21,168.18181312731758
15,22,151.3985438877353
15,23,168.9730404403308
15,24,140.05332764019113
15,25,156.00119112392713
15,26,150.3379869542623
15,27,148.72169645273243
15,28,165.05455879238434
15,29,145.59534379089018
15,30,140.60637300188682
15,31,156.11736401675444
15,32,155.59406531241984
15,33,157.68860941413732
15,34,176.2667114439173
15,35,155.07880355115776
15,36,160.21535614290042
15,37,155.03083301553124
15,38,154.2145650733728
15,39,146.66442956210813
15,40,163.627186072903
15,41,159.70830497096176
15,42,161.83606862101442
15,43,149.74768776393466
15,44,154.10426251161698
15,45,140.06146889286174
15,46,163.88388981961907
15,47,142.2183329313557
15,48,149.1009863089057
15,49,142.75322696921648
15,50,119.57248826193972
15,51,124.76055279034335
15,52,145.76338653104904
15,53,148.464220340029
15,54,141.80622818291158
15,55,158.9245600941067
15,56,168.55978074151062
15,57,140.34357463083143
15,58,127.78807143641461
15,59,151.62621854492318
15,60,169.58287097411812
15,61,145.2578619318665
15,62,149.94122816635354
15,63,153.27071597689792
15,64,151.0482151937249
15,65,148.59660869665095
15,66,138.1566981163778
15,67,149.26876553100738
15,68,138.93129107750428
15,69,132.01879253640072
15,70,150.50584743759828
15,71,162.32307378812402
15,72,122.65288168541156
15,73,147.24420636405557
15,74,142.15816321077727
15,75,127.44842039489595
15,76,144.40281829835294
15,77,151.86477651690802
15,78,153.12710759693437
15,79,160.50343928844813
15,80,129.87752767863276
15,81,141.91841874048987
15,82,124.9264856519003
15,83,150.25674937724398
15,84,125.54759047789412
15,85,147.77122157656413
15,86,150.80332472929877
15,87,125.1629678236277
15,88,129.04721251149022
15,89,137.77453927986062
15,90,147.89134942303644
15,91,113.04334022223338
15,92,114.53913270634803
15,93,120.67762308953388
15,94,103.0577773555342
15,95,134.6097294039646
15,96,134.13236111069273
15,97,157.69177962461254
15,98,117.20278240340849
15,99,128.77380449808697
15,100,146.89980842156365
15,101,139.6868649460812
15,102,114.7649283913488
15,103,120.79445749515435
15,104,112.33606814324594
15,105,124.861114531981
15,106,137.37542297168693
15,107,119.03382969558879
15,108,113.4905716686917
15,109,131.4310202665656
15,110,128.52250925209228
15,111,96.68366064565635
15,112,120.95845289076533
15,113,118.94219449409866
15,114,126.84437461526977
15,115,123.44314698789094
15,116,113.31855344803625
15,117,120.87558761625405
15,118,123.61640819167951
15,119,126.94907683179918
15,120,110.39514454812888
15,121,115.62692513481306
15,122,132.7724745927917
15,123,135.38538676593453
15,124,119.31364370603842
15,125,103.73268820966041
15,126,98.58060457064857
15,127,117.18349053088605
15,128,116.20456411294435
15,129,102.96838397379906
15,130,113.08676675496827
15,131,104.5318186337754
15,132,116.2213462222644
15,133,115.22406565784331
15,134,98.35029664730246
15,135,96.14807694215415
15,136,115.21277845207806
15,137,65.4143803355255
15,138,104.6721799441948
15,139,95.56660481652943
15,140,99.6635397051432
15,141,104.70594862022699
15,142,84.83235206914833
15,143,84.38359587589366
15,144,109.64021067089197
15,145,103.80754383682506
15,146,80.08982161968743
15,147,92.94889840731048
15,148,95.90334782029095
15,149,78.3867099928757
15,150,80.78904420003528
15,151,80.64258283017989
15,152,97.60398323521076
15,153,107.14242172015656
15,154,93.40269448392792
15,155,78.88510704193322
15,156,80.47615264210617
15,157,76.82764627472352
15,158,81.10891067794728
15,159,75.3231389568391
15,160,91.42558188563999
15,161,75.34563604489085
15,162,79.64346049816959
15,163,61.17705533192202
15,164,76.14925209919602
15,165,68.74141382707603
16,1,150.72515830588964
16,2,176.52039634981338
16,3,167.96505790589435
16,4,142.5400038889493
16,5,162.55308149602206
16,6,184.5623294792531
16,7,121.8146965918495
16,8,161.31676598084596
16,9,153.25832322001224
16,10,152.00829757474276
16,11,170.36008445631887
16,12,151.9965909345774
16,13,170.93104747644975
16,14,152.34003340503114
16,15,166.70855453280092
16,16,178.14951923314948
16,17,150.78469371992105
16,18,158.7390258208543
16,19,161.68246036206256
16,20,154.79545397077163
16,21,147.02427760185674
16,22,152.38876888863888
16,23,153.56580406289868
16,24,166.19731308238988
16,25,169.48669680854073
16,26,171.60634137038141
16,27,161.0040440083685
16,28,177.3052442235712
16,29,149.45639677780127
16,30,169.75256174863898
16,31,154.68180394715455
16,32,150.58128688335273
16,33,176.47024525566667
16,34,152.27048154336808
16,35,151.46080694239936
16,36,160.91620182700717
16,37,151.7741221074466
16,38,150.10945555796934
16,39,183.16502417446463
16,40,138.16340417453466
16,41,147.38972317218577
16,42,173.19339761939045
16,43,168.32522636167414
16,44,152.7436049408061
16,45,152.94812845427077
16,46,166.69933016622235
16,47,141.86926998761191
16,48,162.12164788119844
16,49,151.1433907481769
16,50,168.064651038163
16,51,156.21010026285512
16,52,148.9583890392969
16,53,143.0243972722019
16,54,127.24964774397085
16,55,156.46307721086487
16,56,169.0246906435641
16,57,139.2448286829822
16,58,137.32851789090637
16,59,161.86497479904938
16,60,141.9367934437687
16,61,126.60662384739408
16,62,168.82561983795313
16,63,179.4297870573937
16,64,141.00563237510505
16,65,152.9429142827721
16,66,139.91616829695704
16,67,161.71480662688555
16,68,153.24720991990034
16,69,162.96609688580793
16,70,145.27847079443018
16,71,146.42910314770415
16,72,161.68845169837732
16,73,165.35040412830858
16,74,147.52356983697246
16,75,123.7207743760082
16,76,127.94063784529862
16,77,141.03572824454022
16,78,131.13345421996928
16,79,141.398402018247
16,80,121.06959396634193
16,81,127.74890103776124
16,82,130.9169018352768
16,83,149.2368767684893
16,84,139.9632079755247
16,85,140.10082661538763
16,86,143.48692689969175
16,87,146.1648660261344
16,88,128.53052428191586
17,1,161.29380977834808
17,2,167.02243041995098
17,3,216.85710926658066
17,4,175.8729569954885
17,5,194.41988212038996
17,6,165.82552381684945
17,7,190.58627080613223
17,8,178.97984636586625
17,9,215.9958812292898
17,10,168.44922396627953
17,11,193.31056580605218
17,12,163.70007066176913
17,13,192.5190093727797
17,14,181.78251632067258
17,15,189.29440286924364
17,16,209.63172059791395
17,17,168.23441849645315
17,18,206.64311241994437
17,19,156.94334730439732
17,20,190.88123215457745
17,21,188.1351676860504
17,22,174.38923821315984
17,23,188.2120216887124
17,24,185.2804288617408
17,25,173.2938764650753
17,26,188.31403707109712
17,27,174.6718743766687
17,28,183.79989585834846
17,29,194.11431680502574
17,30,165.3321322081756
17,31,209.5676208402292
17,32,178.08647213357472
17,33,185.2205522852455
17,34,183.69609578789095
17,35,193.55915430979076
17,36,196.73493451734248
17,37,187.1586336847904
17,38,192.24520933361782
17,39,186.1091450373351
17,40,179.98047317238525
17,41,179.74838595231995
17,42,187.6368291062463
17,43,175.33122703552363
17,44,167.95536586431263
17,45,186.28987163231068
17,46,174.76811199360964
17,47,182.40508177745505
17,48,199.13606187574624
17,49,191.3736195605452
17,50,186.50164009263972
17,51,167.33440976875863
17,52,185.19781483781844
17,53,190.01318809902295
17,54,198.7397546120119
17,55,181.35053322017484
17,56,163.1355278673218
17,57,182.55134247343085
17,58,171.39688833114633
17,59,158.07366566064593
17,60,182.46430534153478
17,61,171.7892892488453
17,62,176.76961342473078
17,63,170.1505842030674
17,64,174.93640050494287
17,65,180.5016097998523
17,66,158.13643530348781
17,67,168.7058944866949
17,68,186.35690779713332
17,69,190.3744138166585
17,70,184.3387216891424
17,71,177.04641853980138
17,72,192.6567477862627
17,73,183.77909386939427
17,74,160.79664422573114
17,75,146.8143177164966
17,76,192.32364739685
17,77,163.8106148601364
17,78,171.72366631649493
17,79,153.31038574584818
17,80,165.76883885746065
17,81,178.8463386784133
17,82,153.81487101055973
17,83,196.698501602943
17,84,183.88879933130374
17,85,151.94974421667575
17,86,185.54939094815927
17,87,192.59830585610325
17,88,183.3696564359343
17,89,181.4602312192801
17,90,174.8282866194204
17,91,171.06080821839714
17,92,163.54239152730588
17,93,153.7677054755768
17,94,176.33978253545502
17,95,155.09022651713894
17,96,189.0657916991986
17,97,175.91356687320513
17,98,160.66126009255095
17,99,166.04851132348267
17,100,182.2723191763289
17,101,156.6468280369736
17,102,180.50813561828545
17,103,176.21562345335406
17,104,177.36105890278122
17,105,174.11337698201532
17,106,168.29904997784615
17,107,172.44950359274662
17,108,179.00673020183604
17,109,169.1382518766186
17,110,189.07553197997913
17,111,166.62742290199094
17,112,161.763761649534
17,113,174.29736275383038
17,114,166.5051190536251
17,115,180.09038154250447
17,116,175.6756916841914
17,117,156.70091057273385
17,118,153.7765891346353
17,119,150.61643410591932
17,120,184.98399304143095
17,121,181.5947112263384
17,122,172.70472800260177
17,123,186.99936210069427
17,124,174.74689774635044
17,125,163.56549590639042
17,126,145.00916049198713
17,127,149.741874144529
17,128,149.38074797000445
17,129,177.21852121267875
17,130,162.81714696032577
17,131,191.04004197300674
17,132,179.5604022688276
17,133,168.98363568955392
17,134,160.89396022157598
17,135,166.68838585819321
17,136,134.57913530620135
17,137,166.16592157589184
17,138,141.80726630643767
17,139,172.5686985263892
17,140,168.9401667578568
17,141,177.16083253906982
17,142,164.74603659482818
17,143,169.41497723046632
17,144,177.22732201990584
17,145,180.26101747314533
17,146,166.53903264441033
17,147,169.11660823888087
17,148,139.8871852642551
17,149,190.37297454839427
17,150,166.64693522021844
17,151,176.15101212081936
17,152,162.8552278473726
17,153,173.06053006590082
17,154,162.45508056603285
17,155,141.44612069979485
17,156,146.83917463252874
17,157,173.1726283843018
17,158,175.26573327119695
17,159,160.78524544807442
17,160,150.23628982889204
17,161,152.2338448885057
17,162,152.4220370769981
17,163,170.75460492379352
17,164,161.67061472880596
17,165,164.28409996899427
17,166,159.0201442655889
17,167,148.45855711674812
17,168,150.0133933072284
17,169,167.96137560220814
17,170,153.64295545266214
17,171,158.46356603011372
17,172,184.01504042333545
17,173,166.00717784235894
17,174,148.63748730182124
17,175,116.96589790550206
17,176,181.99240298649966
17,177,128.91171570924053
17,178,160.63870059705368
17,179,154.09943950909656
17,180,152.1214899133629
17,181,135.5188786294675
17,182,153.17965805243875
17,183,130.43225608728972
17,184,161.8408736430065
17,185,137.59558174149424
17,186,143.587097739015
17,187,127.72477676879498
17,188,152.7911948128458
17,189,154.5000383065999
17,190,121.95481901565654
17,191,139.81862129719957
17,192,149.35354492748593
17,193,166.98652931072866
17,194,153.81331567041343
17,195,147.4789613620742
17,196,144.0727079200151
17,197,119.88914803210355
17,198,125.38550702166685
17,199,123.18787123043148
17,200,134.06630918971496
17,201,136.84096419867274
17,202,126.41542302444577
17,203,136.58393462005915
17,204,117.15164426341653
17,205,149.39046013148618
17,206,162.84072297737293
17,207,138.98660258248128
17,208,128.3778046001171
17,209,128.4507261351755
17,210,131.37037904877798
17,211,150.30616092379205
17,212,129.89131053681194
17,213,146.4899889306762
17,214,137.8285383157854
17,215,114.45291338178504
17,216,138.24085191795893
17,217,125.76185528412316
17,218,126.63851570841507
17,219,114.04806169251242
17,220,147.01140225656854
17,221,134.82452531133458
17,222,126.34700178803905
17,223,119.29708239041793
17,224,99.02233691786387
17,225,137.99729209631187
17,226,132.984925993871
17,227,109.90153060828015
17,228,112.48264009795093
17,229,110.69633280566632
17,230,125.98232972242113
17,231,106.09721842255385
17,232,122.3180412639922
17,233,108.54565383861336
17,234,134.80069639033172
17,235,133.05944512591668
17,236,120.23003171616438
17,237,130.77390543996444
17,238,125.80779192878254
17,239,129.47438616499858
17,240,119.24152061370114
17,241,109.85612367258727
17,242,116.71143945958465
17,243,133.8543336836592
17,244,110.41344020520046
17,245,96.85154434418655
17,246,106.8310443739465
17,247,92.91930389997287
17,248,103.03605568705825
17,249,111.24206397675152
17,250,93.10549292961514
17,251,122.7867457954635
17,252,113.23419621324138
17,253,112.90730557988718
17,254,103.53176706879458
17,255,107.78737147394713
17,256,97.9011651770852
17,257,127.68770944984135
17,258,92.79882443054521
17,259,103.93604815796425
17,260,90.05928585278889
17,261,93.22882816084166
17,262,76.92746652888309
17,263,110.28664414369268
17,264,92.47462436833302
18,1,162.26658414248232
18,2,148.39931971176702
18,3,156.30661183725897
18,4,165.59062623600767
18,5,129.06196086838463
18,6,150.63501159174484
18,7,142.96170031582733
18,8,168.40105718776613
18,9,164.3959124936955
18,10,161.39912631864718
18,11,148.79235474939924
18,12,144.23695402817975
18,13,149.90886910894915
18,14,168.27304074676795
18,15,183.9204835606215
18,16,165.6120131613352
18,17,156.3373836866158
18,18,146.4768604171768
18,19,178.0913072631156
18,20,156.35127011901932
18,21,157.55168946703634
18,22,146.67446219400153
18,23,149.92984879043797
18,24,163.3753659017966
18,25,149.20372541746474
18,26,152.8741111791096
18,27,167.5908789763198
18,28,184.01237681681232
18,29,143.2235657856072
18,30,162.65419106070476
18,31,156.08406565695623
18,32,157.05656560174975
18,33,147.56125540684297
18,34,152.99468207381142
18,35,154.296717858786
18,36,138.08955732776667
18,37,180.08834690799995
18,38,142.87111782983266
18,39,127.4093461717639
18,40,171.76719537955796
19,1,145.62498651979695
19,2,144.71857985509996
19,3,165.23956011479459
19,4,143.00229452165513
19,5,163.7346245703302
19,6,162.3836370805584
19,7,127.28950902184442
19,8,143.5909159277362
19,9,118.84778725634533
19,10,142.1421795651695
19,11,154.26561827756086
19,12,146.20981547029078
19,13,147.0507228844799
19,14,134.10526806157577
19,15,149.56126058317022
19,16,164.67003499585553
19,17,152.78653790228418
19,18,184.34822904534667
19,19,152.78217887250503
19,20,154.6101395072983
19,21,157.37756674108823
19,22,146.25111325966282
19,23,124.01091132684815
19,24,149.22495271223306
19,25,143.49505760672764
19,26,129.42109297655406
19,27,126.55632740687724
19,28,169.57555792436324
19,29,149.03025062172674
19,30,158.82388991063635
19,31,152.39688117703918
19,32,130.10582984898065
19,33,139.63995418845298
19,34,115.89752975528245
19,35,126.2946144580419
19,36,133.60558623888937
19,37,144.90471203421475
19,38,128.28548147387482
19,39,130.2266340234928
19,40,134.36002817051485
19,41,122.24849612079561
19,42,149.78714209602185
19,43,128.31421719911305
19,44,145.17370075378858
19,45,142.2588949399942
19,46,136.71161809992918
19,47,156.1280706974867
19,48,136.21290216879424
19,49,138.31431974322186
19,50,122.0594858323384
19,51,144.31199706128245
19,52,155.48860694385075
19,53,129.5505590245375
19,54,158.33097072406963
19,55,129.04083799063665
19,56,149.2650826363897
19,57,143.84018638205453
19,58,155.20564086938975
19,59,138.2191469766185
19,60,161.89051641095284
19,61,138.6537042908676
19,62,137.9249021521755
19,63,121.69627007636154
19,64,132.75770319339063
19,65,144.73321334063803
19,66,116.70714648895955
19,67,142.83476548400358
19,68,131.884942315206
19,69,131.79109518597397
19,70,148.42083686008846
19,71,128.46941355500167
19,72,131.52067509823246
19,73,154.2833214101629
19,74,150.4462457684931
19,75,114.90085946671752
19,76,147.3383808889339
19,77,151.3618457642442
19,78,115.14590647324803
19,79,134.70010219584947
19,80,136.50335554939375
19,81,135.4557520649032
19,82,140.4869528565905
19,83,150.24164989255223
19,84,143.1927851751825
19,85,124.06141932500032
19,86,117.96575397832203
19,87,130.24399045704195
19,88,121.90295528896968
19,89,117.55446071433835
19,90,116.27117882062157
19,91,141.75395869900967
19,92,133.03131118373858
19,93,156.54667149491434
19,94,122.01479333838506
19,95,128.5420346376486
19,96,135.43826240894123
19,97,133.20416150261008
19,98,112.51939463727467
19,99,144.87215843295417
19,100,120.08001212055387
19,101,123.64862419376732
19,102,118.17450426211872
19,103,107.7168618831638
19,104,118.7108540313202
19,105,122.08173518533295
19,106,134.4830385562018
19,107,109.99366609245044
19,108,117.56496872710704
19,109,103.88478405332717
19,110,112.65425757872435
19,111,98.631444066923
19,112,116.32940846728889
19,113,123.16827701275179
19,114,117.97981210894795
19,115,103.86884413775988
19,116,131.9475153704043
19,117,126.19779782328987
19,118,115.86603083935188
19,119,100.1595462086334
19,120,93.07634126054472
19,121,95.47517874781624
19,122,89.06711965968861
19,123,110.70269099201687
19,124,107.73325726398616
19,125,94.49190919742978
19,126,106.78459732360352
19,127,128.27666066902748
19,128,100.19142841496068
19,129,123.20673487782187
19,130,91.63628885047365
19,131,90.18897641486546
19,132,94.3049056247255
19,133,115.57643490429473
19,134,109.55268984448048
19,135,91.120782989492
19,136,109.35065525814571
19,137,95.01176716474583
19,138,95.33577405467076
19,139,99.06179708552372
19,140,95.37361429609882
19,141,59.20931421207206
19,142,81.11648267731653
19,143,76.6817592982552
19,144,92.24625754204317
19,145,84.73735892674449
19,146,47.84615434704756
19,147,102.18169643668807
19,148,97.28299415456422
19,149,107.11582186202577
19,150,72.61561035081104
19,151,85.16254169664171
19,152,74.6491654740239
19,153,72.2211530078348
19,154,69.04177903816162
19,155,71.43998418768024
19,156,62.13286247335054
19,157,87.53090592745139
19,158,66.67638807406183
19,159,83.95577116135973
19,160,54.765695060901635
19,161,55.064456415457244
19,162,60.92240989324637
19,163,34.28541531641531
19,164,49.364373053897
19,165,54.271035593345005
19,166,45.42047136454494
19,167,24.304209028698097
19,168,44.683072903804714
19,169,53.60203603591799
19,170,27.853580432543822
19,171,40.603037283959566
19,172,19.749741009371064
20,1,144.70973416832567
20,2,139.35761449537677
20,3,130.05205768782616
20,4,154.1739717854216
20,5,155.43125735640206
20,6,157.55800679035747
20,7,139.34340080709808
20,8,136.1764707613038
20,9,144.46123870278097
20,10,148.42428438296338
20,11,165.68104970454442
20,12,139.7166389352351
20,13,113.72875368014502
20,14,136.32840104667412
20,15,128.7237516721798
20,16,134.96469989723846
20,17,125.56787095007166
20,18,154.21255372717133
20,19,143.22463944296032
20,20,136.9747000671996
20,21,120.5274541277613
20,22,129.95822620563558
20,23,146.08175786295033
20,24,137.96235879490268
20,25,141.9324789534221
20,26,108.19724727843277
20,27,141.37986415558407
20,28,139.25530801505374
20,29,133.07317833152047
20,30,125.08105764263019
20,31,132.97950403610594
20,32,158.20873525570642
20,33,159.1807141029567
20,34,133.08970379200764
20,35,123.51336801225989
20,36,146.53568514827202
20,37,145.05375441059732
20,38,129.88389132609882
20,39,138.5924237736108
20,40,157.5369180436901
20,41,145.3532031452487
20,42,152.02601269128354
20,43,123.30855508570676
20,44,127.88141320581781
20,45,132.14871327015862
20,46,140.0584392226374
20,47,113.57198093552142
20,48,128.04951849512872
20,49,128.66234206606896
20,50,144.62624462963868
20,51,155.19491335474595
20,52,129.4940456829354
20,53,114.0100781627043
20,54,124.29848899299395
20,55,123.51937417076988
20,56,136.87094086701836
20,57,138.90536991697445
20,58,127.67071490218223
20,59,142.71129111611663
20,60,119.06020001526485
20,61,102.15198394381878
20,62,126.26431509336544
20,63,160.7615449086661
20,64,137.87947522119794
20,65,143.84669677577767
20,66,121.88124209997477
20,67,124.80104271863092
20,68,147.71898475809576
20,69,103.98832137139834
20,70,86.22632177624473
20,71,123.81961057651642
20,72,132.33259741902293
20,73,137.23360000517278
20,74,124.59713828677923
20,75,152.26714042876847
20,76,124.0900087722257
20,77,127.30595226316655
20,78,111.41110445380036
20,79,131.539946447876
20,80,111.50204106068122
20,81,106.85565444900567
20,82,149.37239121525636
20,83,112.978108075411
20,84,119.27782548979303
20,85,107.62984793981013
20,86,111.86670111073181
20,87,119.11874199935119
20,88,108.53993789799279
20,89,81.27675186527631
20,90,116.85561894991406
20,91,125.77750075440417
20,92,119.37945655154181
20,93,115.24713707796764
20,94,97.73472493712325
20,95,107.34229843492358
20,96,98.56741974315082
20,97,106.09488375275396
20,98,118.01014112476696
20,99,99.45789239846636
20,100,88.72046663148649
20,101,86.08484024543577
21,1,102.97563554823137
21,2,120.58287744364497
21,3,111.69091602597473
21,4,92.92409898672486
21,5,103.78038962132996
21,6,102.32892180031195
21,7,119.80034088946559
21,8,112.59989446356485
21,9,129.93849654314545
21,10,119.90619778085238
21,11,105.32654193974304
21,12,113.60955360774824
21,13,117.46928429240506
21,14,101.92626224923879
21,15,115.4846027418098
21,16,116.86081547528738
21,17,95.00214060278086
21,18,122.88228721398627
21,19,123.90437205845956
21,20,100.79791229667899
21,21,113.65115454646002
21,22,115.09948651547165
21,23,101.67263080011617
21,24,115.26405932050693
21,25,123.55937940240983
21,26,110.37927879890776
21,27,94.7849412272626
21,28,109.04996601831954
21,29,109.29883865900047
21,30,106.33241805314174
21,31,104.77582447836176
21,32,115.49360174425237
21,33,97.11903266642184
21,34,104.05294919524749
21,35,113.75549050399422
21,36,111.79552843317651
21,37,100.46313800744247
21,38,119.92875604688015
21,39,104.18556419545348
21,40,112.98645957700501
21,41,106.756941660562
21,42,105.33770140210981
21,43,102.05655472586659
21,44,102.00531759777368
21,45,106.67813945762464
21,46,116.24082646351599
21,47,115.88369915796648
21,48,104.79444108243479
21,49,103.27072885200323
21,50,111.04510506416409
21,51,115.14862547346274
21,52,81.79859643004602
21,53,91.59495441958279
21,54,112.96558541269042
21,55,73.597934172838
21,56,114.6512337227905
21,57,116.39339466412639
21,58,87.01024662918644
21,59,115.48067392047233
21,60,92.9219389230202
21,61,100.25406915694475
21,62,85.32106545182614
21,63,110.1099713245494
21,64,96.51816700896597
21,65,84.79384501645109
21,66,86.0975120964431
21,67,95.35273881136254
21,68,106.7060679641072
21,69,93.877912198368
21,70,119.08080900508503
21,71,90.09656170143717
21,72,97.28201291050937
21,73,99.26041379519302
21,74,102.89005238252139
21,75,106.53488168738113
21,76,106.43740035258088
21,77,90.02191270755429
21,78,114.90195925846638
21,79,93.74190315004671
21,80,113.38353972669574
21,81,103.30015215231833
21,82,87.50980629248807
21,83,117.76750001961773
21,84,103.85526870643662
21,85,104.65656268828025
21,86,103.90726748150337
21,87,84.41401989259612
21,88,96.27431179480482
21,89,108.27542142673337
21,90,79.24106230049802
21,91,97.66138104665151
21,92,110.18598297512654
21,93,101.98624650836427
21,94,108.60964368569694
21,95,82.97834840120777
21,96,77.22532773684361
21,97,96.22515402731369
21,98,98.12493691476266
21,99,74.18750099983299
21,100,92.92130885711958
21,101,78.35630883828708
21,102,98.65596205467591
21,103,89.6628463571542
21,104,91.617056667812
21,105,101.76817869092338
21,106,87.73798734710726
21,107,75.00147485613707
21,108,91.80704372588661
21,109,98.54076579966932
21,110,97.9978109744261
21,111,83.53186423954321
21,112,91.42548763591913
21,113,101.89696423703572
21,114,81.99307211017003
21,115,88.92519929241826
21,116,99.93096404976677
21,117,88.51755970648082
21,118,83.47690729925671
21,119,92.15582578705653
21,120,89.97765253424586
21,121,92.41458537833387
21,122,94.77324314085854
21,123,119.95070971804671
21,124,100.00243362077163
21,125,68.57861785100977
21,126,74.54419681475702
21,127,62.987405361403944
21,128,99.2388070366942
22,1,143.54433273845643
22,2,131.20604185157572
22,3,160.50615725986427
22,4,121.810397191628
22,5,165.03358372088405
22,6,153.60688393823511
22,7,131.92054870676657
22,8,158.06583097341354
22,9,150.48800153518823
22,10,148.17067734716693
22,11,123.9605563295845
22,12,126.05870579657494
22,13,138.49052348174155
22,14,135.29527550206694
22,15,145.3314383154284
22,16,162.8252399406265
22,17,139.1244904741543
22,18,163.44631377168116
22,19,147.57946574839298
22,20,139.45940106892522
22,21,150.9481959249024
22,22,151.27526720596506
22,23,132.94855788825225
22,24,119.9671496311712
22,25,134.87293073260662
22,26,113.77028852902004
22,27,140.43207635127328
22,28,137.5665340476844
22,29,117.62264421152213
22,30,139.9576585902032
22,31,172.69387255260517
22,32,137.64363990431593
22,33,132.62086702699162
22,34,136.72815085752518
22,35,110.53754586148716
22,36,114.2497919375528
22,37,132.85782085644314
22,38,135.756970022303
22,39,124.54626162079512
22,40,126.84910148500785
22,41,124.90799670797423
22,42,152.7175806682717
22,43,142.98622353986866
22,44,123.93442956956278
22,45,130.18565022712573
22,46,118.56828582601156
22,47,134.1680711369845
22,48,125.70506942328939
22,49,141.05912430861645
22,50,131.9267417508454
22,51,131.38749793906027
22,52,117.5925085903582
22,53,132.36461045951728
22,54,96.62294685568486
22,55,129.72396628013666
22,56,128.80002762025106
22,57,116.70814479172259
22,58,111.92312418964866
22,59,120.70905891128496
22,60,131.77058289072738
22,61,112.24709103727946
22,62,142.25386219688517
22,63,115.29222149452107
22,64,137.50558233765332
22,65,117.4664662804862
22,66,149.54846880303376
22,67,135.55528141572722
22,68,111.57506077803555
22,69,113.6365174307648
22,70,108.01816861067346
22,71,123.12271392693947
22,72,120.29812189537188
22,73,125.26589639306621
22,74,121.64124996380997
22,75,105.47268591768079
22,76,143.41437450792
22,77,129.34617214905302
22,78,114.63617260967294
22,79,132.49527043331182
22,80,115.44225517829909
22,81,113.95068066650856
22,82,125.27359827682812
22,83,100.41627081088518
22,84,114.0830646882896
22,85,137.0723393686785
22,86,122.81192604326498
22,87,116.31853020090784
22,88,122.54882385433302
22,89,131.21240228227543
22,90,115.68570760010334
22,91,121.97834127614624
22,92,120.12025490269298
22,93,101.12330961021507
22,94,126.4516870028674
22,95,114.3335711753316
22,96,126.64776756626088
22,97,115.14545442075178
22,98,128.5279656129278
22,99,81.82494251261232
22,100,125.81308379190159
22,101,122.65110551453108
22,102,94.38330400398263
22,103,101.78035637087305
22,104,101.17231352875388
22,105,96.85516050405568
22,106,106.0612748923304
22,107,119.88953165936255
22,108,89.14854275073594
22,109,93.9241812614564
22,110,82.81430869088217
22,111,87.36613967161247
22,112,105.04246293490723
22,113,46.4508697733545
22,114,84.87880614308233
22,115,85.64779076504055
22,116,84.8937056804134
22,117,91.42856970796856
22,118,87.85660784960783
22,119,78.4446729896008
22,120,81.83651316585019
22,121,69.66827164668939
22,122,73.8318831730794
22,123,76.82043940272706
22,124,84.28914200925647
22,125,73.74587240062101
22,126,75.49379527472774
22,127,82.21217770682415
22,128,78.44544087260147
22,129,70.60122685985698
22,130,63.42335367029591
22,131,74.28537384403899
22,132,73.67181910514773
22,133,60.71421664113586
22,134,59.35702926195518
22,135,65.53870916243613
22,136,42.76977505670948
22,137,78.17540248521982
22,138,62.43538062208245
22,139,50.6758549289807
22,140,48.16088235659845
22,141,77.15065310900536
22,142,27.298040862180642
22,143,38.59013302085805
22,144,41.79031344202667
22,145,41.045457198466465
22,146,14.899436264349788
22,147,48.09533677151194
22,148,21.888079979933536
22,149,14.367432312195888
22,150,11.236047556783888
22,151,42.46020051427331
22,152,40.78990502104716
22,153,30.169822789721366
22,154,28.557269161457953
22,155,18.897711182933563
22,156,21.88155261362408
22,157,15.684123885490408
22,158,-11.42177090307814
22,159,2.6905649148247903
23,1,120.86551860783948
23,2,116.54073084252741
23,3,84.32130895144655
23,4,133.6011840660649
23,5,112.5478711931064
23,6,103.09447234252002
23,7,112.4277572166684
23,8,96.4022711768921
23,9,111.80860932646465
23,10,107.06560772166995
23,11,133.10362330167845
23,12,122.98899841709499
23,13,124.20935572864983
23,14,104.02063286610792
23,15,104.47339423299854
23,16,131.32257999040303
23,17,100.56605400535045
23,18,112.47119373973692
23,19,101.82456232534605
23,20,127.39051836909493
23,21,118.3519947636596
23,22,132.0993754506053
23,23,109.08934151906578
23,24,139.56113766608178
23,25,117.8960281154068
23,26,114.6863439661247
23,27,128.2523565809388
23,28,109.72767142965313
23,29,107.30250250227982
23,30,122.48126485366083
23,31,125.05932764300815
23,32,106.18520768530288
23,33,98.53036964625062
23,34,105.84273036527884
23,35,121.57968544156029
23,36,105.78788997811353
23,37,126.50978275097441
23,38,127.77211072909995
23,39,100.00376401245012
23,40,121.34405975942354
23,41,123.81098733164981
23,42,125.05821389626362
23,43,96.59747348460951
23,44,110.91910620812268
23,45,116.04178838941152
23,46,109.06013308442925
23,47,107.48019401915371
23,48,121.26634811786789
23,49,114.42695472725609
24,1,151.32899989222642
24,2,161.68029252310953
24,3,168.04291756960447
24,4,161.0625717763105
24,5,168.8463917645713
24,6,168.36872810136265
24,7,175.9254990582267
24,8,187.03594478384912
24,9,182.1981082163984
24,10,138.93281543999183
24,11,173.86710281847627
24,12,165.19311596036277
24,13,174.63817982129694
24,14,154.6949672114497
24,15,196.4168689258513
24,16,172.9414695112864
24,17,181.88733930594026
24,18,158.76783553828864
24,19,168.53302275524038
24,20,172.2651908603657
24,21,178.0616233546607
24,22,173.68143445982423
24,23,169.85813662444707
24,24,168.97531919254834
24,25,197.96005943174532
24,26,179.72534008872026
24,27,195.76580133008974
24,28,174.05582884272735
24,29,187.2246983547302
24,30,181.69081864986947
24,31,170.04796680972504
24,32,194.27166099697934
24,33,171.5475146208555
24,34,162.40759739555506
24,35,177.82378360666917
24,36,180.38992281277024
24,37,178.1692403597408
24,38,160.6709790707173
24,39,163.17619747575372
24,40,150.38315120329935
24,41,155.1782103607111
24,42,180.00254464343743
24,43,153.90117017664306
24,44,153.63500375464355
24,45,167.4813946946524
24,46,210.77921861747745
24,47,167.4526279710626
24,48,161.55004475513852
24,49,194.90256463289552
24,50,186.39532553235767
24,51,179.2182472066852
24,52,189.9287533760653
24,53,178.9660885121557
24,54,169.11665431633446
24,55,155.62858541856986
24,56,181.90872715690784
24,57,195.91988939425937
24,58,167.49532253809593
24,59,177.18740025060833
24,60,176.89046899111418
24,61,185.13277376259794
24,62,165.25354507741577
24,63,160.69434234791697
24,64,170.60950953766587
24,65,193.8536884964342
24,66,161.01411139908305
24,67,150.6103987292954
24,68,177.3813776483148
24,69,167.37360412476846
24,70,159.4274781741915
24,71,191.87191126537073
24,72,184.47314943629317
24,73,152.57025435858668
24,74,153.04528058207507
24,75,172.6254917181068
24,76,182.3577067660226
24,77,165.72962779727095
24,78,172.22166294950875
24,79,182.85901654385816
24,80,173.75589327535272
24,81,180.02360160981334
24,82,157.1292034408616
24,83,165.42330056185892
24,84,142.5633082241111
24,85,176.14486052793654
24,86,150.72358588996576
24,87,193.70387828737876
24,88,172.17345412988652
24,89,186.65915039351967
24,90,158.77330380938656
24,91,174.61275724137522
24,92,156.47334750804293
24,93,172.42285416231607
24,94,175.75124945055722
24,95,158.04709662801906
24,96,155.58747407143528
24,97,159.69401262410247
24,98,183.74518387873832
24,99,182.05211745751149
24,100,180.43608441641845
24,101,170.00119536426791
24,102,145.31142788183934
24,103,172.30750875747617
24,104,194.75037820149737
24,105,187.97362422900915
24,106,178.37336325197975
24,107,167.29122620664566
24,108,153.72742304565327
24,109,178.41092697407294
24,110,175.21195595085737
24,111,175.40432508893718
24,112,148.06112797665992
24,113,150.82255533533316
24,114,167.75661079790007
24,115,146.96728722177795
24,116,140.38979942452715
24,117,156.13737844295974
24,118,155.09553212401806
24,119,145.59433453186648
24,120,163.90326204144367
24,121,156.8525680958046
24,122,136.48734165621863
24,123,157.01652519983327
24,124,148.38221296328265
24,125,169.64357054259017
24,126,182.24367290029477
24,127,175.49624277629482
24,128,154.88439360320626
24,129,144.4020391213562
24,130,160.84799513033067
24,131,171.26761760222143
24,132,151.1491245025827
24,133,162.3766574811816
24,134,157.02544302295428
24,135,166.54249424556474
24,136,151.91148305248498
24,137,172.65395789283502
24,138,144.88808066146157
24,139,154.06881197256735
24,140,156.70318038731784
24,141,175.04963399865665
24,142,138.56112710543675
24,143,156.50101373586222
24,144,167.2202433016355
24,145,157.94548262415628
24,146,157.99063974250748
24,147,134.39631993008516
24,148,166.30309631127602
24,149,161.06137823536847
24,150,123.16220836854336
24,151,153.38840136487124
24,152,144.6647847054992
24,153,161.59429706307856
24,154,153.04551025245019
24,155,174.97916402485862
24,156,149.1628368657257
24,157,150.43882445744384
24,158,160.0285701136745
24,159,156.91890424175654
24,160,153.0565365921575
24,161,149.6075482465967
24,162,134.03218012928846
24,163,162.55631125225045
24,164,151.80916078387963
24,165,129.70770534384792
24,166,140.77336452191958
24,167,150.34086993263918
24,168,138.8288024278736
24,169,159.81043769561802
24,170,118.56881715492636
24,171,140.35024829071335
24,172,143.26383350200194
24,173,135.0358401799167
24,174,163.77371954739647
24,175,128.23630834325013
24,176,143.56705141896964
24,177,119.68653731008817
24,178,153.26115566088993
24,179,149.5375093475668
24,180,148.12174305885856
24,181,149.4088975317136
24,182,139.20467917621136
24,183,131.4586084162147
24,184,127.83046413918055
24,185,127.10180146322091
24,186,113.78938362826739
24,187,134.61624816153926
24,188,144.80288496636058
24,189,131.46796043504582
24,190,117.0641678414031
24,191,100.35108200772811
24,192,120.01115741345711
24,193,118.94129324978712
24,194,136.17351312882238
24,195,147.95877465945523
24,196,95.83532513339014
24,197,110.99474197171367
24,198,126.78944583807606
24,199,111.4372099169268
24,200,121.99703138013865
24,201,137.04535912288702
24,202,111.91809798849863
24,203,113.11248129691376
24,204,116.59046312260034
24,205,130.46013040134858
24,206,108.54753517980862
24,207,110.26650791374414
24,208,112.82906798842305
24,209,116.52882905871229
24,210,127.06946064792282
25,1,168.73306935667642
25,2,165.87448817287077
25,3,195.73332976906386
25,4,164.73757803832268
25,5,170.51782604624168
25,6,170.8420207645613
25,7,177.53656280247378
25,8,176.87750984278682
25,9,200.92749626239674
25,10,166.15343675303302
25,11,152.71079186326824
25,12,149.3548723471322
25,13,162.57229971340712
25,14,186.92582521129225
25,15,195.13468748058222
25,16,191.34425439590996
25,17,173.2475344958657
25,18,170.87873530088837
25,19,150.2481992434914
25,20,183.8576321060973
25,21,160.49606242456503
25,22,162.1255151264777
25,23,217.987180843862
25,24,178.1318535197206
25,25,188.4434966034678
25,26,167.83771969983354
25,27,174.16628622794815
25,28,191.12753520781553
25,29,172.18101308598125
25,30,188.17629079907056
25,31,171.53467646901117
25,32,143.7524334708287
25,33,171.68726781970327
25,34,193.8859379283458
25,35,162.50713940186688
25,36,175.15024776974315
25,37,187.81334962944675
25,38,177.13436936848302
25,39,178.5262731637631
25,40,186.7883688009315
25,41,162.85717056567228
25,42,159.76702063680568
25,43,172.84388340122678
25,44,161.43538062673179
25,45,158.1482270825145
25,46,185.55970925018482
25,47,179.7825534184958
25,48,168.2104442416603
25,49,169.54696172082186
25,50,179.641403312482
25,51,178.66232239510282
25,52,183.664886724815
25,53,176.69708892690687
25,54,203.30300706730486
25,55,164.59274316246592
25,56,188.9868527220242
25,57,159.75495681752363
25,58,162.84475306240347
25,59,173.74141617878195
25,60,172.24267998398136
25,61,151.8520280636876
25,62,152.3121451050829
25,63,176.75979777512111
25,64,166.87677521457954
25,65,152.4084798554104
25,66,183.86185611394467
25,67,158.51331784353533
25,68,171.47749693023798
25,69,170.2947752919572
25,70,158.65184665682318
25,71,150.43221349368105
25,72,173.90750079620193
25,73,165.9470495905698
25,74,159.58881548915087
25,75,145.92516075391177
25,76,145.7993978037557
25,77,131.0847600698835
25,78,168.09301705197868
25,79,180.23178379464662
25,80,178.1610947476438
25,81,154.98627449387277
25,82,152.30395119005698
25,83,187.64330360102758
25,84,181.5401255102479
25,85,178.93121360974328
25,86,139.34998149977037
25,87,158.09882431387814
25,88,150.72009570059163
25,89,160.1921038839646
25,90,155.33717340839212
25,91,170.80595265125157
25,92,164.83087424682162
25,93,159.63009538061306
25,94,171.40181589040003
25,95,144.12421614798222
25,96,177.90227129770938
25,97,147.04799122150143
25,98,164.73122759870603
25,99,125.66756981833169
25,100,177.13029613925028
25,101,169.3476697713486
25,102,141.61644371028524
25,103,167.10455277014262
25,104,160.3008322336682
25,105,170.36009162098344
25,106,180.1244228543801
25,107,170.3808123752533
25,108,153.29848570833565
25,109,147.0622831130022
25,110,152.6639193927549
25,111,135.56468220039096
25,112,124.59944977120176
25,113,167.43824819850124
25,114,149.20417540289782
25,115,139.46331568665482
25,116,148.91698828655353
25,117,145.26478608364414
25,118,167.35263100069278
25,119,141.81280160264578
25,120,159.10491560538503
25,121,140.90519725683407
25,122,176.8560328386011
25,123,128.00273662678956
25,124,155.9017885078647
25,125,139.0335852739081
25,126,140.84171676988626
25,127,142.9382731773294
25,128,121.55600732336461
25,129,145.10054757756734
25,130,127.70655108486244
25,131,127.901263578824
25,132,130.14071259542106
25,133,124.36365416401532
25,134,135.3096098271344
25,135,127.40244548722694
25,136,133.922234676902
25,137,132.04589414649672
25,138,141.99482204758533
25,139,125.46962430344138
25,140,129.03049891609407
25,141,135.76620713615557
25,142,129.50158212768292
25,143,122.1917779089199
25,144,124.40689266695699
25,145,123.65924781292415
25,146,130.6641654955747
25,147,124.33300759104895
26,1,164.49023820011644
26,2,167.86343438673794
26,3,136.74729608646157
26,4,140.73594993905135
26,5,167.5174134754925
26,6,139.19940010796563
26,7,164.6385570919083
26,8,151.91665790342086
26,9,170.46132641992153
26,10,158.27129321348912
26,11,161.4194442753651
26,12,137.43311426363653
26,13,136.4134834115248
26,14,161.5229001609332
26,15,163.2955598153858
26,16,153.87308965213015
26,17,146.55523655973957
26,18,151.85754558922054
26,19,146.88784808261698
26,20,130.27619584113563
26,21,157.90161497913505
26,22,150.7650989419053
26,23,126.48465335952642
26,24,137.65426529743854
26,25,166.82730983183137
26,26,123.12894924735156
26,27,166.04989287115313
26,28,157.35301861402695
26,29,151.46654913129896
26,30,150.8568371386864
26,31,148.75193355763622
26,32,168.91078448615735
26,33,158.79147763597575
26,34,126.03114360363543
26,35,162.64737583931128
26,36,163.1296203712336
26,37,143.86900302029244
26,38,146.83546507345454
26,39,130.6876335824636
26,40,149.7742502335168
26,41,158.09598714396998
26,42,136.77057521945244
26,43,160.7843956060242
26,44,139.7719865680192
26,45,145.5929873224377
26,46,135.00532728661346
26,47,140.77046633934515
26,48,154.98705432747374
26,49,149.88369628837245
26,50,148.23674281845888
26,51,134.8496021360188
26,52,139.02032269496704
26,53,172.70513773988932
26,54,131.74635086813942
26,55,138.2966356783727
26,56,184.58668089866114
26,57,155.66911797664943
26,58,151.974101254149
26,59,152.23663804686657
26,60,151.75577441175847
26,61,128.39749499013124
26,62,124.6052450406496
26,63,145.61079621260433
26,64,143.03633370959142
26,65,144.79377754614688
26,66,190.05953782662255
26,67,140.27778623662016
26,68,135.5479203326977
26,69,149.4757914800648
26,70,136.06094837510318
26,71,135.47839813241444
26,72,150.23605708097602
26,73,154.63257579704805
26,74,141.3340346548939
26,75,119.52877167231782
26,76,156.95467811347044
27,1,160.64373627864552
27,2,156.2176203768613
27,3,168.60119833531644
27,4,181.91617411172047
27,5,173.37047055794392
27,6,177.30981743104348
27,7,172.8479518580789
27,8,203.36912187007692
27,9,177.0145194917859
27,10,172.05500463675708
27,11,192.30356624040724
27,12,172.6154119839557
27,13,175.98520920948067
27,14,175.8054154637648
27,15,181.68348359610536
27,16,201.5095271663231
27,17,152.97851196728152
27,18,146.05694054996275
27,19,173.8726266741287
27,20,152.92077395839442
27,21,164.97229865926056
27,22,181.74829731421778
27,23,164.3229604941589
27,24,156.125004123518
27,25,182.00650941353524
27,26,173.2139765955435
27,27,169.7371656968753
27,28,187.46924701612443
27,29,165.8058786076217
27,30,184.49500321716187
27,31,157.6430225723234
27,32,172.87649027606676
27,33,133.29841665433923
27,34,167.3537731271208
27,35,152.4524967945108
27,36,156.60365065671795
27,37,175.19643556102528
27,38,175.73014914265514
27,39,175.454832080497
27,40,196.70922873481322
27,41,163.82003165165224
27,42,147.0806990004712
27,43,159.22483397257747
27,44,173.90595152036258
27,45,187.70622364005249
27,46,179.39241885991214
27,47,167.72428624694294
27,48,167.6034260639426
27,49,178.38257082513155
27,50,163.6394290935932
27,51,179.24365139417205
27,52,152.06337641375285
27,53,178.57803357263037
27,54,170.94738683487958
27,55,182.526974260727
27,56,172.56091197858768
27,57,161.9176824147071
27,58,143.85603073194216
27,59,160.76264220315352
27,60,179.09149632565095
27,61,156.06836791923706
27,62,150.4692243028403
27,63,182.44582015161723
27,64,153.34659443600685
27,65,151.88989385707828
27,66,167.1073227169618
27,67,146.23558063415112
27,68,147.0755890232831
28,1,133.81918763742578
28,2,100.4008009609388
28,3,131.841719627344
28,4,114.43514976186998
28,5,149.78817522870668
28,6,137.98383743803424
28,7,128.39831147449877
28,8,154.78876385293552
28,9,128.50345571265643
28,10,134.02833897864912
28,11,114.08934573098668
28,12,134.35756116543052
28,13,128.5882543270418
28,14,137.4384647160623
28,15,134.23041134018422
28,16,117.95111426928634
28,17,118.6086785459629
28,18,127.11216448050982
28,19,120.37885732760333
28,20,125.51013107405015
28,21,133.6125540524081
28,22,130.15417506636004
28,23,116.29062989800877
29,1,139.44799483146926
29,2,157.0632137362918
29,3,162.49027956323698
29,4,165.6150454432718
29,5,153.6800727234804
29,6,156.722279558664
29,7,148.2815660628985
29,8,162.9844571666472
29,9,169.76225012417854
29,10,158.10101828764164
29,11,161.26143848654465
29,12,177.49169848999736
29,13,155.19314375791873
29,14,153.0583828048475
29,15,163.56235047828523
29,16,157.32894674030103
29,17,170.49364103134576
29,18,170.360411733207
29,19,145.72182255998632
29,20,157.81343703325547
29,21,147.64646583273134
29,22,150.06585521825036
29,23,166.1129762937053
29,24,174.91061613215425
29,25,163.27418930697604
29,26,162.25352202845534
29,27,163.89422680404095
29,28,163.41055156277434
29,29,165.27547889817652
29,30,155.40102987995488
29,31,165.03756482335302
29,32,148.60247530748165
29,33,156.61570148235478
29,34,170.22105229647423
29,35,179.02278602291335
29,36,146.9711388164069
29,37,155.32491580231726
29,38,144.70469532878633
29,39,131.3187063438163
29,40,165.85545403532888
29,41,143.47910276428593
29,42,152.0613459246306
29,43,156.18213830814784
29,44,123.56909175535839
29,45,161.087567181763
29,46,152.10433300438308
29,47,182.34594664417818
29,48,148.9770121722686
29,49,177.98800000989286
29,50,150.39830451796297
29,51,144.38978612350184
29,52,136.10450357731315
29,53,173.82912929433223
29,54,145.16897207852162
29,55,145.18404780470883
29,56,141.19016987251962
29,57,155.31001185344212
29,58,140.29150082478736
29,59,131.86336693054182
29,60,145.36390979687712
29,61,135.85171692061704
29,62,142.50749498484947
29,63,152.30089566919924
29,64,154.8517559979664
29,65,158.61317873034568
29,66,157.93144230733742
29,67,149.49072480275936
29,68,138.00106535915256
29,69,126.80319015761052
29,70,150.7680835764986
29,71,131.71593939948798
29,72,126.21224797021569
29,73,164.97637465019216
29,74,165.86179438225372
29,75,142.36959924561233
29,76,163.45947961203638
29,77,119.9801561112763
29,78,133.47971489407064
29,79,141.19313462586433
29,80,163.4869589643058
29,81,154.29892700781056
29,82,151.2607453042583
29,83,144.3757897643518
29,84,140.5455291565013
29,85,134.69478787573462
29,86,141.2686511756765
29,87,126.11919323720213
29,88,139.77409699896816
29,89,161.82004859906738
29,90,138.6586386471754
29,91,130.70379707826214
29,92,140.45631322691042
29,93,132.1663375370772
29,94,136.20276954020665
29,95,132.46533302377793
29,96,132.45358041270083
29,97,129.44036696100375
29,98,128.15446613724635
29,99,149.10807101843238
29,100,116.74064060420642
29,101,130.101460804588
30,1,140.5412615057212
30,2,151.59894944109692
30,3,143.7518653224688
30,4,175.943224507595
30,5,168.2258430636066
30,6,161.06847054391983
30,7,179.26526449565426
30,8,132.44283209645073
30,9,137.03068889168935
30,10,142.98488728264056
30,11,186.99762216370436
30,12,159.45218352431402
30,13,160.50394700461038
30,14,159.5526033535716
30,15,162.13231238703884
30,16,169.8945576376209
30,17,152.9769841379093
30,18,169.41343606276496
30,19,167.2743321738817
30,20,151.5115879624791
30,21,170.10711011223611
30,22,154.66302860550059
30,23,143.06142912840005
30,24,171.08656838401657
30,25,162.44312099359377
30,26,168.28685354883055
30,27,182.91228321709787
30,28,153.31324238966045
30,29,186.77719217912818
30,30,154.98748806071671
30,31,150.33547279253253
30,32,152.68568312659045
30,33,156.7585122505625
30,34,156.31058336351998
30,35,170.21150856444
30,36,161.92357245193125
30,37,150.66961764718872
30,38,132.209364745293
30,39,152.69186583927512
30,40,157.39675224831444
30,41,160.9015604943852
30,42,151.65416257105244
30,43,160.26007967029727
30,44,148.3992030317022
30,45,155.13306877000286
30,46,146.4344507575952
30,47,155.2464293541998
30,48,174.3444863243858
30,49,144.6814339760822
30,50,154.27342792545824
30,51,160.4584516172472
30,52,172.3888300193139
30,53,145.143319494382
30,54,175.1006214703666
30,55,129.02256370439136
30,56,151.48179159774008
30,57,162.29581989931467
30,58,133.52229236556013
30,59,142.0167031917954
30,60,142.9469046761733
30,61,146.7494820626962
30,62,139.0161818489796
30,63,160.57383364428097
30,64,152.62422091889312
30,65,151.27861944439792
30,66,163.44616983427113
30,67,168.862438029013
30,68,149.38179887614388
30,69,159.42713261556491
30,70,155.3801258221647
30,71,152.82803004985908
30,72,171.02162605846388
30,73,123.91477235384082
30,74,149.76712076188414
30,75,167.262908104487
30,76,117.61188115442928
30,77,141.14472360079526
30,78,157.83966151640197
30,79,134.0030302538653
30,80,148.5065344133909
30,81,151.39967732245714
30,82,139.49152063271322
30,83,151.8066093619709
30,84,155.82482027230435
30,85,153.56064550400333
30,86,143.9836982060151
30,87,131.40313048271491
30,88,139.85195615123666
30,89,155.23465889858926
30,90,160.58045776200743
30,91,157.52931359859213
30,92,147.70498087485612
30,93,134.86888281031133
30,94,145.376977805121
30,95,115.09373697870615
30,96,142.2599228336112
30,97,149.04962163689925
30,98,160.4693068973429
30,99,158.10469237901998
30,100,118.87385047586577
30,101,145.11588482532534
30,102,134.90758142238337
30,103,136.6690042356422
30,104,136.4295707500496
30,105,135.10490519523592
30,106,122.8898796286594
30,107,127.49923893394589
30,108,135.05003668252903
30,109,123.72058903823199
30,110,165.7866330228935
30,111,124.24811491283617
30,112,127.95575927280152
30,113,161.45847682096792
30,114,122.26932453949848
30,115,133.25837971980945
30,116,130.25181389700447
30,117,142.02663064203807
30,118,113.96607914938068
30,119,141.96133155046846
30,120,136.95883276859968
30,121,141.49099598742032
30,122,129.0053316351259
30,123,138.3647585408471
30,124,163.88856318477337
30,125,137.55957263060554
30,126,130.34651284934807
30,127,132.7277024157229
30,128,127.36347605741321
30,129,139.86660281451623
30,130,122.84774858114542
30,131,127.01144084651605
30,132,109.09166824055137
30,133,134.93592173182697
30,134,125.45784240319335
30,135,146.45472770765628
30,136,126.62162530831847
30,137,121.33722876614047
30,138,96.16627093059651
30,139,139.4867876474891
30,140,136.42793456053187
30,141,122.14119415394089
30,142,107.07502263055358
30,143,118.29007284490945
30,144,120.50401670322026
30,145,110.76437285223074
30,146,150.17860015405313
30,147,133.35133461892838
30,148,120.78452526800538
30,149,135.61102407464205
30,150,127.15897582049365
30,151,109.48621771269973
30,152,118.8585388654974
30,153,115.50588076608256
30,154,145.62786538989167
30,155,143.45553509474848
30,156,115.21192385942413
30,157,135.42765225718904
30,158,134.63998679998622
30,159,126.37497118151805
30,160,110.720249309059
30,161,101.14273216397851
30,162,112.54270886562153
30,163,106.35043287576264
30,164,109.34266430889693
30,165,107.28929980663816
30,166,114.92892615506571
30,167,115.3550822731413
30,168,129.2830467700478
30,169,113.44118737247481
30,170,114.5665362301661
30,171,111.69002123349492
30,172,97.17615425518306
30,173,107.1299662667152
30,174,97.7856590907104
30,175,92.00519328891096
30,176,81.72656962964538
30,177,101.80655773790204
30,178,94.78167765161925
30,179,97.60466118915792
30,180,92.28675012034364
30,181,107.20774165200419
30,182,84.21411564497248
30,183,88.01521347860398
30,184,102.03549544617272
31,1,198.9833705558267
31,2,165.8194828669657
31,3,154.6409816610103
31,4,153.95415506886638
31,5,155.1899861822385
31,6,147.96671891054575
31,7,148.00194787102373
31,8,143.94897739951557
31,9,181.72633096339996
31,10,182.95621093433874
31,11,187.88257030685782
31,12,168.2252972313072
31,13,139.9740949251427
31,14,178.4671779792261
31,15,181.29165338369057
31,16,175.8045716421766
31,17,209.72621051497845
31,18,169.32346452689671
31,19,141.12934709560795
31,20,180.77789285014296
31,21,180.84448445053567
31,22,151.3939925735831
31,23,158.69586113691912
31,24,167.6374752775373
31,25,173.1414304657519
31,26,183.45021085616463
31,27,190.64100933213194
31,28,191.68734279545606
31,29,182.69736703366652
31,30,170.57686391757306
31,31,189.4589619611579
31,32,188.02171398589417
31,33,150.0909660187317
31,34,183.57068456607522
31,35,162.13283325937664
31,36,165.2378451686891
31,37,164.8433154409213
31,38,152.1739376773694
31,39,175.27931963494484
31,40,167.85802211909322
31,41,177.02693797623942
31,42,175.63472782629105
31,43,156.2141348773439
31,44,183.54202463064576
31,45,161.1127358528829
31,46,143.9551751233157
31,47,172.70063847477286
31,48,149.07059674010088
31,49,161.49061961038387
31,50,189.3010679503932
31,51,185.73080659925472
31,52,153.2440839179253
31,53,161.45260499429423
31,54,176.80827319136006
31,55,156.9112775787653
31,56,178.1147014134549
31,57,162.63413536339795
31,58,161.16415409294132
31,59,182.48596320351498
31,60,171.18405800801702
31,61,174.334891305989
31,62,145.36510644114605
31,63,161.6533489598878
31,64,183.15049500306486
31,65,169.8579535445242
31,66,151.21047128012287
31,67,178.0429736494625
31,68,178.6343220982817
31,69,154.79310619432363
31,70,179.56751738173625
31,71,164.53414240964776
31,72,172.26508993667085
31,73,161.57440126276197
31,74,157.48805304145208
31,75,178.6507454675084
31,76,157.54123998556315
31,77,142.27276474043174
31,78,160.53922097165196
31,79,149.71965129124146
31,80,157.7386092208253
31,81,146.48708697080292
31,82,164.10309227542166
31,83,176.96135719493032
31,84,136.16233495219785
31,85,165.91030964736274
31,86,150.81913884992537
31,87,147.11462679348188
31,88,158.02190782894468
31,89,148.90256885463168
31,90,152.6756355703983
31,91,155.97614661401167
31,92,136.3218952536772
31,93,175.79333897375182
31,94,134.51317454066884
31,95,146.36492770245968
31,96,161.1773142164384
31,97,151.15388021791296
31,98,139.1391718040977
31,99,141.77026031661808
31,100,162.96954061024735
31,101,137.54513125199446
31,102,160.73669829781284
31,103,144.80240609752946
31,104,141.2207375115977
31,105,151.19772223632026
31,106,127.98667751828907
31,107,156.52052230021218
31,108,169.4431794247139
31,109,159.05700288587104
31,110,134.28680057857127
31,111,123.61650380324136
31,112,161.43294735327072
31,113,130.3582308547484
31,114,156.14121400505246
31,115,127.56618216366041
31,116,140.59483017318416
31,117,120.42601845579338
31,118,150.69622059169342
31,119,147.14500827555457
31,120,135.60633309657715
31,121,114.61488037675736
31,122,131.70309181134508
31,123,155.01920276285819
32,1,167.54489803862816
32,2,166.11073828786903
32,3,179.27853131404845
32,4,184.26366539978335
32,5,165.86779764720995
32,6,176.92963421402965
32,7,154.49534994016722
32,8,148.45639881683746
32,9,140.39028613903065
32,10,164.3617663346522
32,11,136.92938560098264
32,12,159.36193509659643
32,13,159.56691475252592
32,14,154.3099084766436
32,15,169.7097691079107
32,16,176.3458755588872
32,17,159.9256937563987
32,18,184.7760010932834
32,19,155.04187325273233
32,20,162.85215990729193
32,21,164.82712899502076
32,22,143.68083078704512
32,23,151.2773651070529
32,24,134.45692707136914
32,25,155.14033539059892
32,26,182.00890647583583
32,27,148.77308095676563
32,28,173.88053476901405
32,29,180.56969791879965
32,30,178.75898944109213
32,31,128.37955119311664
32,32,172.597583533141
32,33,170.74462954224873
32,34,134.26687879386736
32,35,146.08889944756083
32,36,154.39417315087485
32,37,155.95724598542438
32,38,156.22227864758315
32,39,157.67916669740953
32,40,142.53665661915875
32,41,152.75180195170833
32,42,155.68365410441766
32,43,159.93293364271085
32,44,138.5712809679244
32,45,149.92302678638225
32,46,144.49126960548892
32,47,149.8433643725948
32,48,158.55969976125925
32,49,161.58033448439528
32,50,133.537358451802
32,51,160.21797480160603
32,52,167.89167284247378
32,53,143.503952822437
32,54,145.00094409859594
32,55,153.11702999336558
32,56,149.80446837188356
32,57,154.13533185203414
32,58,154.74261803298577
32,59,146.73715771872958
32,60,145.5592019853575
32,61,132.2919131622184
32,62,152.28471869110945
32,63,161.93899000984675
32,64,111.35747023241129
32,65,177.39776720078225
32,66,149.84364368530805
32,67,145.07564378697862
32,68,160.65585451128572
32,69,154.11691810827324
32,70,135.4873370641726
32,71,148.11056941756397
32,72,126.74493879005604
32,73,132.5199265383635
32,74,141.0253498099337
32,75,146.8191504793649
32,76,136.22226973420038
32,77,143.42983130751236
32,78,126.4483676803502
32,79,130.9739756087729
32,80,162.3257188963471
32,81,141.8557285292918
32,82,133.19400215600763
32,83,135.08680250333418
32,84,131.91701280760753
32,85,132.9818280562904
32,86,138.58088180394407
32,87,137.76322518063535
32,88,142.37751939602458
32,89,160.3193537295374
32,90,147.73262013203203
32,91,138.94543012680515
32,92,141.46097679894592
32,93,142.9896476212598
32,94,119.36733625096531
32,95,153.31190389756375
32,96,113.50460768422636
32,97,128.75698894071684
32,98,117.27233491272636
32,99,120.57921234261448
32,100,117.01522496491816
32,101,135.34996842555847
32,102,134.2072597102815
32,103,120.5791237536614
32,104,107.79095536375826
32,105,142.99642049289832
32,106,114.73566195349122
32,107,124.89743563714
32,108,119.8827737357351
32,109,112.61494438703812
32,110,135.0806217282443
32,111,108.1420353743597
32,112,116.59821341841598
32,113,94.98786594597914
32,114,107.15944527747342
32,115,93.33551726688893
32,116,96.40354262619076
32,117,111.2510857249872
32,118,131.25075343500794
32,119,126.46143198071513
32,120,121.35729014488606
32,121,103.7585537680643
32,122,122.61277525839978
32,123,95.38083332544193
32,124,104.9159473257896
32,125,97.5290611944074
32,126,111.5887078971864
32,127,96.83450473820267
32,128,62.13126358766749
32,129,91.08117739862064
32,130,99.05815294820059
32,131,81.72859273388895
32,132,81.86275706758897
32,133,91.22493136735284
32,134,82.49827426909178
32,135,105.6288583212663
32,136,98.54220906143019
32,137,77.80028408262297
32,138,82.17137504106358
32,139,79.3416433470993
32,140,86.18097073481476
32,141,93.2650897075655
32,142,76.18572113085247
32,143,62.627598815633974
32,144,71.29054419545719
32,145,72.22569563286379
32,146,66.38096655339905
32,147,78.68845200736541
32,148,79.94202855157346
32,149,67.21802291346103
32,150,66.80818993866706
32,151,61.66435033554444
32,152,71.34902806216269
32,153,62.582580665934074
32,154,55.5576925498608
32,155,41.056654146268556
32,156,22.904753246722976
32,157,37.49025230942061
32,158,40.17130504063971
32,159,34.842676055537595
32,160,51.00283345090429
32,161,50.44210012973781
32,162,22.047545392364555
32,163,13.615018127311487
32,164,28.850358584837522
32,165,21.36184298844455
32,166,9.384398564623552
32,167,21.51891015211004
32,168,29.1560565828986
32,169,24.03805542892951
32,170,36.32415640924228
33,1,96.24623455214896
33,2,102.72555174834997
33,3,123.15082517801784
33,4,116.01318078010809
33,5,105.78815762478916
33,6,123.34203696784243
33,7,128.09738775456935
33,8,134.20031574021414
33,9,114.18647926652193
33,10,115.62247355008003
33,11,97.1510929119977
33,12,143.94221245817607
33,13,133.72470994861214
33,14,139.86842262701975
33,15,124.29898597914143
33,16,110.29434959994978
33,17,120.72214125043683
33,18,108.30816079975193
33,19,117.883530300227
33,20,102.76930492973042
33,21,103.70571165777073
33,22,116.14300657336571
33,23,114.07116445840802
33,24,121.67449299649888
33,25,120.65296967382164
33,26,142.89733293942118
33,27,120.57134465681156
33,28,128.83525194370304
33,29,118.31169611151563
33,30,99.43736770201212
33,31,100.04022747808631
33,32,77.61419419659069
33,33,91.98102098325762
33,34,113.20186325123359
33,35,107.8395414421393
33,36,121.3824500720657
33,37,118.00922833950608
33,38,120.1067336638007
33,39,121.44297919169185
33,40,99.25379598861764
33,41,115.8393972908234
33,42,106.26744707718899
33,43,119.72664324775542
33,44,144.57254645080684
33,45,110.69528344023274
33,46,113.68204366641385
33,47,95.13351193715789
33,48,103.9804009615691
33,49,112.6267154351226
33,50,109.57480323324125
33,51,104.74684927838825
33,52,111.28350895545009
33,53,109.83119994350272
33,54,124.04101565000747
33,55,103.13784241565008
33,56,108.41735766804777
33,57,97.31932126059837
33,58,136.0169937227547
33,59,102.50662269975874
33,60,127.5968778166498
33,61,109.27759952865017
33,62,89.94238636034424
33,63,94.19729500617541
33,64,102.43716243707604
33,65,116.75553052279429
33,66,95.06133447866887
33,67,103.29511767475196
33,68,108.97217095214
33,69,109.38492090917134
33,70,118.16162437065213
33,71,106.49624913022853
33,72,113.80431216172292
33,73,102.67351383914502
33,74,93.29594443083624
33,75,104.93675939546665
33,76,110.575342388649
33,77,92.11971532944881
33,78,122.14096651351429
33,79,91.38401750582852
33,80,110.89753066418052
33,81,100.9836667970012
33,82,111.44348053060094
33,83,104.12670237545535
33,84,87.96203587739728
33,85,84.02438004765281
33,86,106.55302451273019
33,87,103.65309823328425
33,88,79.88538470380445
33,89,95.06472641753498
33,90,89.90235839953675
33,91,96.7236425092633
33,92,100.88024140687776
33,93,116.14504124173254
33,94,105.05719523211883
33,95,98.7975603171435
33,96,77.41023276009946
33,97,97.7177530123372
33,98,86.27547074448375
33,99,105.24411549370416
33,100,85.52526894911716
33,101,80.31332892341015
33,102,76.10208687733393
33,103,83.07078815773275
33,104,96.5332731154922
33,105,97.3553543284579
33,106,62.556998721920536
33,107,88.73142169111816
33,108,80.89959370804718
33,109,85.28482909081504
33,110,94.01374378141918
33,111,88.36434255923814
33,112,73.5559878214699
33,113,105.07367843010434
33,114,107.50462340423837
33,115,109.02527214215661
33,116,102.43043362321623
33,117,89.59591807043034
33,118,65.693535164879
33,119,63.14131712351082
33,120,100.01583823419787
33,121,84.36094145470997
33,122,85.14940479012148
33,123,107.78465706475981
33,124,92.29306389518752
33,125,84.41101218726544
33,126,93.69158298408001
33,127,86.05590593952365
33,128,67.44722980837105
33,129,80.97900053149351
33,130,84.10074366260233
33,131,48.18033663112874
33,132,85.85822899652703
33,133,79.13886892305891
33,134,105.93197789990518
33,135,67.62029291121871
34,1,185.55677221750375
34,2,165.4401862982486
34,3,159.25117783589667
34,4,176.1527638307307
34,5,170.87984164248337
34,6,175.42031495533593
34,7,164.7630456143088
34,8,153.68393512279727
34,9,136.2910675853709
34,10,160.43415226249635
34,11,153.3424528598698
34,12,187.60497740665596
34,13,158.17235291987163
34,14,169.1059560806243
34,15,161.61238473103003
34,16,176.75657594219956
34,17,157.13479586346511
34,18,156.55399399402086
34,19,174.3542840939117
34,20,167.89230171527015
34,21,168.77284864631656
34,22,166.86750855498394
34,23,170.09082875051536
34,24,159.3449234203581
34,25,161.3059222614611
34,26,168.8296551080566
34,27,175.5224308485558
34,28,172.43243445308326
34,29,166.1334819622498
34,30,170.31474596647604
34,31,149.3891718645682
34,32,161.94725951578584
34,33,171.50042446846055
34,34,167.24143807833752
34,35,188.3098976409383
34,36,152.86573036020854
34,37,186.189228189789
34,38,163.54666671651648
34,39,193.58423517193296
34,40,161.82039171774522
34,41,149.09408712042932
34,42,151.98867779767897
34,43,167.24579787959374
34,44,152.61745393708406
34,45,177.55821217090852
34,46,171.1684999903082
34,47,173.27703905128874
34,48,183.69930356073746
34,49,162.9260523499106
34,50,181.03690951625322
34,51,160.84942542816134
34,52,147.5085097401534
35,1,128.46522488442133
35,2,136.7971684053773
35,3,124.62951495178277
35,4,128.74407137993694
35,5,134.22132587610395
35,6,116.79809125186148
35,7,121.65564358426491
35,8,146.00154426972585
35,9,127.06009280923172
35,10,113.67756842858216
35,11,120.58177182945656
35,12,142.0702095654342
35,13,141.51865830741008
35,14,115.25913282097463
35,15,135.7789117921784
35,16,130.45129504772922
35,17,110.16136481704598
35,18,119.93517555716244
35,19,135.4498713135181
35,20,125.90545950118394
35,21,125.29329173248698
35,22,104.41611136608117
35,23,123.9470792944121
35,24,134.75615915381786
35,25,121.66223119029019
35,26,121.95778232554585
35,27,125.99271048248193
35,28,136.34798436587153
35,29,127.15885746158892
35,30,110.35707405826543
35,31,135.08428514160187
35,32,132.28127823059185
35,33,122.58929092327162
35,34,99.40086278513627
35,35,103.05547698681039
35,36,106.54688489461842
35,37,155.53716910583898
35,38,107.7527762310201
35,39,124.01551865556394
35,40,120.73944920583745
35,41,120.67801161126408
35,42,110.5832982925931
35,43,128.91499148576258
35,44,116.96427031491476
35,45,136.97890881120838
35,46,101.30423681811953
35,47,113.84078957182646
35,48,122.05477255288861
35,49,115.15784361824626
35,50,122.04662412667676
35,51,104.95921138548147
35,52,126.12601715905475
35,53,100.38504447459854
35,54,134.98690768402594
35,55,141.36846166788746
35,56,119.10463918541063
35,57,135.56840059331444
35,58,95.56223000767204
35,59,111.64494108517829
35,60,110.39233070085174
35,61,124.90330234209978
35,62,104.5737456262359
35,63,115.33235612147837
35,64,117.57246548085095
35,65,100.60309377994417
35,66,126.34577539911697
35,67,104.87405250175652
35,68,116.841680809026
35,69,108.62225907132961
35,70,105.29979310455383
35,71,112.73756995132135
35,72,123.39641299223149
35,73,86.05846209391893
35,74,65.32202944582968
35,75,119.73617653205292
35,76,99.2258405325556
35,77,100.79959596851404
36,1,126.86794142665894
36,2,144.8191024132393
36,3,145.19672064163024
36,4,161.5253877721043
36,5,163.7323484218432
36,6,158.2522083439253
36,7,137.8677226562504
36,8,142.4010374920108
36,9,147.83929255429393
36,10,114.03809402153274
36,11,123.80705844714248
36,12,131.01171098440682
36,13,140.83497041039664
36,14,128.7387349235505
36,15,154.66216687398992
36,16,137.0962427119448
36,17,167.29046081620618
36,18,153.09141134814854
36,19,126.35614974819327
36,20,140.52173111626325
36,21,150.90319489944523
36,22,159.19905594341253
36,23,144.93866526754573
36,24,146.95580816085567
36,25,156.0008579360656
36,26,128.44768233996
36,27,147.8776687786958
36,28,142.77205656664592
36,29,139.64826090693532
36,30,156.38247149447852
36,31,133.56808362591983
36,32,162.24119570179755
36,33,127.93123173284403
36,34,136.09488617639727
36,35,127.06958922781632
36,36,146.5215320624411
36,37,144.77436152072187
36,38,142.78450291265472
36,39,143.02461309490172
36,40,139.60469721405389
36,41,142.56513677092153
36,42,150.7435979505899
36,43,138.5547969876061
36,44,130.49614292407205
36,45,138.29107202455634
36,46,147.12800422744476
36,47,121.69354033024865
36,48,137.44665287483804
36,49,127.50162270772853
36,50,145.150572880244
36,51,152.045045227198
36,52,142.91476756869815
36,53,146.59971402081283
36,54,147.0496747881698
36,55,127.91915244184202
36,56,138.62051354262076
36,57,144.54439826187445
36,58,131.01433942683798
36,59,141.72504490930442
36,60,127.27276699793583
36,61,121.68486947363272
36,62,144.12429997000436
36,63,144.71148310739954
36,64,146.46320792930055
36,65,112.69208044833067
36,66,143.46811491900007
36,67,132.74767455539404
36,68,139.80679761643114
36,69,145.36559251540893
36,70,127.26876993211044
36,71,113.17436292546336
36,72,142.99001144870272
36,73,115.65256649040384
36,74,130.74361967789446
36,75,138.15791092044674
36,76,138.30537068924605
36,77,139.41603255398513
36,78,133.839493541891
36,79,115.58169599035318
36,80,143.09991136092867
36,81,142.9311479312164
36,82,143.9112730548586
36,83,112.79207760858117
36,84,155.92055099000572
36,85,137.68714325523615
36,86,149.79098174583487
36,87,135.66335620266182
36,88,128.79056942884927
36,89,134.20039012370398
36,90,137.48258306551725
36,91,126.46174019688624
36,92,118.08334537366318
36,93,115.91798120339809
36,94,127.36764273865992
36,95,134.59967383442563
36,96,128.35261545836693
36,97,113.23807895757636
36,98,117.24265630566515
36,99,139.27442362920556
36,100,136.84744764189963
36,101,127.71917366291746
36,102,131.82767263402638
36,103,129.51909743285069
36,104,136.7903470127785
36,105,128.67182389302616
36,106,133.5026713107145
36,107,111.03230303180317
36,108,129.6562081639422
36,109,117.45737369165727
36,110,145.2790857705404
36,111,146.24195707944455
36,112,112.96162809296948
36,113,141.44862013110105
36,114,119.83225328975823
36,115,149.31080707705405
36,116,130.03591240325477
36,117,123.86794429756264
36,118,128.5343516544599
36,119,116.2546432245872
36,120,131.06686802199692
36,121,126.99798479577294
36,122,119.73722732819442
36,123,116.25590816375188
36,124,104.41977013073483
36,125,115.64186750401859
36,126,148.21248027835827
36,127,135.96071635975386
36,128,130.62815743698593
36,129,131.49809270873084
36,130,122.96309593192564
36,131,120.10662579177733
36,132,111.68450903316261
36,133,119.06304332774744
36,134,100.10050310462975
36,135,120.3572216308894
36,136,115.5173693369361
36,137,98.1037745239737
36,138,114.65270357893314
36,139,125.77139431094838
36,140,124.74060500272026
36,141,135.4228439794606
36,142,116.7503978527966
36,143,139.39438528561732
36,144,99.73436203759047
36,145,128.85712473418243
36,146,96.5442234585862
36,147,109.934188308187
36,148,122.73811935794947
36,149,100.49839812576829
36,150,109.92123811532656
36,151,106.90666915562178
36,152,139.9066990119245
36,153,111.40730648660247
36,154,98.94419578748784
36,155,100.84926272030134
36,156,103.95192629294615
36,157,85.16883286475786
36,158,137.24221969008795
36,159,109.04269545297575
36,160,106.09230622133327
36,161,90.55501598028059
36,162,86.99904641057219
36,163,107.7472677806727
37,1,135.91231701740617
37,2,146.6949241035909
37,3,155.83427153580124
37,4,133.01029617433232
37,5,156.63656304199685
37,6,146.8572444812453
37,7,134.320085677944
37,8,131.11866465044295
37,9,116.27811016317719
37,10,144.4057466757149
37,11,139.91228880912968
37,12,127.38658886657504
37,13,154.4470507660808
37,14,156.52891750046547
37,15,132.04526258780243
37,16,139.86548529525317
37,17,143.2548956935716
37,18,131.283611963765
37,19,146.93872230760462
37,20,141.2868038687302
37,21,130.28138748508354
37,22,114.68775467923115
37,23,161.85924338545738
37,24,150.89819941959286
37,25,143.83243685508933
37,26,142.5202930254527
37,27,154.68271402966639
37,28,171.4250663693674
37,29,147.13190482185018
37,30,163.01682427123887
37,31,141.91937315546238
37,32,148.92990717547946
37,33,155.75139944320836
37,34,137.30421348171512
37,35,134.82387975158053
37,36,147.87597322716465
37,37,124.00080221924145
37,38,150.7150529228893
37,39,135.77533573350956
37,40,146.23231122978905
37,41,143.13499377389235
37,42,133.01561735153518
37,43,150.62546055404528
37,44,132.93938584245188
37,45,146.03358023906185
37,46,144.6574449566615
37,47,118.32241419003549
37,48,160.5917151832109
37,49,115.3186527839789
38,1,143.60596500353859
38,2,118.55378140827088
38,3,103.59536158197443
38,4,114.21397738104133
38,5,116.88298098993982
38,6,147.64347043562157
38,7,121.53711124540132
38,8,130.88136562797445
38,9,123.28326955535886
38,10,130.6833395275753
38,11,100.9077607468862
38,12,129.93471366697486
38,13,111.75312111738458
38,14,133.64799667779153
38,15,120.22960701731063
38,16,128.6486244728003
38,17,121.27177241475147
38,18,135.85516205258318
38,19,108.73216860405228
38,20,145.60010376146238
38,21,116.9593961195933
38,22,111.38591342659493
38,23,128.74070439575007
38,24,131.39433446920884
38,25,125.07803109800443
38,26,113.2451294723287
38,27,133.1664256185759
38,28,126.36573620614217
38,29,129.1795206960378
38,30,115.69825412835053
38,31,119.52661150600761
38,32,146.73040747251798
38,33,106.59298054376995
38,34,132.69474079689826
38,35,153.27349769050488
38,36,123.58765955970739
38,37,107.93546239929856
38,38,116.65728266302176
38,39,115.72681119492336
38,40,132.9009843071617
38,41,116.13822454179899
38,42,132.22070223370974
38,43,126.20325162979861
38,44,114.28795041966077
38,45,119.5449473210756
38,46,108.5703683998945
38,47,112.60574327752693
38,48,138.1499338884314
38,49,137.0159178899121
38,50,119.603982329274
38,51,107.59017664712155
38,52,119.56530267535709
38,53,128.36023200645286
38,54,115.01920068930485
38,55,130.81675938384433
38,56,115.96554605429264
38,57,117.75759360633674
38,58,124.01569046724762
38,59,122.36745126487949
38,60,113.49776792991179
38,61,108.84079629056941
38,62,114.55664390455786
38,63,114.82670571137714
38,64,110.92660751771473
38,65,125.03492155053391
38,66,109.78442841606011
38,67,130.68990264727472
38,68,110.28125915641431
38,69,125.66861766051443
38,70,100.76850093842222
38,71,111.0743377013423
38,72,115.81444809224195
38,73,89.00369389998377
38,74,111.44338946603966
38,75,102.55707515359245
38,76,114.0755949204322
38,77,124.42185825695196
38,78,107.43999901919597
38,79,101.0415077521393
38,80,112.49665135471878
38,81,106.36919833019783
38,82,118.36157624687621
38,83,120.75934585525101
38,84,103.59480803338374
38,85,92.55728899050882
38,86,104.93761311495473
38,87,110.9091103152532
38,88,94.7736979759211
38,89,106.74958781687019
38,90,109.9344124348645
38,91,84.43554651034356
38,92,83.07212098543823
38,93,116.3270708744385
38,94,104.42566164056188
38,95,106.50582853948436
38,96,100.93897319863026
38,97,76.97771308015217
38,98,105.35262796459574
38,99,66.06994979910814
38,100,91.33358125606173
38,101,90.24031672200363
38,102,100.37410552099755
38,103,91.32178648266563
38,104,100.5674195089814
38,105,99.81097184297687
38,106,89.90465700162167
38,107,77.91871320371865
38,108,110.11934225968434
38,109,121.75672532491444
38,110,92.94298892526422
38,111,79.60321770013252
38,112,73.0915104845335
38,113,69.69552893330547
38,114,67.33931731417397
38,115,93.12451498017617
38,116,82.58886593799252
38,117,61.711483276696526
38,118,76.4844536035962
38,119,87.46427082308219
38,120,86.1625310426898
38,121,90.26329717998306
38,122,105.85432837421104
38,123,80.71723833838769
38,124,77.28438324210583
38,125,92.60616777044197
38,126,76.55543092695734
38,127,67.8979845747308
39,1,113.5609893641813
39,2,97.57144243431685
39,3,115.81195273470803
39,4,106.91893137430452
39,5,115.41347283666255
39,6,91.74452592911257
39,7,108.01698692896025
39,8,97.20060725397343
39,9,101.86884943110636
39,10,87.01920989002974
39,11,124.74833412422595
39,12,95.05016817822616
39,13,128.92028230292635
39,14,102.73424105867161
39,15,123.68953858058376
39,16,107.59629953388503
39,17,107.25954830949922
39,18,108.99782186550146
39,19,131.95718636349193
39,20,83.70942053703038
39,21,100.70304212786868
39,22,120.68501418676169
39,23,105.57540224151307
39,24,108.14322809570876
39,25,117.28271668536036
39,26,93.10380237270874
39,27,116.71249671347323
39,28,98.33621853248769
39,29,95.34781362913054
39,30,104.84908263446414
39,31,113.90384743935283
39,32,87.65379223976925
39,33,109.32433178892825
39,34,87.04570391790912
39,35,94.13029642424226
39,36,109.8290452749934
39,37,89.6651687329213
39,38,112.20252369277296
39,39,86.98966959105746
39,40,95.46084531724046
39,41,107.07366055402963
39,42,108.74984657287132
39,43,106.2295009631489
39,44,105.99440479763871
39,45,111.71275074143341
39,46,88.97971873090864
39,47,95.15888479794376
39,48,103.30803415692935
39,49,82.44527259589813
39,50,100.0654482903119
39,51,107.55880966510449
39,52,99.38249267094216
39,53,64.82678403558748
39,54,93.837741366915
39,55,102.5267314651719
39,56,109.07951920331107
39,57,116.53032421472017
39,58,98.31139048243494
39,59,113.18590280917851
39,60,89.98005748744617
39,61,98.66805311776989
39,62,112.38470019725355
39,63,109.23735779518756
39,64,103.69578413922136
39,65,104.13483854128572
39,66,94.41097932503908
39,67,77.43301811975107
39,68,118.99498878156737
39,69,115.17870512286754
39,70,87.83942062388087
39,71,79.5837919869009
39,72,78.42954437110893
39,73,81.46620658361644
39,74,76.60232178497972
39,75,95.28868182422593
39,76,92.52783167569578
39,77,103.89917121726467
39,78,117.31105528218905
39,79,103.8577838274432
39,80,98.79992845466768
39,81,109.40620065818075
39,82,115.67342024764366
39,83,93.45018759794038
39,84,103.17842136356194
39,85,94.07664715067949
39,86,101.59477977050119
39,87,94.7231138227944
39,88,91.9279366906485
39,89,93.02463701704255
39,90,75.86698056472233
39,91,73.06396302301437
39,92,69.88096034836781
39,93,91.85233855203114
39,94,82.55026553374046
39,95,89.00807717188582
39,96,83.52905904761428
39,97,88.36128668063611
39,98,76.06626939617854
39,99,60.34571601144853
39,100,76.70273370359064
39,101,86.85212152871827
39,102,64.67063084514666
39,103,100.03428528015502
39,104,93.1690872842155
39,105,114.7201926701091
39,106,60.6717902446544
39,107,49.12179215672222
39,108,70.14184692669369
39,109,102.1707353728998
39,110,75.76887154792348
39,111,90.98974640967208
39,112,78.2336613574007
39,113,91.20797718271933
39,114,79.86539471730794
39,115,80.04719374590786
39,116,82.6411184108947
39,117,76.62508898304804
39,118,80.4023465696082
39,119,55.11787697042746
39,120,81.3999405738432
39,121,62.05953033833066
39,122,66.09671873093612
39,123,81.3096879639561
39,124,54.982017022273794
39,125,61.700102154150954
39,126,65.57438265423116
39,127,84.63339473045926
39,128,73.78191486708965
39,129,64.04103383499023
39,130,76.50778557093145
39,131,67.40542471073422
39,132,80.36231017931277
39,133,80.19105286453123
39,134,73.70444423356821
39,135,63.473770854812756
39,136,55.607058471003256
39,137,61.19774955281173
39,138,65.33865980253177
39,139,30.95755522874242
39,140,47.57056416266278
39,141,69.13294044821669
39,142,46.395654543572164
39,143,55.152881605121365
39,144,71.43589776641602
39,145,63.69107181196887
39,146,64.29664027501713
39,147,58.98354822258261
39,148,68.50168304577528
39,149,53.129907380760415
40,1,143.09403285232838
40,2,102.37599214586226
40,3,109.60142233027727
40,4,131.98729813537648
40,5,114.88671758362761
40,6,118.91166870883899
40,7,124.42194326358003
40,8,139.38966891315795
40,9,125.02358844200353
40,10,115.58451281275484
40,11,115.67612372095027
40,12,136.09436244916287
40,13,134.70985954584467
40,14,113.39385168509762
40,15,116.32295830348448
40,16,124.87505110877828
40,17,132.37534994511225
40,18,128.54826924682857
40,19,106.64857801900507
40,20,135.0913294908969
40,21,122.3927088585624
40,22,129.9204961339783
40,23,103.71661816318374
40,24,121.9672381143755
40,25,137.21546330536512
40,26,111.3262577955029
40,27,132.05711003879696
40,28,137.5849211980676
40,29,139.97185907100356
40,30,114.77790083532454
40,31,107.87297454967484
40,32,97.02045067624567
40,33,127.92585326749395
40,34,93.76305743321427
40,35,132.5165316155544
40,36,110.0675821526529
40,37,111.46495724250417
40,38,119.78675292251864
40,39,121.89154222713842
40,40,108.82630052624154
40,41,113.75039070848288
40,42,130.57718130078865
40,43,122.35898563135561
40,44,130.81415151822148
40,45,126.87630772447301
40,46,129.39584772100352
40,47,123.79637688806542
40,48,136.93201189855608
40,49,115.28842531160626
40,50,132.52717608139938
40,51,121.52482466807851
40,52,139.83440313788014
40,53,102.61579827592504
40,54,139.25912939563568
40,55,130.902501389799
40,56,124.5519545747884
40,57,124.80400644726615
40,58,126.05141064772761
40,59,130.17707962126588
40,60,120.37086692501907
40,61,103.57729575839767
40,62,123.70945927092544
40,63,97.55990617859788
40,64,122.8522310967528
40,65,115.40233379898564
40,66,123.25379139959841
40,67,126.2663671296832
40,68,111.18180256168853
40,69,134.26723773883714
40,70,127.00900104464381
40,71,130.66955723270803
40,72,112.08534185081226
40,73,123.25075390223355
40,74,126.61847403911815
40,75,144.7248959703502
40,76,102.63464253766142
40,77,133.25269350692543
40,78,107.92806817407109
40,79,103.33517003354063
40,80,103.83743154238618
40,81,105.87683503946027
40,82,109.96346888248809
40,83,117.28532851831551
40,84,116.32945168099104
40,85,101.27106910755538
40,86,107.71275535246969
40,87,88.38292677582649
40,88,128.71808570093708
40,89,93.56863955716835
40,90,114.24216931176488
40,91,96.82472904859605
40,92,104.34579208016658
40,93,99.00246623319254
40,94,101.72157073502603
40,95,92.6054134806036
40,96,91.62720577627624
40,97,112.84485040205618
40,98,99.37023605196009
40,99,104.06293567859393
40,100,107.91308299056254
40,101,91.45869482314447
40,102,119.030357771946
40,103,85.74867634223483
40,104,125.29160661339847
40,105,111.6460528447351
40,106,104.67578988256719
40,107,82.71023182011413
40,108,99.3263488302473
40,109,112.34962121122953
40,110,94.75694406544062
40,111,84.32937591438531
40,112,78.1562148047451
40,113,123.96789093220286
40,114,96.62704222180764
40,115,91.41474347909389
40,116,93.56094740353728
40,117,97.93473442004324
40,118,96.78996825659851
40,119,96.94994691657485
40,120,103.31905484386516
40,121,84.00494360835
40,122,85.68917004293326
40,123,91.84778656240815
40,124,81.86905457075773
40,125,93.23135525464022
40,126,111.4801926933942
40,127,117.77551837750798
40,128,99.6209819051146
40,129,103.27614293449733
40,130,83.2630784166904
40,131,85.62937681396579
40,132,72.36252933041396
40,133,88.55884912224428
40,134,83.1690306040473
40,135,60.76429190763156
40,136,99.669827780388
40,137,95.00133232749067
40,138,86.048411418451
40,139,92.27298470485403
40,140,103.99165104002168
40,141,80.94756316045095
40,142,71.80138626666303
40,143,79.49489031552366
40,144,77.56023733225447
40,145,60.3000592539247
40,146,97.63439065680723
40,147,79.75207780913479
40,148,90.83505272722687
40,149,89.94147071087355
40,150,77.06994355566712
40,151,58.76888852615957
40,152,66.23576968872658
40,153,72.8687978062444
40,154,78.9263818308973
40,155,85.24513157866022
40,156,83.12028474787076
40,157,62.58788501960953
40,158,73.50280893308081
40,159,58.059436391402414
40,160,79.0953125844826
40,161,64.41131785405742
40,162,55.9467869620421
40,163,49.171384525812755
40,164,36.89379762007593
40,165,52.21968268523051
40,166,55.11082711074414
40,167,51.84650461062847
40,168,55.91345432560047
40,169,54.665540699665144
40,170,58.91562016462558
40,171,79.586082756432
40,172,54.84662744958041
40,173,55.12329446156946
40,174,54.77233763526601
40,175,67.73681961004331
40,176,35.05401245356916
40,177,35.76470722250815
40,178,46.464047096524155
40,179,37.64265779181733
40,180,43.2988047153558
40,181,34.12947573012934
40,182,28.514273055312515
40,183,62.023119717305235
41,1,155.82552246437263
41,2,152.7148848786892
41,3,147.32194183956017
41,4,120.34134027882101
41,5,140.94077769022988
41,6,141.850213851656
41,7,156.9845539327507
41,8,132.44558829239395
41,9,128.74500957623968
41,10,165.16969060926203
41,11,154.55928995616705
41,12,140.51457806194958
41,13,143.9275969412338
41,14,124.03304572599154
41,15,130.3208045871579
41,16,149.70615245538647
41,17,151.25692147049995
41,18,123.67831968719838
41,19,156.46009158598463
41,20,149.60353288095212
41,21,148.87591560299188
41,22,147.56915714874776
41,23,142.71480999533378
41,24,142.72586351761856
41,25,136.1464970746747
41,26,150.60412223645108
41,27,179.62440788507956
41,28,164.2261061260724
41,29,128.27948918828042
41,30,155.9822588577299
41,31,150.61315117379127
41,32,117.75169474982249
41,33,111.41847267837147
41,34,153.24112436149153
41,35,164.4195822155889
41,36,138.49986731963145
41,37,145.57789456570026
41,38,139.96422832427925
41,39,142.22220149715577
41,40,150.3697377949502
41,41,150.5176622135259
41,42,136.40901550884155
41,43,140.58777630236727
41,44,150.8462531688201
41,45,155.4916655061097
41,46,120.90838659973087
41,47,155.69769764130615
41,48,127.8335049148518
41,49,136.42161932665476
41,50,133.02672744235315
41,51,137.39916760035703
41,52,141.57511597864504
41,53,115.42254183328623
41,54,144.65332249717176
41,55,122.0540015729348
41,56,121.94780025702494
41,57,140.4857808206143
41,58,136.9354425539932
41,59,126.52745164974476
41,60,129.17303148015344
41,61,138.9404107408045
41,62,114.66322728012892
41,63,134.17540100048063
41,64,147.5439581290484
41,65,153.44961124385736
41,66,139.60256200307776
41,67,152.2203119579499
41,68,130.00663346180227
41,69,134.4710657327596
41,70,121.47304082226037
41,71,129.5408249643151
41,72,133.39932590660464
41,73,155.60462298506172
41,74,145.79603036386106
41,75,122.43702743049653
41,76,131.5817798237331
41,77,138.94217678501445
41,78,123.95569752796291
41,79,108.52089266202529
41,80,134.2281973838908
41,81,135.12472765601706
41,82,124.510483748767
41,83,133.50622436487902
41,84,134.55472294269566
41,85,110.37020282783487
41,86,120.46958485784126
41,87,141.25570794322994
41,88,150.87142971577123
41,89,108.41699736337614
41,90,150.0097686863155
41,91,111.39875977482734
41,92,114.02639208703476
41,93,124.45352798027307
41,94,133.03818642786064
41,95,131.6147855984891
41,96,114.4889963292153
41,97,111.63341377319011
41,98,132.35497775978
41,99,140.87064096017275
41,100,128.18159146588005
41,101,128.7825674763153
41,102,121.04856209929858
41,103,133.72900466392457
41,104,109.97388941982354
41,105,134.24642232036422
41,106,137.47276694934408
41,107,135.36326151402318
41,108,118.70616375038662
41,109,114.04133284790441
41,110,120.6716628270733
41,111,132.05608445064718
41,112,133.99035724594432
41,113,131.51951525569893
41,114,109.12743445372325
41,115,123.99088903061056
41,116,121.32918462506495
41,117,129.66017145918158
41,118,112.0897466207316
41,119,133.26969297584583
41,120,121.04838329012273
41,121,112.05574700843863
41,122,121.92035257973475
41,123,131.9739260651986
41,124,114.53079889389483
41,125,126.45075293078116
41,126,114.85411911345727
41,127,125.86156826934166
41,128,104.8759533430275
41,129,131.64990459422552
41,130,131.10706215411483
41,131,118.95802518510754
41,132,126.45537359530135
41,133,120.14502234698739
41,134,147.68311285715026
41,135,80.20069800814963
41,136,103.56501888987259
41,137,111.81914146563213
41,138,108.3880923394463
41,139,97.63142918530502
41,140,142.99677910361788
41,141,121.61079153967876
41,142,114.25562936169445
41,143,121.06458795832441
41,144,104.26466006995179
41,145,121.87051089850138
41,146,121.9640365460582
41,147,117.26367127649428
41,148,110.08109316451737
41,149,81.48783911469945
41,150,110.08506773327827
41,151,102.60043699249218
41,152,93.66273588241893
41,153,132.1094028532243
41,154,113.53328930315911
41,155,116.56430326930422
41,156,99.65972007955861
41,157,95.87893985673873
41,158,91.57658093252394
41,159,109.17499965611933
41,160,101.60800164900866
41,161,102.95539288598957
41,162,106.60134915149683
41,163,88.2013100715194
41,164,78.93603162596992
41,165,105.52338572648296
41,166,82.12043644231017
41,167,118.4791331137967
41,168,94.95277229511703
41,169,106.91794671981916
41,170,91.75605376830936
41,171,87.95151163329137
41,172,69.86570243405004
41,173,57.68501956037653
41,174,87.21369284228422
41,175,90.00915095943492
41,176,78.04435883687984
41,177,98.77060051902663
41,178,102.66192038284498
41,179,108.12380601256882
41,180,78.94497879851406
41,181,68.36117530133197
41,182,90.25296324873489
41,183,74.68644189629413
41,184,64.71150158930686
41,185,87.89717049770115
41,186,67.00132926871447
41,187,84.62868567260011
41,188,80.12356992738205
41,189,63.897402145157685
41,190,56.768782400620694
41,191,73.29103971349105
41,192,82.75143158223364
41,193,38.142157218942884
41,194,83.9843430741821
41,195,79.91466600008425
41,196,70.09279694742145
41,197,81.06929565887549
41,198,57.711593504674966
41,199,79.20839277869527
41,200,46.3782169527185
41,201,61.81382532329735
41,202,60.88711098944623
41,203,59.507908412801044
41,204,63.66672878147074
41,205,61.58584562798205
41,206,63.51887776784133
41,207,33.291916835078155
41,208,50.02815434218064
41,209,51.24072681835969
41,210,59.07542275996093
42,1,128.07927929698053
42,2,119.69246969059168
42,3,143.53900207498373
42,4,133.65484447785275
42,5,139.8193829193624
42,6,149.6655403798577
42,7,127.48882334298105
42,8,119.16368569037877
42,9,148.6893737688515
42,10,128.26729640625126
42,11,133.7182474852816
42,12,151.26019274132705
42,13,122.80743525850266
42,14,117.8003970709251
42,15,137.5823041885451
42,16,142.2561236670299
42,17,136.58676117708092
42,18,139.73401782622386
42,19,114.86584396096441
42,20,127.95649282722297
42,21,137.19091253479564
42,22,123.32607770340837
42,23,114.63360744994134
42,24,142.6989985519249
42,25,130.95292469620472
42,26,99.60826205000194
42,27,124.16975063642167
42,28,128.72965370379097
42,29,132.87706491864083
42,30,123.35475367999607
42,31,173.1579697101988
42,32,135.60231457745977
42,33,137.27403338765725
42,34,121.8079917057621
42,35,117.88937544440705
42,36,127.04973819560837
42,37,131.37832212795183
42,38,130.87149828862312
42,39,137.8402506149141
42,40,112.50602068052831
42,41,129.01519294195896
42,42,108.41327034214919
42,43,119.02376999206899
42,44,134.6103881692179
42,45,135.63824185157864
42,46,136.93985310730204
42,47,135.66620169878297
42,48,136.79374625441415
42,49,104.60949361068197
42,50,97.11115478145803
42,51,121.09024325470091
42,52,129.93357225293585
42,53,130.6609646348661
42,54,108.74286222006049
42,55,137.92561921271408
42,56,112.25534118044743
42,57,114.11202824866632
42,58,116.07445198243659
42,59,107.83497494428593
42,60,120.3022417848988
42,61,136.52411079062585
42,62,90.47117539526516
42,63,142.85792027959542
42,64,126.0746742057745
42,65,118.94570739292976
42,66,156.20046010766964
42,67,137.76157414126646
42,68,105.85959133857978
42,69,127.31738950230647
42,70,98.85072808623227
42,71,116.93400473172369
42,72,129.70565593327774
42,73,109.07347615699837
42,74,107.61129891624296
42,75,113.53979932206857
42,76,118.05268917918875
42,77,131.17635227637948
42,78,111.94212712520675
42,79,119.41698409043602
42,80,126.59831580799073
42,81,75.80515268714225
42,82,119.69989485476253
42,83,105.73987814891734
42,84,101.99505866378604
42,85,122.00020181788568
42,86,101.19529904858791
42,87,118.18243932628684
42,88,90.18019044963876
42,89,126.2633363729401
42,90,125.74283938106237
42,91,115.79239220572344
42,92,104.09143326517369
42,93,116.98920207194169
42,94,95.91111440940585
42,95,104.41849371197168
42,96,76.30685253976117
42,97,112.71096860379475
42,98,97.70101624812378
42,99,89.98431322203396
42,100,114.51833526565315
42,101,79.411101640173
42,102,94.18178560922388
42,103,112.54042412465787
42,104,93.46909031560062
42,105,95.80861860470031
42,106,102.51476974502293
42,107,101.95994967312436
42,108,108.60653968432598
42,109,75.54636930393463
42,110,111.29004920471198
42,111,76.1897832522227
42,112,80.31847288303834
42,113,105.8390401889992
42,114,84.61144051469455
42,115,77.10214030480711
42,116,71.9288144409511
42,117,59.86464164643985
42,118,82.86536228056502
42,119,52.85607894723944
42,120,107.67884286728076
42,121,91.74142722737452
42,122,61.28840987986041
42,123,79.49990065252496
42,124,71.49211021553492
42,125,102.37121405102516
42,126,69.74993599501613
42,127,65.59468876459141
42,128,67.47121163762495
42,129,64.4719980282971
42,130,59.69671646475763
42,131,78.73694602897012
42,132,58.17230365479918
42,133,29.25095329038595
42,134,82.48483415743249
42,135,57.05501974699291
42,136,79.22922234818543
42,137,45.18466870150587
43,1,182.75688421769155
43,2,189.91322871368175
43,3,188.60482439464977
43,4,172.64657699714007
43,5,186.57782377908006
43,6,187.32968813651678
43,7,170.91093464351434
43,8,205.71652628112497
43,9,178.91542595864303
43,10,182.6342386972392
43,11,192.67235093536874
43,12,182.27485262654955
43,13,184.11553432881192
43,14,188.5977010107381
43,15,164.05421962410765
43,16,172.69559898899752
43,17,189.38525606142503
43,18,194.05855320238334
43,19,184.49714441039396
43,20,185.27592585816456
43,21,173.75467245773325
43,22,156.7150689669361
43,23,193.6087634768046
43,24,148.41777451772214
43,25,201.5884172051301
43,26,185.5760863008909
43,27,179.41474238484807
43,28,196.8657765936223
43,29,181.32162850116583
43,30,185.41724199131568
43,31,193.94125521509704
43,32,190.43139859308576
43,33,171.7332745236563
43,34,165.4411534920946
43,35,207.42016183434316
43,36,197.6362025076378
43,37,178.33086020478368
43,38,183.7536069681446
43,39,171.29685193457408
43,40,189.637663541449
43,41,162.43956068125408
43,42,163.50374364160962
43,43,175.26667146724503
43,44,173.52545708673279
43,45,151.2506109353053
43,46,175.08576213469496
43,47,165.59022809199087
43,48,172.61790377089346
43,49,180.81179352549225
43,50,171.87445597205806
43,51,173.7808705743155
43,52,185.5828953271266
43,53,196.94326326609007
43,54,170.76136738966306
43,55,169.58689497035084
43,56,180.07407920047262
43,57,187.26687047033192
43,58,196.4022511965086
43,59,164.03841538393317
43,60,177.95435629713756
43,61,176.40353217997472
43,62,166.03981334585114
43,63,180.0764349450983
43,64,183.76126001479133
43,65,167.1360788267557
43,66,178.23128588864347
43,67,158.14409252721816
43,68,164.96472042539244
43,69,192.030613797353
43,70,148.25260808350868
43,71,176.5561690535178
43,72,172.618836177724
43,73,187.12317917813198
43,74,171.63819520454126
43,75,167.23530206642317
43,76,159.2028480723602
43,77,169.45342120734858
43,78,186.86952750504133
43,79,163.7691903001687
43,80,188.2404890129401
43,81,174.91044573424006
43,82,196.334542411023
43,83,163.0852847546994
43,84,141.40134264474182
43,85,164.39728761427978
43,86,175.94520521385857
43,87,179.08080645580776
43,88,169.4632574573625
43,89,158.55016493191215
43,90,162.6744205290015
43,91,189.4341210851635
43,92,166.89720462367404
43,93,180.93108817476605
43,94,166.1932632459284
43,95,147.63616339939472
43,96,188.0432439188371
43,97,165.70567530170229
43,98,160.3268059660113
43,99,172.4168189113043
43,100,172.20827404641022
43,101,178.7818921821672
43,102,136.49015091573528
43,103,157.8854230363213
43,104,163.77403733351093
43,105,130.98396895429323
43,106,130.20298108039424
43,107,153.2085241861423
43,108,158.13881635997677
43,109,151.16161868331983
43,110,128.35601415515703
43,111,146.18918397089874
43,112,141.65790632386052
43,113,166.37927452267468
43,114,142.32916397797817
43,115,134.7273095870769
43,116,134.82901229916752
43,117,140.69425764892367
43,118,123.33616708462796
43,119,132.68020236537996
43,120,141.61923012382613
43,121,126.3519496360168
43,122,159.6745032007966
43,123,128.00773251429928
43,124,121.79835943539365
43,125,140.35961091345962
43,126,114.45648984116997
43,127,135.76278914162685
43,128,137.61693725259101
43,129,129.7346574922558
43,130,126.1483381996004
43,131,130.1719538046964
43,132,113.96894210125174
43,133,136.993597624627
43,134,117.75063865206175
43,135,127.37506602944632
43,136,134.45255168222502
43,137,127.74327692715451
43,138,107.12788454126712
43,139,118.26055802612973
43,140,104.10158730364492
43,141,104.25270817574346
43,142,128.4126717107938
43,143,117.81535931368853
43,144,117.39151707455312
43,145,86.25832422953681
43,146,109.23891087060474
43,147,99.47546885560587
43,148,97.9944808424334
43,149,102.72521234884334
43,150,123.67184026083851
43,151,98.67257020694524
43,152,100.4519517894878
43,153,99.20984847756336
43,154,95.5518750341289
43,155,106.52200127805554
43,156,72.8819874740584
43,157,87.75595882974449
43,158,104.7488062808261
43,159,69.68565778183984
43,160,89.7459897213048
43,161,64.77912276872667
43,162,96.8765193003419
43,163,76.3148355865269
43,164,87.98404624045361
43,165,72.73921304718533
43,166,102.92204100848176
43,167,74.76546204019542
43,168,53.39735812294384
43,169,71.4146778003269
43,170,65.50194149849995
43,171,70.25853823588113
43,172,73.48951512169879
43,173,55.0623839372638
43,174,60.35754397498749
43,175,29.36574374646443
43,176,55.299102974589914
43,177,70.85997493914329
43,178,52.703711937931075
43,179,31.066295467797318
43,180,22.55172173903702
43,181,49.16837528623546
43,182,37.738581881341815
43,183,50.417964644577296
43,184,43.595530131649866
44,1,192.68680680872058
44,2,152.85073269365967
44,3,165.49508516551577
44,4,168.68335434752225
44,5,159.09519572387944
44,6,171.91294396785088
44,7,164.5709370078257
44,8,188.924471661594
44,9,164.21301264880458
44,10,143.18922648224543
44,11,194.15037907327496
44,12,190.31220317367843
44,13,152.8658086637879
44,14,155.08613420332404
44,15,191.1511208879383
44,16,161.72840330902545
44,17,145.60172921619233
44,18,168.03696015570313
44,19,188.01749601917254
44,20,143.97299378072785
44,21,166.17643726238748
44,22,175.3203910718803
44,23,170.51858423150406
44,24,163.8216676187294
44,25,144.77183290888206
44,26,162.22540749559266
44,27,178.45179781739716
44,28,155.49308503118664
44,29,167.82995846403355
44,30,149.44104587700713
44,31,158.41312868802925
44,32,153.70519843956572
44,33,167.51603737976984
44,34,181.40487180054333
44,35,183.95048218779993
44,36,176.20399389214435
44,37,163.31914677845634
44,38,187.04068460352573
44,39,163.91136096103583
44,40,184.62990378529503
44,41,171.34268396154948
44,42,149.48836499004392
44,43,172.17101680085034
44,44,154.92521337351354
44,45,182.8220065907808
44,46,163.95156957759173
44,47,160.2644398837583
44,48,170.95927636477427
44,49,174.27767154914181
44,50,171.75853712561366
44,51,171.45598026677908
44,52,159.36394756651134
44,53,180.31511176564527
44,54,171.99323867713247
44,55,156.88998627401452
44,56,144.29076069185976
44,57,152.07041644791752
44,58,148.58902049466997
44,59,156.12577432591934
44,60,153.90544128513284
44,61,147.94945015193662
44,62,159.0859208714828
44,63,129.70593865551928
44,64,149.8267675423631
44,65,154.40101765088912
44,66,150.83136513337377
44,67,124.49998058709025
44,68,148.3758954943769
44,69,154.12768257058633
44,70,147.51677039675997
44,71,149.15261091812135
44,72,139.4152239560426
44,73,130.04535714876693
44,74,147.44434255622764
44,75,143.96459515040624
44,76,160.10803771501378
44,77,147.32099513996945
44,78,135.66108603393513
44,79,156.3686339039632
44,80,158.93531971726043
44,81,127.64215024473378
44,82,140.19081744840514
44,83,147.13846539697988
44,84,137.02438941383298
44,85,158.14379425827065
44,86,121.28052883122291
44,87,130.26684317908803
44,88,136.5758884152383
44,89,161.71537102404545
44,90,138.53373526764335
44,91,148.21213181371422
44,92,148.49185651619337
44,93,127.66512832170702
44,94,138.04660723801499
44,95,120.8842215551922
44,96,139.92178199916816
44,97,119.92618802358629
44,98,125.92586735021905
44,99,142.54685345742473
44,100,135.70868070414872
44,101,135.57694187999732
44,102,119.39200504831388
44,103,129.85786462231772
44,104,122.73476910329191
44,105,119.42832507397543
44,106,100.83629320166801
44,107,124.47844161011017
44,108,134.58496856215788
44,109,117.25498889903974
44,110,124.65611423457449
44,111,120.66796040176268
44,112,113.39699641752668
44,113,136.14282384071703
44,114,123.13953294459498
44,115,128.1365386988109
44,116,122.47576770881278
44,117,75.00973924866412
44,118,112.82486291941314
44,119,103.68068456710171
44,120,120.1200520860366
44,121,80.56485138118296
44,122,108.98120103653491
44,123,90.50304946622055
44,124,82.20826723521168
44,125,96.27849121439795
44,126,81.03199891339318
44,127,79.21489551659033
44,128,91.05543991977174
44,129,105.4719636625814
44,130,90.76672613262781
44,131,94.90820791668375
44,132,77.84845009527635
44,133,73.88781626738637
44,134,90.83607401783229
44,135,86.1722070096148
44,136,91.11271168367239
44,137,79.85400881143869
44,138,66.01450620484684
44,139,61.80166850706155
44,140,60.189561816900095
44,141,76.92284329744871
44,142,49.590216092721676
44,143,54.176493114478944
44,144,43.75964860172098
44,145,49.36707729120826
44,146,81.05904216231283
44,147,74.58507079222181
44,148,64.49586947682837
44,149,25.181165833251725
44,150,42.3552631014536
44,151,46.67875824773364
44,152,15.020072745996004
44,153,25.293776855498436
44,154,23.328044792644505
44,155,46.11989182735124
44,156,9.14277950804535
44,157,27.186881326546427
44,158,14.339783055853331
44,159,11.37680597959843
44,160,31.31103583126969
44,161,12.177046608492674
44,162,0.9576666620487231
44,163,8.959732132309
44,164,-36.578716385593
45,1,169.73280551414064
45,2,153.02278893918265
45,3,158.61021255487867
45,4,146.80133727676002
45,5,142.6058482011722
45,6,155.0648466246348
45,7,159.44952238402766
45,8,144.08850142564916
45,9,162.63797074743343
45,10,155.71444324260665
45,11,143.33318063790648
45,12,152.00688676754362
45,13,161.29218702879734
45,14,123.29760983661981
45,15,146.1977496370164
45,16,176.44437480475608
45,17,159.75342418724176
45,18,157.55887174944655
45,19,162.94990027797758
45,20,136.1147214137527
45,21,151.97792600299
45,22,130.49562011131638
45,23,152.12640583910252
45,24,134.7036407820342
45,25,133.87093922876375
45,26,167.357249555178
45,27,166.33819580640557
45,28,145.3729192482715
45,29,162.01054046315403
45,30,146.83894918041915
45,31,143.5287932343199
45,32,141.6967620101641
45,33,168.7636552598342
45,34,153.91012965561094
45,35,152.32768704144837
45,36,132.55514582472824
45,37,159.83618949967786
45,38,145.9021649686183
45,39,149.97800737633952
45,40,170.30802353495528
45,41,152.4323380606802
45,42,156.4005206797592
45,43,123.08629088410817
45,44,164.04747378946195
45,45,150.7501791056202
45,46,138.49624656010565
45,47,130.34694552359724
45,48,127.78885340048873
45,49,158.91658486698725
45,50,127.98591072456475
45,51,144.88311773465102
45,52,152.110230859922
45,53,144.87594820051163
45,54,107.3790471902903
45,55,151.93277582561132
45,56,124.59329805484595
45,57,117.20411591921584
45,58,162.37565399990854
45,59,151.5655479453926
45,60,157.04239113607036
45,61,145.33866447563923
45,62,146.3423526990955
45,63,144.66053191161336
45,64,139.64683466192218
45,65,142.54384238744387
45,66,139.27265065000392
45,67,136.2883869407451
45,68,133.60781852004584
45,69,161.75919982426421
45,70,164.66520249036694
45,71,154.76626370834128
45,72,127.3308141376765
45,73,145.29396742453537
45,74,126.42121244817827
45,75,139.84963725454145
45,76,130.53900260219962
45,77,139.57246553584264
45,78,157.0870374039805
45,79,134.85872843370453
45,80,127.30833776752115
45,81,121.02342687659984
45,82,138.73738627921557
45,83,144.84284403451602
45,84,163.6288945448905
45,85,138.56857016576396
45,86,124.87399020196608
45,87,141.6230270249871
45,88,144.27548854957422
45,89,147.00546646153816
45,90,144.91246230915567
45,91,147.45554777632788
45,92,143.38673506776104
45,93,114.93651085146848
45,94,123.89511871708964
45,95,126.03607652198116
45,96,133.5660738434308
45,97,153.6612966900575
45,98,129.30092112096463
45,99,126.22811487481522
45,100,118.52000453173969
45,101,140.9820888426475
45,102,148.41075890597858
45,103,131.46876032185537
45,104,138.1756470622422
45,105,139.52249331256462
45,106,124.42418023446953
45,107,121.75064698517963
45,108,130.0670590722002
45,109,155.4835504415969
45,110,118.44383026698779
45,111,133.71553338136437
45,112,131.05254973155388
45,113,140.68437336917123
45,114,117.6892288991221
45,115,115.095033292484
45,116,137.8084286605008
45,117,113.33711049506383
45,118,128.49141355292522
45,119,113.56836152681353
45,120,109.27773562791117
45,121,114.0181682303155
45,122,102.3351015214721
45,123,132.73673821667035
45,124,119.33917436803313
45,125,108.0211801935875
45,126,114.91920551338262
45,127,98.24290228263999
45,128,86.45534686379688
45,129,117.12121020989434
45,130,121.61255920741678
45,131,123.9321000608179
45,132,93.54490370847634
45,133,112.25334251240565
45,134,123.38394719532516
45,135,92.25413240325724
45,136,117.14038234540203
45,137,105.85688170672802
45,138,119.87525219901727
45,139,109.54984385673015
45,140,102.91211672435747
45,141,109.70092168354313
45,142,112.99802381390327
45,143,91.38194419381762
45,144,96.67628011404304
45,145,112.97351294997497
45,146,92.19775687509537
45,147,97.94840018420655
45,148,114.26176634753938
45,149,96.94047961651813
45,150,108.20199812867213
45,151,99.25835934768838
45,152,98.176879057326
45,153,64.08392051451665
45,154,92.08406848379673
45,155,73.97579535529076
45,156,67.39733276701736
45,157,97.26740053074172
45,158,84.85567001815798
45,159,95.08108310998796
45,160,85.71458453423838
45,161,75.18366672148841
45,162,74.05190110472176
45,163,65.39909403859929
45,164,45.65420971560525
45,165,68.10310230945834
45,166,66.70042344507965
45,167,64.89604866193258
45,168,66.14330464066006
45,169,52.00262850920262
45,170,61.52481114806142
45,171,61.306147806637455
45,172,56.530231673270464
45,173,63.609016197980964
45,174,55.77141351217142
45,175,54.98762174235162
45,176,71.10227323294384
45,177,62.80928532552207
45,178,40.09628921935655
45,179,64.40176410944332
45,180,17.164625372752198
45,181,59.335410566985956
45,182,50.979019570881064
45,183,35.664956129854545
45,184,63.918024967795645
45,185,73.92862698562385
45,186,35.247588944817835
45,187,12.453177768125897
45,188,51.6885916453175
45,189,-7.3462895113480045
45,190,-6.003548266533471
45,191,40.908386966661055
45,192,28.671970729083114
45,193,12.96258951161144
45,194,-5.143973345497216
45,195,-2.2288667917528073
46,1,151.4421972002383
46,2,176.23747473682306
46,3,213.72772588967928
46,4,162.09293751703808
46,5,208.20721681512805
46,6,189.30154817648872
46,7,198.76686253446678
46,8,210.04664620846597
46,9,188.1973157494358
46,10,181.39221417627414
46,11,200.30499953118124
46,12,206.05049850939395
46,13,186.42136965558166
46,14,179.6331482449168
46,15,202.18696171102783
46,16,170.06262694141333
46,17,215.59571918040456
46,18,175.16529711511248
46,19,202.0481095774303
46,20,178.11933488052455
46,21,178.89176567103277
46,22,195.77831396384863
46,23,178.19966105828644
46,24,207.91613628244522
46,25,179.4498429641244
46,26,179.12190212877613
46,27,186.68332823231322
46,28,198.13878064438904
46,29,210.0089500101967
46,30,199.2711593749773
46,31,186.49937729632802
46,32,201.9008426224609
46,33,176.3482779855185
46,34,212.21309361685417
46,35,189.7891958160253
46,36,181.04221006689477
46,37,184.56001145250048
46,38,195.3277149513233
46,39,175.36558246050845
46,40,168.6664410915473
46,41,191.8417231600688
46,42,186.48204163610353
46,43,166.99532306097535
46,44,169.3699781022442
46,45,193.9965033293338
46,46,174.25825351214007
46,47,177.2110723092119
46,48,178.89097946950642
46,49,192.64974075291684
46,50,189.43968983991363
46,51,182.71328467367857
46,52,202.19338870856154
46,53,171.90744431257917
46,54,201.66173363460985
46,55,211.57072020103806
46,56,180.98134524044144
46,57,180.2756011418387
46,58,209.7885164343752
46,59,192.33393582711142
46,60,198.08385211004497
46,61,191.96558662599273
46,62,168.69857404529466
46,63,169.1924169962731
46,64,173.56219466121547
46,65,197.44346510082687
46,66,195.61505125397525
46,67,184.07221429723722
46,68,174.14065450125054
46,69,190.3569926727505
46,70,187.51893568776723
46,71,182.5203073329467
46,72,207.89340773323056
46,73,178.02751078291476
46,74,168.88840255621471
46,75,172.9324148910673
46,76,177.67016086559306
46,77,176.28099208601634
46,78,169.8873748108017
46,79,168.41937191865873
46,80,191.0640785848591
46,81,164.74986703972536
46,82,185.8843349017552
46,83,179.17376630812942
46,84,192.82918774179416
46,85,174.20172773936065
46,86,190.1254180081305
46,87,185.08842549636756
46,88,173.85549279439874
46,89,191.40903530741343
46,90,177.4339192285188
46,91,194.72622786507418
46,92,196.98359047716804
46,93,181.18447369373462
46,94,149.81885165541462
46,95,204.36953765266662
46,96,194.4940178725592
46,97,183.4244970656946
46,98,185.11212878013612
46,99,175.46959062437236
46,100,178.029356316576
46,101,185.47141989890952
46,102,161.2289365591132
46,103,133.89267171180836
46,104,192.93132118136418
46,105,172.1343612517303
46,106,143.17882168183132
46,107,152.63692823866586
46,108,173.3434979349695
46,109,171.7670327417727
46,110,168.34859363799478
46,111,153.31256691286399
46,112,161.1690790186185
46,113,167.70118729383103
46,114,151.86415059526917
46,115,167.93182031008473
46,116,163.7818040528582
46,117,162.02748123322817
46,118,156.27025339719694
46,119,176.29878571392328
46,120,182.94622093786893
46,121,159.21050043923606
46,122,166.3326690412141
46,123,180.60138509358512
46,124,173.16475410567364
46,125,201.98466097654455
46,126,172.01102072057256
46,127,164.82134154345113
46,128,166.64187542212312
46,129,154.07092447609466
46,130,172.1918948144521
46,131,134.3309436843847
46,132,151.4516516889562
47,1,122.48428323838743
47,2,126.87768847426196
47,3,145.06962972271867
47,4,126.23903085888014
47,5,144.55536820848647
47,6,117.2083854453449
47,7,132.9849229883257
47,8,155.30541376405017
47,9,130.9159782684219
47,10,131.1290873748585
47,11,120.1951125782507
47,12,132.3784547549658
47,13,151.1599842451542
47,14,152.57977313952142
47,15,124.46525281463983
47,16,120.54084187594708
47,17,131.66553684577957
47,18,129.6367208686279
47,19,124.31833690019994
47,20,135.8631957166799
47,21,134.02991201067925
47,22,119.76364147839195
47,23,116.77411716373172
47,24,133.82980843247788
47,25,163.79253964709642
47,26,122.23195959817531
47,27,111.16484329483501
47,28,120.02100064158003
47,29,144.60154259946285
47,30,132.60001101939997
47,31,128.8900585763331
47,32,136.20198743503715
47,33,129.33488069837767
47,34,91.8521334938996
47,35,160.83136207266216
47,36,135.5001996584906
47,37,151.42796404617548
47,38,127.2376356176901
47,39,129.4456272119205
47,40,121.7296616658059
47,41,133.9353313517131
47,42,109.11990387269907
47,43,113.68146752873872
47,44,138.98806667551253
47,45,141.04866290835344
47,46,141.82291786286078
47,47,123.08900281153183
47,48,97.52715995261678
47,49,130.43858876831655
47,50,131.07622327667195
47,51,111.43669091192714
47,52,131.9162213015734
47,53,120.19098829158611
47,54,123.74386542521825
47,55,115.38938622559363
47,56,115.79135447260342
47,57,132.48973731076694
47,58,98.6839508741541
47,59,132.01960921956925
47,60,108.32218517037109
47,61,129.6512449066213
47,62,130.97014782730548
47,63,121.8347121782499
47,64,102.39051679270779
47,65,131.25540660478146
47,66,129.20272587709042
47,67,106.59628708192031
47,68,113.81104592074553
47,69,114.2256093171527
47,70,118.38806854696304
47,71,116.03310419239278
47,72,98.39483074982854
47,73,116.05893091741746
47,74,114.0458419110073
47,75,119.05779742574668
47,76,124.20952321765071
47,77,106.68248059746111
47,78,112.24278502096422
47,79,128.2824551069425
47,80,131.94688836634305
47,81,132.69174866473622
48,1,151.89332109344832
48,2,137.76340040020295
48,3,122.13383774077374
48,4,126.6130387956
48,5,156.46499292230146
48,6,140.42575104949356
48,7,152.93942819665972
48,8,160.95040014223196
48,9,161.6748941403348
48,10,163.57055352409225
48,11,157.54968527663732
48,12,170.74544688366586
48,13,126.73139899603848
48,14,158.57321250619134
48,15,141.84107566079183
48,16,142.52213712652883
48,17,135.98096914483176
48,18,143.9262500311961
48,19,135.92377137149015
48,20,144.51241458596633
48,21,142.23391616309527
48,22,149.33659213067585
48,23,133.26483855855622
48,24,144.87736590993882
48,25,136.03089648624882
48,26,152.94241368284565
48,27,138.54541362117016
48,28,151.867428088015
48,29,139.62308014987502
48,30,155.79147956083034
48,31,132.93389268448664
48,32,143.82897071234038
48,33,122.83740799427324
48,34,125.12158568912855
48,35,142.89996855770733
48,36,143.18033592917345
48,37,155.42276675363973
48,38,125.42253294840339
48,39,120.62543583437218
48,40,131.4276933927249
48,41,142.16400185069506
48,42,128.85370115633123
48,43,136.61180836809217
48,44,132.4418993006475
48,45,140.28809491024003
48,46,121.51124838396936
48,47,135.3912069092039
48,48,137.77643711326527
48,49,137.33817033735977
48,50,128.453883543938
48,51,134.97613649808773
48,52,120.42577084018558
48,53,123.16404873301508
48,54,107.72802096016676
48,55,137.09477675089147
48,56,146.80058682006347
48,57,140.63855356549175
48,58,130.75932365240442
48,59,162.31261880214151
48,60,117.9091744989928
48,61,136.01558691747778
48,62,132.46388470206875
48,63,139.8272527832596
48,64,132.69284329740913
48,65,122.26308158421307
48,66,131.67308038723422
48,67,144.5824352191339
48,68,119.14906139342929
48,69,128.8368881186907
48,70,132.4548445465116
48,71,146.44215932283987
48,72,133.77092182578053
48,73,118.8393904639961
48,74,107.14741597433022
48,75,139.3023408585941
48,76,117.16490036831237
48,77,106.33081149560167
48,78,146.25408058276662
48,79,118.11677353949199
48,80,121.08770157980325
48,81,134.16945468731865
48,82,119.64878003702324
48,83,103.87688390738185
48,84,123.08536471004481
48,85,116.87103553525958
48,86,125.81328989834583
48,87,87.77653918321448
48,88,104.41596205143287
48,89,114.87310848520428
48,90,99.60095606798859
48,91,106.77637387817958
48,92,113.71820359275443
48,93,111.64937771964469
48,94,121.08775098866317
48,95,115.09897519220249
48,96,101.35885358505038
48,97,115.96010800483054
48,98,93.52686670884577
48,99,105.64029430559458
48,100,101.1774997354587
48,101,88.26570480745431
48,102,114.54663504615746
48,103,97.59947464497964
48,104,105.0317396669634
48,105,75.65768324597593
48,106,77.18259841034887
48,107,93.38998622805957
48,108,77.97084455291042
48,109,91.46205815666326
48,110,86.3243114203724
48,111,97.45720039115986
48,112,88.90161813451414
48,113,64.66888280298735
48,114,81.2311387860318
48,115,84.70609395268548
48,116,85.467921167241
48,117,66.38994894140342
48,118,49.25146249719546
48,119,64.01782951710629
48,120,61.72371476302942
48,121,80.82159865681751
48,122,50.827924466306285
48,123,83.65679604747129
48,124,83.28873163184471
48,125,50.79724613682629
48,126,51.92501090263249
48,127,61.743829103354074
48,128,29.769046169654757
48,129,55.786798483241
48,130,44.634128198449616
48,131,42.02115305109328
48,132,60.68939275205412
49,1,119.04961740430008
49,2,123.70716357441415
49,3,124.06257888651453
49,4,125.5945051353774
49,5,151.44024301343597
49,6,116.62387767313339
49,7,146.28110957576428
49,8,136.43494078209915
49,9,152.8238938693903
49,10,155.18475282379222
49,11,146.12979512222955
49,12,153.0990249429451
49,13,155.58528856076737
49,14,133.16039322483266
49,15,143.12435770684533
49,16,140.98041628261126
49,17,154.00833355783834
49,18,157.29884245884023
49,19,141.02704865679698
49,20,174.41587945142965
49,21,130.45059965291875
49,22,142.37408913261606
49,23,144.13704493822297
49,24,133.57199067804322
49,25,148.04513043864426
49,26,165.91519400296238
49,27,162.11610253281106
49,28,136.04244456929155
49,29,142.87445753139036
49,30,154.59067656715342
49,31,172.0646844071307
49,32,133.09915463208017
49,33,137.58432789236394
49,34,143.1472939926898
49,35,150.4719706119722
49,36,144.61716525273368
49,37,160.8968792010637
49,38,148.76842309109634
49,39,162.75601956577884
49,40,122.05687696876703
49,41,136.92062100558542
49,42,149.67023963838437
49,43,139.94247020443436
49,44,153.2962690899367
49,45,114.07349084349698
49,46,147.63744425169716
49,47,132.87971303936501
49,48,131.5639757079698
49,49,122.81173772871261
49,50,130.5024875038289
49,51,126.28354591500829
49,52,141.84131423260988
49,53,146.52207997793448
49,54,118.30095102297491
49,55,136.5791480880216
49,56,155.20899565579748
49,57,129.5356832507896
49,58,120.49224467948807
49,59,152.2287023745157
49,60,128.32165573378006
49,61,133.80514781688544
49,62,134.97514005898847
49,63,116.82225823010958
49,64,121.85236062150216
49,65,138.05927584446908
50,1,148.9156771838825
50,2,128.40752701972087
50,3,105.80248736538488
50,4,132.313788312611
50,5,134.9620514003691
50,6,114.9923257775954
50,7,137.776229937248
50,8,127.79024163808208
50,9,136.31898664038454
50,10,139.38619451312843
50,11,116.0455426860135
50,12,122.30224648310832
50,13,118.40762025777804
50,14,118.20756595193234
50,15,131.94455936711893
50,16,117.04579163570452
50,17,124.5567412254095
50,18,124.0354164340024
50,19,125.17510880125337
50,20,130.04248748118698
50,21,123.14975744607364
50,22,137.71575594398746
50,23,130.90575981400616
50,24,122.65734355327004
50,25,132.45053169177845
50,26,101.92184426180756
50,27,123.99404432292795
50,28,139.3874817296528
50,29,137.33862049271556
50,30,141.09592976860586
50,31,138.7485164781101
50,32,141.5315788427106
50,33,150.23293864117295
50,34,133.6531787376589
50,35,125.05151180259418
50,36,141.9929936388653
50,37,111.1681737629915
50,38,116.70138229289296
50,39,123.78394541545276
50,40,123.60439831231633
50,41,138.14909093504684
50,42,107.5254961190949
50,43,117.4289459227366
50,44,136.93325631713378
50,45,114.60586204827996
50,46,139.95452496249345
50,47,144.96053329585993
50,48,127.5192574706598
50,49,108.8421702363994
50,50,110.83846771896788
50,51,119.54283730009047
50,52,146.88379639421328
50,53,115.6003242251827
50,54,116.90471052478097
50,55,95.9584677009625
50,56,128.8374893306609
50,57,114.06686462296057
50,58,111.54277219349751
50,59,121.97416479469393
50,60,123.7869957867224
50,61,99.93218264731695
50,62,134.93267921673396
50,63,129.92477155728557
50,64,126.03784505940712
50,65,140.88416534245334
50,66,103.31542166834697
50,67,112.36104312402313
50,68,140.89188707157155
50,69,120.82761993261374
50,70,119.63528674032568
50,71,118.09527841334057
50,72,108.05778235213802
50,73,103.84403095694142
50,74,110.89009006295964
50,75,115.06961350629717
50,76,100.67703858727327
50,77,68.0917853191495
50,78,107.47079399940412
50,79,106.17908519528282
50,80,114.41119590279413
50,81,113.90245506008796
50,82,101.67049799684173
50,83,108.45854823302216
50,84,127.19854946918349
50,85,116.14020100478228
50,86,97.42612474221824
50,87,113.84778886953427
50,88,97.89499259391596
50,89,129.71170238146442
50,90,115.02400332193793
50,91,103.10029694444529
50,92,114.20550859762443
50,93,85.13244126609061
50,94,106.88792467809253
50,95,105.96997197817109
50,96,102.67791732495243
50,97,122.02924119163072
50,98,106.64919654476398
50,99,127.11566953954025
50,100,111.52173119899089
50,101,95.73259241273627
50,102,92.98837412214198
50,103,89.92852817679523
50,104,99.45382132276427
50,105,95.21341497737012
50,106,79.20856345113862
50,107,97.08882324303704
50,108,101.54948445654009
50,109,83.57612542188872
50,110,74.75355456901889
50,111,86.94119982008124
50,112,95.37436201627861
50,113,95.29846054970403
50,114,134.2409332412135
50,115,76.31359680330206
50,116,93.77137969228352
50,117,68.80152209323569
50,118,80.15923886402015
50,119,78.38043309265777
50,120,84.07164396417647
50,121,60.41840025394413
50,122,63.52858246422693
50,123,89.58234490708128
50,124,63.550240558819496
50,125,82.69546492048539
50,126,72.49890890461393
50,127,77.6725717742811
50,128,101.7719831743234
50,129,100.71888571715681
50,130,88.90356795523985
50,131,74.08120187636814
50,132,92.04658254981769
50,133,58.999154899298446
50,134,79.05734820749058
50,135,45.49449561373331
50,136,60.83209044724208
50,137,73.07988065144309
50,138,66.53785224308376
50,139,77.39341704666003
50,140,69.5248054432086
50,141,62.30503873125417
50,142,55.73793292610935
50,143,60.17007988745172
50,144,78.79537932058156
50,145,26.046362929191673
50,146,39.18449394736672
50,147,52.82083983266057
50,148,39.91149241751555
50,149,64.97255614413007
50,150,34.70230682747933
50,151,28.894875440390024
50,152,20.893711149437877
50,153,42.940740610858484
50,154,10.05692202251521
50,155,6.475927126215538
50,156,4.115955560868315
50,157,9.303784683339472
50,158,3.236361911011045
50,159,23.98990300772857
50,160,10.017974905676965
50,161,15.116009626501182
50,162,8.279454807416187
50,163,-20.351791063614655
50,164,6.774817238750984
51,1,186.98360399485682
51,2,157.14771817156725
51,3,164.23095860336616
51,4,189.0647298397089
51,5,182.28513471803308
51,6,192.3126666322205
51,7,183.99071662654023
51,8,183.12649902417616
51,9,175.94713225309533
51,10,184.1421608878445
51,11,169.82077323777776
51,12,190.62947583673667
51,13,186.97841755458649
51,14,155.07258592283324
51,15,181.11425079905894
51,16,168.42943817676132
51,17,184.85532361840887
51,18,152.27958792722347
51,19,173.92053403095633
51,20,195.94989966621506
51,21,163.69992468171404
51,22,162.9710603795611
51,23,190.9816646991021
51,24,172.49000417927164
51,25,186.08579469110555
51,26,179.1959443806336
51,27,147.86992364275648
51,28,164.0472749413093
51,29,193.39317182974628
51,30,200.0952087836995
51,31,176.03883068746654
51,32,175.6330156717304
51,33,171.2696015184847
51,34,172.37189462478273
51,35,160.38559344696114
51,36,163.74469760348438
51,37,153.42584159498801
52,1,126.04179657922941
52,2,117.19089197901485
52,3,106.40939021823579
52,4,110.10707365917187
52,5,111.79219413559622
52,6,107.74160778994701
52,7,132.42715207017318
52,8,145.33209980359243
52,9,121.21151822149113
52,10,116.96993385496171
52,11,118.45187558919133
52,12,121.40489525467274
52,13,87.60760941391345
52,14,115.18465448844654
52,15,122.35823693798011
52,16,105.76815286814963
52,17,109.05882163059869
52,18,124.74448745777045
52,19,98.5982286928629
52,20,120.62389462374995
52,21,88.15569665774092
52,22,93.39388573575707
52,23,119.73535036640533
52,24,109.48934390333307
52,25,110.17241529568855
52,26,119.24518053934298
52,27,100.92428728906816
52,28,106.34723461559042
52,29,80.15356992132729
52,30,123.34122704587207
52,31,119.11430149322405
52,32,101.41735579503438
52,33,120.8331428772508
52,34,117.99577065238554
52,35,99.04683246868808
52,36,120.36847574773128
52,37,127.15708570828428
52,38,89.75539564348583
52,39,97.86433289706474
52,40,105.32005367534293
52,41,105.4202900817254
52,42,114.59487303494825
52,43,103.3816141234056
52,44,109.7759082092889
52,45,110.14003483246779
52,46,81.6756655500576
52,47,86.1187263075335
52,48,111.04886344872648
52,49,101.36432442504156
52,50,97.51939437189867
52,51,114.83109417176456
52,52,136.19768058732006
52,53,100.05663432538859
52,54,107.31584325940639
52,55,98.5493022785522
52,56,94.23297027335502
52,57,92.01195767163881
52,58,120.1027099086059
52,59,118.83129725540493
52,60,88.29771943903324
52,61,120.26281587030098
52,62,95.69521430308669
52,63,113.1587603403168
52,64,106.42676323967316
52,65,107.64171848634578
52,66,82.80291869225039
52,67,105.78887687781389
52,68,113.17880420175788
52,69,91.15687011895352
52,70,82.1086261964665
52,71,95.93895176510705
52,72,85.56434130275738
52,73,115.15353501812933
52,74,85.74809129590722
52,75,119.67978371454228
52,76,95.06402443740808
52,77,118.62541571490874
52,78,131.55712387560925
52,79,101.04364347350929
52,80,102.73160244263272
52,81,102.81183895113645
52,82,107.93679977588181
52,83,114.36924560245097
52,84,93.14117568174697
52,85,101.02722861454822
52,86,91.07061402813997
52,87,102.34772756904567
52,88,93.2333464588155
52,89,104.0407728033897
52,90,96.33448334983404
52,91,97.01823311661428
52,92,98.57968810843886
52,93,87.3487828248908
52,94,108.95213932651677
52,95,81.14961646799202
52,96,100.41753458411404
52,97,105.98824986556428
52,98,99.1437541444975
52,99,93.00166260690457
52,100,102.4805814872525
52,101,68.11493687434995
52,102,99.06086490171583
52,103,95.23256869897159
52,104,93.31264035114145
52,105,119.05086471204413
52,106,102.3534922607505
52,107,83.76200140069705
52,108,96.65873433423985
52,109,85.66262185316737
52,110,73.47086743728141
52,111,89.65256625358597
52,112,96.09318054471078
52,113,85.95473969313025
52,114,92.03633535387053
52,115,99.86419983685482
52,116,91.25410626750818
52,117,61.29430675059848
52,118,88.97026102205564
52,119,69.36707318318076
52,120,82.27655826779664
52,121,78.1789204284214
52,122,101.00203229166073
52,123,69.46075318437215
52,124,83.37946279071912
52,125,87.79922302028717
52,126,100.72139071472338
52,127,83.20853048087156
52,128,77.80254402112041
52,129,83.6688614945815
52,130,98.9749062619012
52,131,88.04330309323268
52,132,84.05550600757124
52,133,91.97567043299205
52,134,86.0374450406598
52,135,56.08003125835239
52,136,99.50726417666738
52,137,53.79589679379569
52,138,76.25878417675267
52,139,107.09100707943435
52,140,51.418985654941935
52,141,89.92348661117285
52,142,66.6081876508324
52,143,62.87174483426497
52,144,63.581243917069514
52,145,71.9092715289371
52,146,89.46915750663175
52,147,73.47729974777758
52,148,70.75971591760026
52,149,80.66062479059474
52,150,60.12394308279181
52,151,61.72770934457367
52,152,69.18366108553892
52,153,67.13204344842234
52,154,69.00545825679
52,155,71.95680403814185
52,156,52.68172274118115
52,157,81.18433726432704
52,158,46.58504053584329
52,159,49.97148715858566
52,160,58.11316688342049
52,161,71.246865337278
52,162,49.41830841632327
52,163,53.87976755008276
52,164,62.872845380963554
52,165,56.76597189685708
53,1,126.52492678794806
53,2,121.19412060520699
53,3,149.66545947250415
53,4,144.289384181684
53,5,114.38397898705443
53,6,139.83438634207414
53,7,157.66580876446096
53,8,155.44831636319577
53,9,140.20678056373436
53,10,150.6845357320126
53,11,140.14472400114755
53,12,147.85442080871871
53,13,137.14729449432343
53,14,178.8214219165602
53,15,149.28881869096222
53,16,119.34807563636423
53,17,140.9915080879
53,18,150.0952960984432
53,19,136.6398839195317
53,20,144.9595093598764
53,21,133.11535480454768
53,22,115.31096963275195
53,23,144.87913788666629
53,24,110.12122428719158
53,25,138.93802823362785
53,26,120.20419740110083
53,27,133.93571578631963
53,28,125.50402371917153
53,29,151.10766797196266
53,30,118.06916123103292
53,31,131.08274394962064
53,32,128.20447113225237
53,33,136.61453340334992
53,34,122.5211726588459
53,35,150.68942109615455
53,36,144.50592193396005
53,37,141.03812431768893
53,38,127.15839941993909
53,39,128.25232622745534
53,40,144.33289908468578
53,41,151.39377894865174
53,42,116.36819801197998
53,43,131.85857537611446
53,44,120.01201839096757
53,45,151.48585163315875
53,46,114.77515207828401
53,47,140.80667384355183
53,48,142.3615791664488
53,49,131.38909725219855
53,50,141.84447937850928
53,51,154.95477094779199
53,52,136.27391086657008
53,53,132.51176700444194
53,54,138.0057146101899
53,55,120.37428713830013
53,56,127.88172719629802
53,57,120.78196746906178
53,58,141.26897742694564
53,59,125.2518906323603
53,60,150.6063186672327
53,61,116.19455002547329
53,62,134.5501556318195
53,63,146.52055101194856
53,64,141.69210986096004
53,65,117.39777958707418
53,66,92.2016961342888
53,67,117.99301659515186
53,68,136.212787159071
53,69,110.75929384797928
53,70,137.24641965878254
53,71,152.55100874063646
53,72,117.13474045260227
53,73,102.32108998887998
53,74,125.37776075238071
53,75,129.82106634917
53,76,116.82027440298407
53,77,132.30600215738377
53,78,121.00365370128566
53,79,124.15849805231846
53,80,115.55730713538651
53,81,140.3832789603839
53,82,137.199077869147
53,83,124.67246369202621
53,84,99.47560001099919
53,85,111.68569195019518
53,86,113.92162958349218
53,87,122.79012258647708
53,88,160.3555781992036
53,89,112.02996626537788
53,90,128.36482221929327
53,91,129.35029855377798
53,92,97.81425446601497
53,93,125.33117295759439
53,94,112.00912411331228
53,95,120.93218995761708
53,96,110.34737072978169
53,97,141.93408979649394
53,98,127.0166085650344
53,99,105.65801968383312
53,100,129.24857588167652
53,101,98.91964423132595
53,102,129.45681681798305
53,103,120.91871165057819
53,104,114.26284468448284
53,105,85.96354514120321
53,106,128.46303612815245
53,107,105.51804800068203
53,108,121.98959484924853
53,109,126.15945153409848
53,110,115.37452378308808
53,111,113.93804091057245
53,112,118.7768886936392
53,113,103.615569572612
53,114,101.24804190085706
53,115,97.73260788857442
53,116,110.10435732237238
53,117,98.33115950316278
53,118,103.83049589410803
53,119,89.62505698833411
53,120,104.56396253203275
53,121,109.54852120745636
53,122,96.62311092873279
53,123,101.08425716197962
53,124,106.12263901261758
53,125,102.55621904250438
53,126,83.22342073223263
53,127,106.40053405510116
53,128,91.9551409800988
53,129,79.79294648871291
53,130,74.06633270798193
53,131,89.45612839150272
53,132,98.44892080460704
53,133,86.03099684031622
53,134,76.85193037286808
53,135,68.911738257666
53,136,92.76131899902248
53,137,60.830456293420866
53,138,90.64776680887735
53,139,76.62508223638724
53,140,78.80498834068567
53,141,78.62792738670396
53,142,84.85477635115967
53,143,71.11136294349853
53,144,109.48484291959903
53,145,73.06715413064376
53,146,66.41260851739935
53,147,93.1298428461887
53,148,94.96441883498483
53,149,65.59402995750861
54,1,167.83938306382333
54,2,150.3281381711713
54,3,195.35731001597742
54,4,169.9448691481375
54,5,162.0343051227319
54,6,160.15598866925575
54,7,170.99640444709803
54,8,169.57168131936487
54,9,159.4548254516194
54,10,160.34498229985184
54,11,175.9873723120254
54,12,184.87063689973002
54,13,155.58297017058794
54,14,168.0204191502853
54,15,161.53517594472214
54,16,178.03261358111195
54,17,180.87637706912938
54,18,168.6372507005217
54,19,186.4615791225733
54,20,187.50576250399172
54,21,176.42775759720826
54,22,166.20775009779754
54,23,159.01020507022622
54,24,165.0009940813179
54,25,173.4551653702074
54,26,169.0447824793373
54,27,173.31710372993984
54,28,160.42152618442924
54,29,168.93175321540184
54,30,169.05353997392376
54,31,165.57462720831245
54,32,174.17788895025296
54,33,181.57770310114574
54,34,148.59019319040817
54,35,191.68985833920306
54,36,136.79117878635589
54,37,166.78372319523623
54,38,172.49979193966283
54,39,149.62971673489665
54,40,176.8398320058186
54,41,165.8119255976344
54,42,187.04573904031713
54,43,157.99389928187884
54,44,170.4829269202164
54,45,143.70743754662544
54,46,173.25723771726916
54,47,185.31106005024776
54,48,151.51379379545688
54,49,135.50511063948943
54,50,162.74977777684398
54,51,159.35831313156086
54,52,151.65005666881189
54,53,192.24627043009968
54,54,144.99257240712177
54,55,172.2979265701506
54,56,183.64738114349893
54,57,158.92605378163717
54,58,167.2478831680055
54,59,158.10953764971055
54,60,160.59214012422308
54,61,156.01905717961927
54,62,156.8264329623562
54,63,168.46210519475426
54,64,190.68175631626218
54,65,166.80418257045676
54,66,137.9598433209103
54,67,150.62395595614362
54,68,164.6988297240241
54,69,150.66044538588903
54,70,127.76919804397767
54,71,161.31781830891123
54,72,136.16564570621267
54,73,157.5380032958783
54,74,152.39745686281822
55,1,133.23217444343754
55,2,99.87264016929839
55,3,128.4437322248632
55,4,147.55325091168925
55,5,132.9292444167222
55,6,144.07096502858622
55,7,144.72239922737936
55,8,119.71059732962749
55,9,126.50817323116644
55,10,127.02121783201437
55,11,139.69598535359546
55,12,148.82702547922963
55,13,130.12931293105794
55,14,141.92012440949475
55,15,126.88948109465855
55,16,132.70374555154558
55,17,125.63264213081857
55,18,146.1554339808863
55,19,118.59608271206525
55,20,158.791994929059
55,21,132.79077824808337
55,22,128.2001507367313
55,23,114.54726548724284
55,24,150.51435975286586
55,25,141.63827277986275
55,26,116.1193621948114
55,27,121.99161187603022
55,28,128.02199233955616
55,29,118.42643405269337
55,30,106.92141228004766
55,31,124.606659858895
55,32,129.34943842020584
55,33,170.26855290638196
55,34,137.17354394948052
55,35,115.4678306607675
55,36,145.62263575000543
55,37,133.8478479458936
55,38,120.90115043278638
55,39,136.52037531835958
55,40,136.70103676466533
55,41,136.19764463358297
55,42,126.03039361580159
55,43,131.31572167803824
55,44,137.79379860135668
55,45,134.52058756368933
55,46,140.78067133830336
55,47,122.22874469279486
55,48,136.80908841062774
55,49,142.71028303867934
55,50,153.70933635188703
55,51,126.1685655638139
55,52,154.2222935567479
55,53,135.44649528025184
55,54,110.13356823260983
55,55,108.78493470277317
55,56,132.88119402303437
55,57,148.727795209139
55,58,133.29570627995417
55,59,141.40575824392727
55,60,141.36005479224696
55,61,113.2700268793269
55,62,108.06279075310886
55,63,134.72440771266702
55,64,129.57956425991142
55,65,121.66060971972911
55,66,115.37834048526565
55,67,127.79697531640704
55,68,126.93603421622538
55,69,117.73053037371574
55,70,121.95994700843585
55,71,137.1768548338805
55,72,124.92666069998086
55,73,106.1827400816328
55,74,110.22056933409476
55,75,115.75958326887485
55,76,107.5973674439083
55,77,126.92035307687183
55,78,136.73057707427506
55,79,102.56905285034736
55,80,121.81341298938787
55,81,151.52862547505356
55,82,114.38262137629499
55,83,112.00177197968151
55,84,120.61067845616344
55,85,144.31693047519366
55,86,129.49476820693235
55,87,113.60689166405064
55,88,146.40149623018806
55,89,133.6215181344378
55,90,137.9077550937218
55,91,110.6334740834136
55,92,87.29630405784701
55,93,126.30999922185583
55,94,106.60983376953664
55,95,105.70987366128975
55,96,103.07324838530621
55,97,118.266031838255
55,98,113.907447891841
55,99,138.70409184198797
55,100,118.62178661957296
55,101,117.28741226963757
55,102,115.69581353602553
55,103,112.23849575052736
55,104,121.17433412129321
55,105,107.10246476935572
55,106,108.53519082094135
55,107,113.87129415281379
55,108,121.21683057525661
55,109,121.16725986405072
55,110,128.7067490129266
55,111,112.104182535586
55,112,118.96140867980284
55,113,123.06730489152687
55,114,97.67590401316556
55,115,122.95169892240665
55,116,92.02531549656123
55,117,99.77117810594063
55,118,109.63479718827875
55,119,88.22681111859856
55,120,120.07207048625423
55,121,106.66446882337914
55,122,110.98480058916175
55,123,125.7980457610538
56,1,202.6459172185423
56,2,208.809750947039
56,3,194.98395809339127
56,4,197.81894407788786
56,5,185.94297062027908
56,6,166.3258232661683
56,7,177.8101677578743
56,8,167.76787963901006
56,9,165.8863562731276
56,10,188.08808548084926
56,11,169.36818337772274
56,12,185.43108489661245
56,13,194.10951904431568
56,14,161.37245168293157
56,15,168.3822762968266
56,16,187.03628224346176
56,17,175.88765001382126
56,18,188.54801770950144
56,19,190.94958745299664
56,20,188.71354359792895
56,21,184.43372820028162
56,22,188.19571561722842
56,23,170.44808502229716
56,24,188.6083550825715
56,25,177.53511181951035
56,26,196.4175815910785
56,27,159.9744907892673
56,28,209.68113357785478
56,29,159.9106764750686
56,30,179.45090396679007
56,31,180.54404360296758
56,32,181.50849757574906
56,33,187.48277918843814
56,34,178.96083257511782
56,35,167.9485295976774
56,36,179.85492570351198
56,37,168.5762225608487
56,38,157.86269654135685
56,39,171.71624245061685
56,40,164.578572658349
56,41,166.98840205258603
56,42,196.22346368916624
56,43,195.68627315183403
56,44,175.18406448563474
56,45,193.5120618694782
56,46,163.1032792705737
56,47,159.107413231206
56,48,210.12954003905907
56,49,196.5161393610615
56,50,185.2691107142964
56,51,156.96773158355063
56,52,171.28362043016386
56,53,183.05500489373662
56,54,195.8570723505618
56,55,174.9290184033307
56,56,176.1778052901136
56,57,166.2639759986996
56,58,172.31800071566977
56,59,186.15116390035837
56,60,152.59605271001783
56,61,187.82465106966993
56,62,154.995997228325
56,63,193.17373709292588
56,64,188.53787688021112
56,65,176.94225305449072
56,66,177.5400618079948
56,67,179.54827762296918
56,68,197.2570317874488
56,69,179.51155773340724
56,70,182.83460080215445
56,71,164.4696486617322
56,72,203.03089299739804
56,73,161.04354107960535
57,1,173.70804584737925
57,2,182.69221663435746
57,3,165.33463528134598
57,4,197.22191682070843
57,5,172.52181036597176
57,6,187.10891992250254
57,7,165.4489356440099
57,8,202.2482212262039
57,9,166.04141253844864
57,10,185.12134788822732
57,11,212.65334662823443
57,12,192.94468324852642
57,13,178.46822332180454
57,14,164.5253295026123
57,15,197.45603323476826
57,16,194.49966387660243
57,17,152.23599780386576
57,18,171.5243842022901
57,19,178.00683483324974
57,20,190.35273463767226
57,21,153.7209578792099
57,22,164.61938838300557
57,23,176.3197369346526
57,24,161.19775019631197
57,25,201.20175310901686
57,26,169.02164810361137
57,27,165.30951424041996
57,28,175.44994412777305
57,29,163.17987736931536
57,30,180.86299195723404
57,31,163.9285548646949
57,32,184.1375726986007
57,33,159.79695544182323
57,34,181.059541041599
57,35,182.15998117352865
57,36,171.35058777398808
57,37,160.59606052804156
57,38,179.79744278903672
57,39,186.81801091350644
57,40,158.90438728895242
57,41,156.11690218463627
57,42,148.84372264392732
57,43,176.85877779790462
57,44,170.10059712834482
57,45,179.9442433788936
57,46,188.98848888185603
57,47,150.46080905925191
57,48,170.01785521995043
57,49,183.26940694689984
57,50,150.65707066270988
57,51,155.9573967711185
57,52,175.79229803780618
57,53,174.6899543594991
57,54,187.36375164622586
57,55,175.45642473537737
57,56,187.86118990254909
57,57,155.46658653503255
57,58,174.5769942808838
57,59,179.30993705666333
57,60,166.77154299748508
57,61,152.902181291538
57,62,168.544140359445
57,63,165.1131882247064
57,64,171.36747384450427
57,65,192.43368130411545
57,66,168.8485496093199
57,67,203.53257430128724
57,68,158.34838042312185
57,69,173.19615670751227
57,70,138.21447827511292
57,71,171.53440540654992
57,72,152.28933054520894
57,73,127.38031446319656
57,74,174.91242297237477
57,75,150.6628422881622
57,76,177.36077558482793
58,1,133.6803876523336
58,2,143.0566856238438
58,3,138.22009801997046
58,4,116.61457017467183
58,5,140.02469109438243
58,6,153.16448195214616
58,7,116.77882571947703
58,8,128.05165318756917
58,9,155.68555278353597
58,10,121.35785384030169
58,11,135.58164047157334
58,12,120.27335344728635
58,13,123.01383811475534
58,14,113.74558577083371
58,15,153.02303235600266
58,16,127.09634478272346
58,17,146.97334690029675
58,18,150.1411714564456
58,19,134.70104431195796
58,20,143.21329609383247
58,21,114.18696348994126
58,22,122.7047078195028
58,23,134.24947770043946
58,24,116.74524642511824
58,25,140.04375403904123
58,26,129.71477058533492
58,27,139.75931909678184
58,28,131.79229486524855
58,29,131.2380507503549
58,30,133.5183584367187
58,31,106.86651903099118
58,32,108.36917306568648
58,33,126.0892558382111
58,34,131.94845973877818
58,35,130.82388847944094
58,36,109.16910332017869
58,37,134.28036751953914
58,38,111.6977267684124
58,39,136.39065242846846
58,40,112.2740199583568
58,41,129.13235854325467
58,42,131.39408144963818
58,43,127.89942050950049
58,44,124.74892334918695
58,45,127.29798569811828
58,46,103.08161470687628
58,47,118.08161817642394
58,48,128.83913690745248
58,49,135.510037824577
58,50,127.5195235132851
58,51,118.71075140608446
58,52,123.8107879984891
58,53,105.81857367376506
58,54,129.07152250775107
58,55,133.748178875132
58,56,133.34477012440766
58,57,124.8837744067423
58,58,103.4619139133356
58,59,143.8967821893748
58,60,113.21781627621385
58,61,116.68100390564359
58,62,125.01100024420884
58,63,151.4524461593901
58,64,118.7577661717587
58,65,126.68757094252214
58,66,113.829884252591
58,67,133.79323849776847
58,68,133.35065296341782
58,69,115.97211095289094
58,70,125.84815387654089
58,71,130.58287647371617
58,72,122.63608063817082
58,73,125.8623267602452
58,74,144.99206935726397
58,75,132.42984248664288
58,76,132.65206156901695
58,77,112.74888935813215
58,78,104.77860665780463
58,79,98.1135254035762
58,80,112.98739895377366
58,81,136.34011868156813
58,82,124.01807152512629
58,83,144.09758814935049
58,84,127.42593162010598
58,85,96.6899985018099
58,86,119.10594835736265
58,87,121.78620605389733
58,88,109.4126998543652
58,89,127.95915369974682
58,90,117.84931241394952
58,91,119.00886678527604
58,92,118.68895210127084
58,93,130.91249448923918
58,94,128.84750119478122
58,95,128.192238932068
58,96,118.82726294536405
58,97,111.87439731843915
58,98,136.10176647395565
58,99,108.88978734875127
58,100,114.72054789093818
58,101,118.56223294661322
58,102,115.46490332622488
58,103,117.45006648606795
58,104,135.74859151888086
58,105,139.74422412691638
58,106,98.81422454869607
58,107,123.43925331953506
58,108,120.53798553280649
58,109,122.43010571666673
58,110,105.57979642540886
58,111,104.81449237220659
58,112,115.04514533567999
58,113,120.31926265056973
58,114,121.34024411035352
58,115,112.73046205213177
58,116,108.3477136022484
58,117,106.75441023034364
58,118,104.97890189999453
58,119,89.37852769478923
58,120,110.24672434316744
58,121,104.63169243872835
58,122,100.92868458465091
58,123,112.16018104937393
58,124,94.41481856456812
58,125,113.70793291188602
58,126,106.34195797981374
58,127,109.24213327261532
58,128,90.72767585594556
58,129,105.8775671532203
58,130,109.27205873819184
58,131,78.56455980005558
58,132,107.48251858111325
58,133,101.78339285368565
58,134,107.5927524219951
58,135,119.34354051180708
58,136,90.25104627037217
58,137,115.07523697190481
58,138,84.70645972355123
58,139,84.62512517652067
58,140,104.55895282493293
58,141,111.67560248689551
58,142,113.50380087382655
58,143,114.82757605486404
58,144,102.64953903692367
58,145,99.82373216201813
58,146,97.6309590454839
58,147,115.87785301201075
58,148,112.19877251415892
58,149,109.30104639921046
58,150,120.0337080036843
58,151,91.98503184692527
58,152,86.47811421445658
58,153,111.7961490527523
58,154,90.38614016623615
58,155,100.87281194684329
58,156,108.2354700283322
58,157,82.69751462864224
58,158,80.56332837381342
58,159,79.22218986293592
58,160,107.94311852491228
58,161,90.90023991110502
58,162,109.93343687720335
58,163,83.71135635682003
58,164,88.99829987718113
58,165,101.0443474509375
58,166,79.24685521800711
58,167,99.96250059064187
58,168,102.04491735762713
58,169,84.62895363610005
58,170,90.02203055677091
58,171,114.52085808566335
58,172,79.78939949722553
58,173,90.29147541982093
58,174,103.42890191651531
58,175,103.83997857358918
58,176,76.32393480620522
58,177,83.82641216881893
58,178,81.43283838153002
58,179,100.77150666061061
58,180,68.69856412654917
58,181,90.63378287826345
58,182,85.60460408743529
58,183,86.17782720825198
58,184,70.6243560781295
58,185,74.84776880245772
58,186,77.20542643810768
58,187,103.58572408296459
58,188,85.07621443756216
58,189,67.0045158780631
58,190,90.67444849360618
58,191,101.92447735727183
58,192,74.32775863067945
58,193,78.32016887063946
58,194,58.880392071012466
58,195,89.13160050356237
58,196,70.79909064286039
58,197,68.34160477240948
58,198,59.473667320598906
58,199,55.07521793502383
58,200,44.005232320363575
58,201,79.15382617398427
58,202,56.016886151148356
58,203,87.21399234273122
58,204,62.59909396574221
58,205,65.17938716003846
58,206,66.94162965237774
58,207,48.69173592283187
58,208,65.09796345388168
58,209,57.963976235514565
58,210,49.64934247697238
58,211,39.3648720430574
58,212,27.04688245887519
58,213,42.025655683835794
58,214,61.28992410556384
58,215,36.77384306923341
58,216,45.99848179075343
58,217,26.253872137578583
58,218,56.81948863495563
58,219,56.60943586362555
58,220,69.9308983789233
58,221,48.38879023526533
58,222,40.92904073857062
58,223,36.019073667579505
58,224,34.044874866871396
58,225,10.75694048931473
58,226,68.68987266335898
58,227,34.03763724860619
58,228,26.996519575397542
58,229,21.195010708790505
58,230,61.44505676173867
58,231,17.70606812908227
58,232,36.15175812977395
58,233,23.66867535226629
58,234,21.52244921284
58,235,17.429446272959467
58,236,36.466379345532914
58,237,42.28066057518299
58,238,37.58264215806412
58,239,50.522606571918004
58,240,30.048284841817804
58,241,-1.3203096936485963
58,242,29.927406943199458
58,243,32.19771884565853
58,244,16.577715824969346
58,245,15.3692855858244
58,246,16.089546839684772
58,247,6.251909001759486
59,1,122.20388493363134
59,2,153.83435001468752
59,3,159.58486963369796
59,4,114.14603261459706
59,5,149.56750270967314
59,6,120.33817173473653
59,7,138.50641154240293
59,8,143.19815376464248
59,9,126.51465441464097
59,10,127.19612772333494
59,11,140.80608721142198
59,12,157.9958403087585
59,13,125.30982475342898
59,14,157.3067020716917
59,15,128.3840369803729
59,16,123.47093693511124
59,17,129.15223668980616
59,18,139.02273634588346
59,19,135.41376436342398
59,20,150.23860149605025
59,21,138.59594765502698
59,22,121.14444849424035
60,1,168.9944394767881
60,2,156.8586193441588
60,3,142.4853849673018
60,4,151.28059951605974
60,5,124.66594306642946
60,6,163.41367980637733
60,7,175.3381425471307
60,8,125.06960800069646
60,9,166.2432434118018
60,10,156.13891271463945
60,11,153.3457873366351
60,12,138.13712410078733
60,13,139.96890708042338
60,14,167.97563607371558
60,15,157.41793159873487
60,16,153.65552276605013
60,17,146.57385828536644
60,18,164.34513554229488
60,19,154.47165449633758
60,20,148.29440511215216
60,21,150.9619565833491
60,22,168.2046808328305
60,23,166.86812003109662
60,24,171.53613658051472
60,25,125.45927377109183
60,26,142.02094207263872
60,27,151.42518224634114
60,28,159.05413354950724
60,29,151.90999071875558
60,30,147.1394870736549
60,31,150.76990530666808
60,32,167.0749272942121
60,33,157.0132450648889
60,34,138.54258897697582
60,35,147.5641127590643
60,36,154.9083157694913
60,37,155.25729726167629
60,38,138.08549532427423
60,39,158.59521460245014
60,40,139.56833926238323
60,41,141.61028217535932
60,42,151.925811388719
60,43,137.58844346407568
60,44,157.9894571183395
60,45,151.3174506634823
60,46,165.626044406672
60,47,146.80845405837317
60,48,159.22938999487087
60,49,126.63686032461555
60,50,143.83080488794803
60,51,130.74520454883168
60,52,156.6223950517233
60,53,141.62658385496616
60,54,152.13847203888872
60,55,121.5492051174806
60,56,125.63113931076805
60,57,137.5349974102137
60,58,149.47212998902978
60,59,143.76025646751077
60,60,150.2682914971083
60,61,156.4527772050642
60,62,153.99489716326934
60,63,162.88439138570538
60,64,163.19757480632688
60,65,147.46612428272783
60,66,129.55273729684995
60,67,146.37237962347717
60,68,150.18885549090191
60,69,142.36411122642312
60,70,160.4713958530483
60,71,153.32617706136807
60,72,138.09422291594092
60,73,140.24794110107177
60,74,144.18547545744514
60,75,142.46789388948673
60,76,153.11105139161373
60,77,160.38231679770252
60,78,146.91382712896302
60,79,152.69138814060716
60,80,148.3845982003113
60,81,131.08344713724364
60,82,140.43552010266285
60,83,108.38873983889789
60,84,166.1499161417014
60,85,120.35734135238454
60,86,130.8279875522494
60,87,146.2594844484047
60,88,127.89931911202439
60,89,169.197418608288
60,90,142.7868135158933
60,91,153.5997696868726
60,92,152.4937730651436
60,93,133.43873160031944
60,94,117.60441554270074
60,95,128.78656730474177
60,96,148.0504552265338
60,97,116.41259809529583
60,98,128.90125587072544
60,99,141.64026581570215
60,100,127.60561839232105
60,101,123.3154526784856
60,102,141.59811629772594
60,103,131.1062524497247
60,104,119.70699815561966
60,105,144.56692369288794
60,106,125.24151058013376
60,107,129.69102780971298
60,108,113.43613670363266
60,109,106.83371195468499
60,110,142.0896749013773
60,111,133.81839930169372
60,112,99.25621629026864
60,113,117.39174661971629
60,114,136.94917843052826
60,115,113.76383962260297
60,116,133.26258610414516
60,117,123.6884642598452
60,118,134.42785765328154
60,119,120.74689040713565
60,120,123.60574917789927
60,121,111.1624949547404
60,122,99.86804321428644
60,123,105.75654069425946
60,124,135.02137167929322
60,125,115.46906538249459
60,126,126.64477735135733
60,127,117.74598935042741
60,128,130.14507698523812
60,129,109.4736187782546
60,130,98.44341415250528
60,131,130.24211263465259
60,132,99.92855994720594
60,133,124.45045391024178
60,134,110.73911635176046
60,135,107.81668478984648
60,136,109.63565162547457
60,137,131.99486186131253
60,138,113.73338566646999
60,139,107.77199030133488
60,140,101.46392056571494
60,141,111.3089773569809
60,142,103.53936514614179
60,143,122.68093173917441
60,144,93.87995336957101
61,1,127.64159621793078
61,2,126.88569258155621
61,3,128.54775123750733
61,4,130.40914439877815
61,5,133.55987367207854
61,6,127.42778411143081
61,7,126.07676651406655
61,8,142.6882513500168
61,9,140.69546653770522
61,10,118.71408291865373
61,11,148.8489255804452
61,12,125.43102344849467
61,13,118.61650801984797
61,14,141.74368579009024
61,15,121.83781883147458
61,16,146.28384014719632
61,17,142.7077202464643
61,18,136.2123118504387
61,19,138.63286693285772
61,20,126.7054034018729
61,21,167.19378478490398
61,22,154.63637232346082
61,23,124.6815122103435
61,24,117.2074177821487
61,25,132.9840884217192
61,26,142.84093048267823
61,27,124.55589885978407
61,28,137.97931630088715
61,29,165.9085507860873
61,30,138.1570458815404
61,31,149.11930324947025
61,32,117.8867776860643
61,33,128.20356795014231
61,34,124.44052842124802
61,35,142.0864321927802
61,36,122.35927029452432
61,37,146.3781230290042
61,38,133.69441279641615
61,39,119.99674042938568
61,40,165.98215901466756
61,41,146.2016657319473
61,42,148.58925608947902
61,43,127.34704997789231
61,44,127.98106230940903
61,45,108.0683740152308
61,46,103.9221253762953
61,47,135.3152492067311
61,48,140.49267590019008
61,49,126.40130029377178
61,50,123.64093119095196
61,51,146.37859726313764
61,52,142.09909165112185
61,53,124.77748645682004
61,54,135.8692563499353
61,55,141.7892912135503
61,56,117.78677087570395
61,57,111.20483454132045
61,58,139.04701174571528
61,59,126.45914903208904
61,60,132.38395156915794
61,61,116.77445628226269
61,62,122.2567435554447
61,63,120.809151473557
61,64,109.20782245461305
61,65,93.72607931074162
61,66,116.52298828067433
61,67,139.68220269627636
61,68,160.1071452765973
61,69,111.34312464157847
61,70,112.1559834710497
62,1,169.61263305857574
62,2,163.17657800600864
62,3,140.6784562349494
62,4,135.67864115344855
62,5,155.50567507514643
62,6,154.9268478426893
62,7,129.1373662374972
62,8,146.71644786449178
62,9,140.76635882923438
62,10,149.06026701260998
62,11,178.28511003946187
62,12,142.7213896211615
62,13,162.0076845319927
62,14,157.62890617426456
62,15,135.91610067039437
62,16,123.31400159608893
62,17,159.20102584720735
62,18,132.0168883721708
62,19,154.20963594956993
62,20,134.66587342238927
62,21,148.48270385507203
62,22,131.29088470590796
62,23,154.18032291436248
62,24,150.18066242153145
62,25,139.16923285406665
62,26,142.60636216474813
62,27,157.2876324081226
62,28,130.62612297415035
62,29,145.9404479040677
62,30,163.22133048473916
62,31,142.0845724874016
62,32,131.59356502652372
62,33,135.78237512423948
62,34,113.99464685860585
62,35,135.79909125759877
62,36,152.69337045607244
62,37,131.71038394882635
62,38,155.40077094919252
62,39,132.8802706058268
62,40,133.8732183666143
62,41,126.55259737715824
62,42,141.4887475320138
62,43,139.58760556378547
62,44,129.48707538413873
62,45,111.33660611840605
62,46,132.97077223670203
62,47,146.58913472223503
62,48,163.35983963886247
62,49,130.69520522456878
62,50,141.28561263535084
62,51,133.36937828840746
62,52,122.17909723814228
62,53,154.89976511590066
62,54,125.68709381444205
62,55,125.76120566044119
62,56,152.00378701494628
62,57,151.8893943824878
62,58,106.07158435837482
62,59,152.3024836875411
62,60,138.5328520608091
62,61,156.54640962982376
62,62,114.79949623854918
62,63,148.22125294677244
62,64,164.64510806946782
62,65,119.29696241035708
62,66,138.36740507864306
62,67,129.65201748309482
62,68,134.11348054496193
62,69,137.360382596009
62,70,114.03018960198096
62,71,123.1443991202832
62,72,136.80217573478149
62,73,139.17404823844845
62,74,123.9551004811292
62,75,114.59786760703719
62,76,130.41903038449527
62,77,113.20255672655185
62,78,137.7734160506443
62,79,154.01244936136936
62,80,116.89461557318282
62,81,163.70963987094729
62,82,133.5867721727118
62,83,139.43482024047262
62,84,125.28439214047103
62,85,149.75159135124704
62,86,127.84278415450535
62,87,138.09462361454644
62,88,119.06452687948331
62,89,135.01196874947345
62,90,116.61265863232984
62,91,114.54942761501297
62,92,144.3319590212268
62,93,117.81839928355475
62,94,118.87300941826834
62,95,126.65202514354314
62,96,113.93192833400099
62,97,131.2048895521657
62,98,100.09353947341879
62,99,125.46390996168338
62,100,140.0923312874511
62,101,118.36233015998005
62,102,134.08122407025076
62,103,104.91333368637424
62,104,134.9281172658666
62,105,105.1315482018108
62,106,121.93171414510289
62,107,124.21048189257999
62,108,125.108824321047
62,109,142.49932451125642
62,110,122.42971081490396
62,111,114.44195446925005
62,112,130.66943003438064
62,113,117.01204803647124
62,114,123.55112460549572
62,115,121.84257607310428
62,116,121.2506638787454
62,117,131.0981834303675
62,118,116.63868241278396
62,119,126.86858014782774
62,120,120.68648334448517
62,121,118.70978939803172
62,122,122.96684625829221
62,123,130.73792878370296
62,124,120.05596725265059
62,125,129.53535413485224
62,126,100.16222706722328
62,127,115.59486703416042
62,128,121.60016633146734
62,129,137.16417892690515
62,130,117.4441819920321
62,131,114.76522902370198
62,132,108.28378788381087
62,133,127.58943402868317
62,134,129.7457355845836
62,135,115.36561338737374
62,136,111.93863714607869
62,137,111.22150059103296
62,138,128.17565289208142
62,139,109.27661352142604
62,140,131.2075967148412
62,141,112.19593174982583
62,142,100.86552073357598
62,143,118.40074341144646
62,144,96.10315640798945
62,145,116.97366388449154
62,146,85.14878051447886
62,147,107.77974410310708
62,148,98.93393840379576
62,149,102.2383627207746
62,150,126.46535065842909
62,151,89.15187174393941
62,152,107.96851334574603
62,153,99.30401090782107
62,154,110.16980488326953
62,155,97.17785760461265
62,156,101.68872417736566
62,157,84.399645578138
62,158,85.00715863494406
62,159,108.09906411332486
62,160,103.51676458904694
62,161,106.2893586831633
62,162,92.73904548689461
62,163,101.46948308098945
62,164,78.52937937092793
62,165,89.53016654561361
62,166,90.48927403746347
62,167,88.45409237289277
62,168,98.40501995275554
62,169,87.66321989704738
62,170,56.94950026683364
62,171,90.59014538768679
62,172,76.611745311282
62,173,102.56994868013862
62,174,87.14398311261175
62,175,81.77789920041687
62,176,72.25055408640765
62,177,80.0878398834393
62,178,80.12914023872145
62,179,89.88938169669564
62,180,94.12519841339235
62,181,70.80932456408482
62,182,73.57007260407408
62,183,68.55802974088147
62,184,64.38258205509192
62,185,67.63032342085353
62,186,77.47434369833354
62,187,72.17476462530612
62,188,72.74232508486602
62,189,69.08527014588617
62,190,61.714155281344574
62,191,74.12360860269837
62,192,45.32668666459358
62,193,74.9946628222242
62,194,45.09286111902475
62,195,68.10246049686248
62,196,36.40094486025919
62,197,46.49983372781571
62,198,61.1204818281185
62,199,41.62609420967783
62,200,69.44084737182129
62,201,38.80495824140962
62,202,55.038743906712625
62,203,33.401592099820846
62,204,45.8706949795378
62,205,48.90855677231593
63,1,159.24364542237163
63,2,184.5191353469636
63,3,195.30081534748751
63,4,165.04149681552371
63,5,178.1530555198915
63,6,190.23892440648342
63,7,145.9201853658742
63,8,198.69495581142837
63,9,175.55270298547111
63,10,164.08775490371045
63,11,173.5549206499054
63,12,171.82095129926165
63,13,154.38380991831946
63,14,152.63290074979886
63,15,147.90283158442617
63,16,151.48249233067327
63,17,137.68042879181303
63,18,188.63245093406294
63,19,161.63519711150002
63,20,173.53981558435044
63,21,163.76129104490974
63,22,156.44813147203968
63,23,202.73864918543404
63,24,175.07196862802812
63,25,178.73950350149244
63,26,162.98500037417398
63,27,168.7681001038727
63,28,150.3173096785613
63,29,163.97036208984355
63,30,168.5127540256508
63,31,194.31577031443157
63,32,155.87256694681855
63,33,156.68423825327045
63,34,157.83716889065545
63,35,152.76742488334276
63,36,178.76970787575556
63,37,178.78080611031328
63,38,171.29689029263682
63,39,174.43348611848342
63,40,184.2096091177882
63,41,168.54496259162988
63,42,172.82118588078447
63,43,164.68937451853708
63,44,195.92088061227696
63,45,153.38943996688613
63,46,184.46930695409537
63,47,157.92335213092883
63,48,152.19439933927788
63,49,161.94366806374455
63,50,176.8855502981387
63,51,149.0951461217046
63,52,138.41037132879137
63,53,156.53736652774387
63,54,172.8475633927519
63,55,148.90471014973446
63,56,157.31456928636908
63,57,161.0100917268137
63,58,188.41384223835485
63,59,167.9460676916642
63,60,158.27421996709745
63,61,179.89482718602085
63,62,154.1601287916128
63,63,194.02988523394015
63,64,144.46924054817646
63,65,180.74257028281863
63,66,158.1331330707908
63,67,143.27256475706963
63,68,174.4547894883799
63,69,146.01349507232953
63,70,168.48310781762848
63,71,156.87527030454658
63,72,188.53828893821628
63,73,140.9000009424053
63,74,141.55281295000896
63,75,180.8617588038469
63,76,154.59821928197925
63,77,144.51687481180852
63,78,149.27958109113388
63,79,154.11949604089023
63,80,143.6656228182619
63,81,136.84415855890984
63,82,145.31130139318702
63,83,141.99438575111708
63,84,152.44848378266033
63,85,151.60282921095495
63,86,127.98600361829449
63,87,159.49393043328018
63,88,136.337764252341
63,89,158.58501783590327
63,90,144.37839157319104
63,91,167.05756152566028
63,92,158.80484114929277
63,93,156.62455537192
63,94,148.89258496412367
63,95,148.46851473138668
63,96,176.81270491579198
63,97,105.26864655831014
63,98,142.39419976533827
63,99,146.57851384649257
63,100,128.0503713044236
63,101,125.82678008682706
63,102,143.05282296284713
63,103,160.38921822306293
63,104,153.6408333891377
63,105,143.12170473074366
63,106,144.4751177950384
63,107,134.2689124805329
63,108,157.43745973669866
63,109,156.44666473695543
63,110,149.7774000296631
63,111,121.33982014072535
63,112,144.2006181721663
63,113,126.7951991165537
63,114,131.42915821010683
63,115,135.29527692387637
63,116,153.63481107786356
63,117,164.06579704090836
63,118,147.10352214897284
63,119,140.54923101403256
63,120,131.81502830688987
63,121,150.06769340158644
63,122,169.788806423785
63,123,129.07616076800332
63,124,121.77375604838016
63,125,117.56998662694969
63,126,118.24532807532523
63,127,118.01136849875184
63,128,154.43878605267673
63,129,130.86198448686628
63,130,104.59148326137802
63,131,123.12744222929905
63,132,120.12688145747961
63,133,122.83341611116339
63,134,109.20549896688317
63,135,138.16473318019416
63,136,113.9420426494762
63,137,124.2422713875203
63,138,98.73061827666243
63,139,134.61883094655786
63,140,104.33585419133306
63,141,125.38131707407592
63,142,141.42425104333233
63,143,111.34792054392892
63,144,129.96356578597624
63,145,110.59839068260771
63,146,119.1118655991013
63,147,111.40536814865482
63,148,96.37878711889061
63,149,108.13765146297374
63,150,114.45791535970056
63,151,99.88217686889402
63,152,116.13639554900874
63,153,114.33777652846766
63,154,99.18791852238064
63,155,115.43054577813018
63,156,133.1931084451062
63,157,96.02359068561054
63,158,91.86181085773569
63,159,91.07292324901209
63,160,105.50013694168592
63,161,94.07551221817266
63,162,93.88747819673154
63,163,108.56847885182651
63,164,82.91034454885812
63,165,78.55139989461895
63,166,94.90376139622094
63,167,79.60746445554832
63,168,85.09955517415074
63,169,93.96674394908769
63,170,75.81216325399146
63,171,74.22516248046304
63,172,95.8762372274723
63,173,78.88016981215333
63,174,73.69295226278336
64,1,135.40610934724828
64,2,127.68262759046047
64,3,141.7781584435943
64,4,125.61833211607154
64,5,127.4987248157704
64,6,126.63118816245697
64,7,151.84486255802767
64,8,117.34551566506707
64,9,128.87909014909383
64,10,128.31401002498023
64,11,126.46663190891559
64,12,131.6525406340952
64,13,140.55654336298176
64,14,132.33889883621305
64,15,127.40625935301068
64,16,137.1239851837381
64,17,143.3235488299615
64,18,143.01190371202392
64,19,151.54413107600703
64,20,140.72331355499773
64,21,129.47529607475008
64,22,148.28420891402493
64,23,132.63911854321486
64,24,112.42116954303492
64,25,138.96560118430352
64,26,129.57807756872353
64,27,111.25998439351679
64,28,150.12610152718844
64,29,144.958758589848
64,30,124.55892890708492
64,31,132.4299578403734
64,32,152.50694111405028
64,33,105.51034744062781
64,34,140.6309642884953
64,35,116.25819401431363
64,36,121.55804795108997
64,37,118.4311896049112
64,38,121.77293793766148
64,39,140.33583250326046
64,40,148.22313442907034
64,41,131.90261308971094
64,42,139.67441616623546
64,43,116.76662329203828
64,44,146.18905129541963
64,45,108.65036590943782
64,46,137.8284843452493
64,47,128.8828018169297
64,48,134.40676237110893
64,49,130.70228260572912
64,50,129.61823865749466
64,51,133.90061345897993
64,52,134.75028834481782
64,53,151.00030946543848
64,54,105.28586723739136
64,55,133.79159481802344
64,56,127.32858947386558
64,57,114.38791920470248
64,58,157.9883336300045
64,59,132.25352359362296
64,60,139.20197273636586
64,61,139.55881891468016
64,62,120.23669202545716
64,63,142.28822680151643
64,64,132.20306031496875
64,65,107.90418171499914
64,66,107.80724119133811
64,67,123.03647637685935
64,68,134.156850067302
64,69,119.79762802116602
64,70,108.29937962217082
64,71,136.45474784653197
64,72,113.10540999231307
64,73,138.4218691769711
64,74,133.1744667961102
64,75,128.5351847573038
64,76,126.23454648980987
64,77,131.76128590686858
64,78,120.28505900606251
64,79,119.56932661122119
64,80,134.5878572540314
64,81,128.34735197745613
64,82,118.90581967805338
64,83,132.8845687164794
64,84,153.5453931858865
64,85,114.40662480665196
64,86,143.97954407756333
64,87,129.09999164933106
64,88,100.77502647426445
64,89,124.73041568739427
64,90,121.8296379033709
64,91,135.39363042071636
64,92,122.87414911713131
64,93,113.7171407494825
64,94,112.7543222708191
64,95,143.9343450394299
64,96,126.40159650939313
64,97,103.93307397785247
64,98,127.93536438982846
64,99,125.29116038989014
64,100,120.73990503971436
64,101,130.12779661500826
64,102,111.77921862638323
64,103,126.58390340608457
64,104,92.56308450923098
64,105,125.70945637215482
64,106,117.6579807836606
64,107,115.35792324133945
64,108,111.39150770125707
64,109,127.1715423253554
64,110,147.62118706425827
64,111,118.04287135843333
64,112,139.64750602155254
64,113,99.63099077047082
64,114,121.00498011594027
64,115,133.74679286752507
64,116,96.0368046631047
64,117,83.8388484702009
64,118,108.62257637212315
64,119,109.73816765937227
64,120,120.06066492386162
64,121,103.7992173005623
64,122,111.08494827802497
64,123,97.50853798739263
64,124,108.53204529781942
64,125,92.79624863179924
64,126,95.92681054135755
64,127,106.22527006758901
64,128,123.31552759536862
64,129,115.29788277165062
64,130,93.45849982245272
64,131,106.9324002511421
64,132,105.56622636690008
64,133,107.55288202589145
64,134,118.63537378003821
64,135,115.12102695833892
64,136,109.46960628959641
64,137,100.96399033625494
64,138,81.53006900881155
64,139,107.19857080505608
64,140,103.83949728909647
64,141,108.7216437603638
64,142,104.15346532357944
64,143,110.19081989301048
64,144,114.0355589921528
64,145,80.97850655137154
64,146,90.07730339097179
64,147,85.24956642749021
64,148,115.40768274498987
64,149,83.17456335226598
64,150,87.92899849915557
64,151,104.01767422981357
64,152,100.29202214094403
64,153,73.44513016417477
64,154,71.63273536967608
64,155,95.63426296359103
64,156,99.11522533256357
64,157,93.13623211364029
64,158,90.22930834639556
64,159,82.35182598208485
64,160,86.12138580575993
64,161,92.66895448119612
64,162,83.0758088381408
64,163,70.63575247796689
64,164,78.56742297120218
64,165,86.97953271115693
64,166,81.23440848813334
64,167,52.09380213455006
64,168,82.53197691070818
64,169,45.18389594290784
64,170,70.85746348378598
64,171,84.4637589746344
64,172,86.74053330464812
64,173,82.78144711210916
64,174,101.8659806331707
64,175,81.04413225365715
64,176,67.12599122637766
64,177,75.74411974480608
64,178,74.3273122685132
64,179,88.68507548952039
64,180,84.67121972163295
64,181,57.9023786624748
64,182,80.6317441919382
64,183,72.46187328366796
64,184,55.1103464475018
64,185,87.61615036283911
64,186,76.66328738185257
64,187,89.47901940380689
64,188,70.12971201812616
64,189,61.116707229666645
64,190,71.04920531293465
64,191,66.26144201679926
64,192,61.92771627969341
64,193,63.007121790717065
64,194,61.91617489938653
64,195,46.540428178952425
64,196,80.62947030974465
64,197,63.912217805875116
64,198,60.78879538846377
64,199,55.28604897251353
64,200,62.80964086946187
64,201,43.6109189163617
64,202,46.58807464255369
64,203,42.43080234950685
64,204,42.664458168419515
64,205,63.58215762546024
64,206,46.93985664549109
64,207,25.159767845798342
64,208,45.2090111765865
64,209,39.315249893130385
64,210,37.816746614378644
64,211,60.30841274681006
64,212,22.7554436058781
64,213,55.997419766041276
64,214,44.838344814001175
64,215,19.832817558315583
64,216,9.274588080465037
64,217,33.2638691346292
64,218,13.839669531196705
64,219,30.617567981207685
64,220,37.610302625333134
64,221,36.11042953181459
64,222,10.048565261240583
64,223,48.617554250005924
64,224,2.8169372873962857
64,225,21.474829310514906
64,226,27.824575375692802
64,227,24.044344914334943
64,228,15.174376675367967
64,229,8.294283776114753
64,230,33.76959811910638
64,231,17.42161557450163
64,232,7.018617523601279
64,233,-17.513170964011806
65,1,173.0859953351901
65,2,152.95662929920945
65,3,159.520092231156
65,4,169.33085648188717
65,5,179.5511824673813
65,6,173.604772078339
65,7,161.85341865832015
65,8,160.0568676697003
65,9,161.2801357788121
65,10,159.9116254915425
65,11,174.0496159174436
65,12,154.78372347370896
65,13,152.65257271736482
65,14,169.67618584665615
65,15,193.33995923498878
65,16,167.52878057532507
65,17,139.70788328257913
65,18,162.91629453458154
65,19,189.798929477176
65,20,152.1070503196679
65,21,143.2122877757065
65,22,154.21568864065193
65,23,142.3882019573648
65,24,149.81897266823216
65,25,158.03503256241675
65,26,173.08508158196491
65,27,164.64277417500125
65,28,168.42894944942236
65,29,160.15993279591203
65,30,167.7012320435897
65,31,159.42676903162646
65,32,167.19693809359887
65,33,188.18726637322106
65,34,160.01011605807435
65,35,180.0470204335943
65,36,171.982980019784
65,37,168.1356655275231
65,38,135.89492757566768
65,39,163.43755101372517
65,40,162.3475692146967
65,41,154.9888939630182
65,42,160.16654969365482
65,43,154.01856150865206
65,44,144.71048875118868
65,45,135.0304202469997
65,46,152.73836380535067
65,47,166.6914541346123
65,48,152.0458610075366
65,49,155.38732457120932
65,50,185.40235408437002
65,51,167.52357792775
65,52,175.32204986931174
65,53,172.63184977897618
65,54,171.78288549680292
65,55,140.49069130090356
65,56,168.8980517912496
65,57,168.02056940425973
65,58,171.9281233868678
65,59,185.2562728825942
65,60,171.39425283583114
65,61,161.261487353564
65,62,169.25462700939534
65,63,176.39300053860643
65,64,169.66415953653632
65,65,155.9568358137185
65,66,158.8325710966892
65,67,179.37361449658056
65,68,140.56461109994416
65,69,167.67290915765625
65,70,147.21547294907214
65,71,165.4747369410834
65,72,177.0798173360672
65,73,155.4948608958366
65,74,123.69173186879925
65,75,158.40739792730892
65,76,165.71328858609922
65,77,161.5099127792273
65,78,151.01200347967097
65,79,162.29358811854036
65,80,157.54085259049316
65,81,155.81355244383303
65,82,171.32159115011018
65,83,143.0150835665554
65,84,154.74474005016964
65,85,132.468652378142
65,86,170.10157999255898
65,87,151.46237969822687
65,88,160.60494805732742
65,89,154.18244884634623
65,90,178.6749293734465
65,91,159.54085295861296
65,92,172.18384708134545
65,93,148.15991726233915
65,94,137.92293209098716
65,95,163.2589676994903
65,96,162.640977629002
65,97,143.38525245131314
65,98,146.13963850947766
65,99,152.41596457061678
65,100,159.09261534117104
65,101,143.0374887657672
65,102,170.9504194911715
65,103,150.32234954691376
65,104,170.4863713841769
65,105,164.53632958853268
65,106,155.15948938310703
65,107,139.61630265357235
65,108,168.8780056163596
65,109,169.6755949654107
65,110,161.430282113055
65,111,143.735433513335
65,112,136.47147038597177
65,113,168.17134967588936
65,114,145.87181658243207
65,115,142.50112348533003
65,116,167.2311122974279
65,117,131.71721454423823
65,118,148.04388895017473
65,119,164.8921606519798
65,120,156.28603295770154
65,121,118.4146395571006
65,122,146.33499875836424
65,123,159.3355023661643
65,124,141.83407437532878
65,125,165.4647122339884
65,126,158.8111014408787
65,127,153.58980269517633
65,128,158.5392169583647
65,129,153.46954294035095
65,130,133.13954682302574
65,131,147.25290621402382
65,132,159.4528238513376
65,133,184.97365282482497
65,134,150.2035122599773
65,135,175.7473199359447
65,136,140.97062395986723
65,137,139.63405048326968
65,138,157.57879843515548
65,139,152.04336730036448
65,140,155.7914412760074
65,141,147.07777955675556
65,142,166.26032343206316
65,143,141.5282868462673
65,144,172.05039025614678
65,145,159.71300600530958
65,146,149.5076942329688
65,147,169.80270630798623
65,148,158.70193316224322
65,149,134.95576538410387
65,150,142.00296354111197
65,151,150.62385109187016
65,152,169.0468394391428
65,153,130.68739114508935
65,154,134.05085382641846
65,155,138.91745594538952
65,156,172.67232861344382
65,157,135.08902035340725
65,158,155.0950345486126
65,159,154.4511492619422
65,160,159.8828155971787
65,161,166.68780503005837
65,162,151.14420833118493
65,163,125.88384833974851
65,164,164.65505295702314
65,165,162.11068627586792
65,166,164.86591000704357
65,167,140.8939897603559
65,168,156.12833729814884
65,169,121.81047199480963
65,170,147.42173772690876
65,171,131.05118550411862
65,172,148.14106721845747
65,173,122.06590922248142
65,174,151.6267094798386
65,175,164.0326240131617
65,176,124.71289543707098
65,177,152.6027091504002
65,178,156.88245208335138
65,179,141.94074604284106
65,180,146.6778599470781
65,181,154.24732664296607
65,182,134.80959715723293
65,183,145.25711701305408
65,184,142.61101809200045
65,185,138.82517394820752
65,186,122.03362291598023
65,187,152.65055039738218
65,188,133.14757803206157
65,189,116.47444610232196
65,190,156.53123048724228
65,191,128.7890115863338
65,192,130.16756500573683
65,193,133.14763938052783
65,194,151.40792221799347
65,195,141.10716616387072
65,196,145.8986542610728
65,197,150.2865001015016
65,198,117.3763422644115
65,199,130.3833614578034
65,200,135.4033158821694
65,201,129.5386390221538
65,202,128.90569922750728
65,203,105.5554894138404
65,204,131.17014705136535
65,205,123.06208833998244
65,206,122.33481486065284
65,207,127.19060878006712
65,208,151.99669095476565
65,209,146.51433753089805
65,210,131.96260292981606
65,211,120.25133642309811
65,212,119.94954014092946
65,213,134.8373062649407
65,214,114.32992827228009
65,215,115.075242930885
65,216,126.53547908179462
65,217,124.10948371877748
65,218,128.75408919976326
65,219,124.96333512734418
65,220,119.06949573046586
65,221,111.31632383943361
65,222,107.51593421922007
65,223,138.89355374479783
65,224,110.05503787605267
65,225,131.53815757863777
65,226,127.21938144560409
65,227,98.34511313348776
65,228,121.93156447069487
65,229,132.3462077626682
65,230,101.6265495010739
65,231,97.08296409776813
65,232,96.08396651959629
65,233,108.95381016124884
65,234,107.78701646999252
65,235,109.2671690670104
65,236,126.68320593045792
65,237,96.78824932467978
65,238,112.70163894720463
65,239,114.78841572175588
65,240,120.67473806481576
65,241,128.70364752438036
65,242,102.48719893801172
65,243,114.43169641792338
65,244,119.76363458368724
65,245,102.77846327209409
65,246,101.6092228954949
65,247,100.31879555994965
65,248,92.87823350315739
65,249,96.85476804026985
65,250,113.00320320843457
65,251,103.14898823454132
65,252,101.59708853282791
65,253,100.8030307128065
65,254,107.26304342773074
65,255,105.92250682821032
65,256,92.49912287796178
65,257,111.91114855412161
65,258,121.64948764735891
65,259,95.97650837605761
65,260,111.23688026386662
65,261,95.14702959010174
65,262,119.73377760178118
65,263,105.69046660183812
65,264,107.48860510776285
65,265,115.70693316256074
65,266,110.94009482915862
65,267,79.55612522704178
65,268,85.25734185829788
65,269,118.86032511050871
65,270,89.20724827269441
65,271,90.06841245996475
65,272,100.25389274593908
65,273,91.78430326894886
65,274,97.99031462574203
65,275,96.69420780709333
65,276,92.6959448361522
65,277,89.98386512223078
65,278,94.16064572750474
65,279,92.31422734546504
65,280,76.17768231451919
65,281,82.92006471817876
65,282,90.957164681422
65,283,81.37113862061233
65,284,92.50318902231811
65,285,95.93092246090964
65,286,88.62631345931732
65,287,73.08999365224008
65,288,77.86780717137299
65,289,62.22697294144746
65,290,67.86772287015629
65,291,80.73465285971179
65,292,76.57530896469689
65,293,53.316542637454404
65,294,95.08116428992798
65,295,62.81960761400842
65,296,74.33123834909202
65,297,94.81226506238454
65,298,40.799631829540886
65,299,76.7172030797883
65,300,77.09225413041713
65,301,67.90080869985104
65,302,74.06169440547819
65,303,77.34868208889384
65,304,71.01494186858326
65,305,70.84179869936634
65,306,74.19595267847035
65,307,75.1411757484675
65,308,78.55316177575878
65,309,54.08297463204508
65,310,59.025007336626004
65,311,68.45026657092967
65,312,48.966222112569085
65,313,31.517234355735127
65,314,68.32621968705644
65,315,73.90878383622476
65,316,62.21819640979811
65,317,31.97681328655017
65,318,68.66179233201547
65,319,51.62841674320225
65,320,47.79853092296253
65,321,33.63930788707512
65,322,27.74659155045083
65,323,52.96401483256341
65,324,54.8329298687313
65,325,52.36508063600195
65,326,42.0564462496186
65,327,40.1463466580899
65,328,27.58453020334855
65,329,21.26771661965904
65,330,22.308302777455538
65,331,20.285398014821112
65,332,42.498936830917955
65,333,51.85369633760274
65,334,15.947465300450858
65,335,48.22618687736758
65,336,38.9689527096707
65,337,37.19214122369158
65,338,10.506697442986479
65,339,40.74283081253088
65,340,31.94703256011053
65,341,24.0350871888877
65,342,39.9610624883353
65,343,34.706853463656444
65,344,23.246373387875792
65,345,23.657273476153932
65,346,15.798866525692574
65,347,15.339411636727164
65,348,-5.856453135267657
65,349,-9.92292471588371
65,350,30.12725052874157
65,351,13.993783576966962
65,352,9.205701948412752
65,353,12.016951074991084
65,354,-5.676427995007543
65,355,-12.770326584985014
65,356,10.648455081471184
65,357,-9.917599119951774
65,358,16.405879607758834
65,359,-3.10945333537893
65,360,-37.55107193066215
65,361,-23.429573097397224
65,362,-0.1704099937051069
65,363,-15.679947510856437
65,364,7.499829299027624
65,365,1.844333368979278
65,366,-17.54353734720644
65,367,6.716803222865565
66,1,147.31148055279482
66,2,156.82652145938482
66,3,144.7914781021318
66,4,141.84920600651822
66,5,146.51992719768896
66,6,173.6194247449166
66,7,152.37278693087865
66,8,150.34036776762514
66,9,132.35918263268104
66,10,161.28024719353562
66,11,162.18399625874008
66,12,147.23002543165785
66,13,161.58472354549303
66,14,176.10829281721817
66,15,139.6254939416758
66,16,145.347615003564
66,17,139.65874097833876
66,18,142.70910211568116
66,19,158.85330796631024
66,20,144.7746188865567
66,21,151.4850455242049
66,22,142.27120476477285
66,23,132.2974836991998
66,24,131.48779223622842
66,25,138.57600907048618
66,26,153.94592015447415
66,27,134.5172300193808
66,28,160.87220858000364
66,29,144.59323048294755
66,30,139.92389672050922
66,31,139.1027385857451
66,32,134.49299202933616
66,33,149.9938338687789
66,34,137.2534292153141
66,35,158.3211457176876
66,36,145.8461133601595
66,37,153.9531366890078
66,38,125.13077186630835
66,39,139.6564274771008
66,40,132.84937122577685
66,41,142.60337770594924
66,42,149.4042293349048
66,43,136.57926999406482
66,44,137.6911310992582
66,45,123.63775519225601
66,46,132.9878347879203
66,47,152.72534004299087
66,48,140.68119408109487
66,49,155.838701173343
66,50,119.21562028350309
66,51,155.44323420324508
66,52,149.17889540344913
66,53,141.7987975240976
66,54,152.10255203423003
66,55,136.54258728983405
66,56,114.88942725834204
66,57,141.94983934985794
66,58,151.1031720270039
66,59,123.1229943536091
66,60,112.38772483106732
66,61,135.69949172418274
66,62,150.39195421548357
66,63,138.133299284229
67,1,155.20261579161888
67,2,196.75633850270242
67,3,194.5928793776111
67,4,199.80570783134317
67,5,166.6132013382594
67,6,204.46365906922438
67,7,200.94604379622615
67,8,181.76498196717876
67,9,200.06090769685397
67,10,196.0251146082228
67,11,172.89946185493318
67,12,181.03328747213527
67,13,187.5524470842065
67,14,157.80319652366597
67,15,212.68715197923302
67,16,158.94029605758988
67,17,189.9282300920313
67,18,183.80431662830233
67,19,187.63412249681278
67,20,197.22446257842967
67,21,189.87511381299555
67,22,197.8084278202732
67,23,154.7561855051099
67,24,185.49971209876094
67,25,194.00906239787582
67,26,203.04580060284206
67,27,193.93078768561827
67,28,164.78319561034004
67,29,187.96588827487722
67,30,169.15025896567386
67,31,173.9772311260167
67,32,174.7339023401655
67,33,158.77950168913958
67,34,172.32006152014947
67,35,195.21234849579923
67,36,163.63686328022595
67,37,174.16551296352554
67,38,179.6708327006054
67,39,165.37590924561664
67,40,184.1661732290595
67,41,168.14943885621324
67,42,185.16205925778922
67,43,176.8214262165202
67,44,191.89060648364102
67,45,167.85724331325036
67,46,203.3681387694378
67,47,167.75658982295863
67,48,161.34708375317132
67,49,167.91671633876103
67,50,162.5819422112545
67,51,160.94707663990266
67,52,193.46041326146224
67,53,165.7247293348264
67,54,155.31496141957177
67,55,183.2110635316858
67,56,183.72600675427384
67,57,168.82388668360363
67,58,178.08802547566302
67,59,179.17922021985578
67,60,184.88650660355052
67,61,175.70834962227673
67,62,188.1760743449413
67,63,168.45148325694026
67,64,149.92949478529772
67,65,159.78308384103002
67,66,187.6778588872403
67,67,182.77951460584882
67,68,145.22403429754922
67,69,155.00867106875376
67,70,168.2060888553242
67,71,156.0839896796242
67,72,176.80820016570942
67,73,181.9506646756563
67,74,169.63603434291872
67,75,173.7897575588213
67,76,155.17841831439728
67,77,157.84858466324658
67,78,149.85318011169875
67,79,185.4367959654337
67,80,137.1995329612546
67,81,168.18688921578723
67,82,173.92137861163064
67,83,166.893964919087
67,84,175.09690835896618
67,85,184.56933278153883
67,86,165.14999011367036
67,87,138.75229330721777
67,88,165.31106607275433
67,89,171.54205949037714
67,90,166.8957437205172
67,91,163.98561649794283
67,92,167.82334596273722
67,93,159.87470690804184
67,94,145.96076067795366
67,95,160.35921265415527
67,96,174.98186315410567
67,97,174.76032174719876
67,98,167.2246532469144
67,99,161.62142758355913
67,100,151.33793557629542
67,101,138.9932026667957
67,102,181.86284054424323
67,103,171.93097923907771
67,104,154.06536820963083
67,105,146.81764803093392
67,106,156.37094180596614
67,107,165.22191764185845
67,108,166.05084936915955
67,109,154.28239500594646
67,110,168.0551961265228
67,111,156.57081813036348
67,112,188.41433982802846
67,113,151.55484957699082
67,114,159.64660199263744
67,115,145.4762662194771
67,116,142.28110150050634
67,117,161.13336509073997
67,118,169.51636471204256
67,119,173.8758950473275
67,120,157.98895685741445
67,121,155.50679581001168
67,122,145.857134203412
67,123,139.5242544318753
67,124,165.02146950236784
67,125,128.65719034115318
67,126,135.81121786721633
67,127,157.8238601623525
67,128,166.3514069534358
67,129,127.08528951033077
67,130,165.7978753983989
67,131,133.59477035365126
67,132,140.7024192061872
67,133,128.33560756815132
67,134,156.29634835075558
67,135,131.43355496707227
67,136,147.0630886331346
67,137,127.58168896678399
67,138,143.06293877228018
67,139,144.56059726376407
67,140,139.57333737531008
67,141,157.44913246438227
67,142,103.44175409969466
67,143,139.34985834455438
67,144,124.37983816426276
67,145,142.44995440365165
67,146,122.8666695542197
68,1,138.35329491106677
68,2,128.1972292635328
68,3,145.213207342822
68,4,127.84724004667078
68,5,143.01625639422855
68,6,104.15737912000623
68,7,125.22017880075873
68,8,142.92272494365898
68,9,167.09174277745478
68,10,143.63281289521547
68,11,157.08834029328864
68,12,147.79647920341085
68,13,131.07732586364727
68,14,155.00905305802735
68,15,155.36309770867956
68,16,123.62221135356958
68,17,125.21198019271105
68,18,135.60416112065286
68,19,133.37172446758632
68,20,136.5726770191759
68,21,103.24316924825689
68,22,147.76558128910983
68,23,134.8524607674408
68,24,128.16980780113227
68,25,146.28258224302408
68,26,128.67025305859715
68,27,129.3562800649015
68,28,129.19588591804495
68,29,137.94956111567444
68,30,128.29814968025312
68,31,132.71775569600868
68,32,143.9788279425993
68,33,145.5667740117642
68,34,156.24754837390356
68,35,149.7518480247818
68,36,125.4784808723416
68,37,135.408740505256
68,38,130.65042115777032
68,39,132.2274566725464
68,40,139.02105161220243
68,41,147.1697868069532
68,42,153.07413875432394
68,43,124.85822175099747
68,44,136.32527645775554
68,45,131.36897753118683
68,46,127.73805316456128
68,47,132.69427512723632
68,48,135.61315120817744
68,49,147.08199571424484
68,50,128.02240913270361
68,51,124.23846435298765
68,52,131.00651495456987
68,53,122.52694704262831
68,54,149.0868032874423
68,55,106.78874004051613
68,56,133.81381691864954
68,57,130.94721053865942
68,58,101.68581768486911
68,59,130.74567756096803
68,60,119.89531089225056
68,61,121.21647013776965
68,62,150.0820836960993
68,63,135.57526044762926
68,64,144.96879981765233
68,65,144.40136562600674
68,66,123.7872959375236
68,67,118.6981034815035
68,68,117.94165195302048
68,69,142.03863996985456
68,70,134.06095570424804
68,71,123.46636394639063
68,72,117.26833926164545
68,73,133.50597942616878
68,74,137.5884566124514
68,75,139.56529451933602
68,76,132.08849382875633
68,77,117.80846204277623
68,78,129.6428682623664
68,79,142.2150429478279
68,80,117.97490517907136
68,81,124.85236730030738
68,82,144.7097156010641
68,83,137.42500356354867
68,84,131.49227957127005
68,85,134.94172220392647
68,86,122.22625862112909
68,87,125.66448537120596
68,88,104.34752658069192
68,89,121.34937328985689
68,90,134.1994608768582
68,91,129.40161435080518
68,92,125.65176590924966
68,93,126.20834890667174
68,94,104.13523764794809
68,95,110.4441401175718
68,96,128.6919370244941
68,97,125.68694273763685
68,98,110.2474326488009
68,99,111.31102676019509
68,100,87.26733669127134
68,101,134.485892068682
68,102,139.3701128390021
68,103,134.57360722412704
68,104,112.669553149688
68,105,125.21747243928985
68,106,108.77523397516052
68,107,115.31812847718538
68,108,119.46071465838759
68,109,133.1538177055263
68,110,114.28837534278136
68,111,139.26669450600457
68,112,134.28297996311449
68,113,100.98081264973735
68,114,121.08736701281305
68,115,111.84785186018416
68,116,130.05405827272625
68,117,115.17798521107034
68,118,126.58308509261406
68,119,140.79094565002015
68,120,112.5137408209921
68,121,138.63895989166485
68,122,118.25245760694816
68,123,126.25736362046155
68,124,92.4997918779045
68,125,117.30579384457815
68,126,121.10568020682695
68,127,101.1133511250082
68,128,120.53994623073231
68,129,103.17466810000042
68,130,115.10801617513062
68,131,124.42950141087931
68,132,108.79310521416483
68,133,116.17921935654158
68,134,100.23495128480135
68,135,111.92830681615305
68,136,112.50481746072182
68,137,116.96607248001237
68,138,122.28428999428434
68,139,111.68411261247093
68,140,120.09546034758387
68,141,89.20326045621914
68,142,106.1438167580418
68,143,98.14553977666219
68,144,127.9109008017549
68,145,100.28396379690821
68,146,105.59367671602377
68,147,144.2297746386539
68,148,103.22080128097878
68,149,125.48749111687357
68,150,109.39448228260153
68,151,100.51916014207382
68,152,90.16117728828249
68,153,94.4879209567589
68,154,113.4017560719949
68,155,95.2387578316775
68,156,83.57990882892045
68,157,86.93539112037251
68,158,95.93667606448435
68,159,90.54737283333088
68,160,101.60981353346142
68,161,83.62030479024543
68,162,102.58230040446506
68,163,114.50999446353671
68,164,79.14594294303242
68,165,104.90424044577958
68,166,110.81448877452931
68,167,102.05597037707776
68,168,100.81878381071147
68,169,91.8758887158474
68,170,115.29859587190731
68,171,109.95483986879844
68,172,76.53376324394776
68,173,88.95637223310041
68,174,85.58578655164456
68,175,105.69551249375945
68,176,74.54825639106275
68,177,92.17257915093796
68,178,72.80915513267973
68,179,98.92187094180554
68,180,74.6223825734196
68,181,78.78982193468983
68,182,85.94552940180438
68,183,97.01193022374355
68,184,96.39288349750859
68,185,59.539324281635345
68,186,97.05684094392927
68,187,85.65091257325548
68,188,95.20627958759724
68,189,76.3593459512922
68,190,89.59850249865849
68,191,87.81976291466708
68,192,74.50189520714775
68,193,74.76388989703992
68,194,84.37952745230723
68,195,60.70738489225914
68,196,85.47313798120013
68,197,86.95632089954597
68,198,82.34897442935471
68,199,85.99962036540819
68,200,81.63059159255499
68,201,75.09850244392146
68,202,94.25553211963415
68,203,51.86166373796004
68,204,78.85919466846099
68,205,79.61220313885133
68,206,75.90773586653086
68,207,91.03303704464633
68,208,66.75073726814298
68,209,52.85787480738509
68,210,48.35159731080785
68,211,73.47633993696945
68,212,68.8341269704033
68,213,65.08069086623436
68,214,41.32935623388039
68,215,87.98076595457678
68,216,68.94943591562333
68,217,53.925235588532814
68,218,50.40139181925042
69,1,199.8413544692812
69,2,181.55759817212675
69,3,163.02133748946653
69,4,172.29063188657892
69,5,198.57815470654168
69,6,167.82915329420211
69,7,195.57178133264097
69,8,162.6081357885996
69,9,196.82272041239776
69,10,168.75127400588826
69,11,169.46487100847298
69,12,206.04308860022138
69,13,187.53500472761516
69,14,183.46592580461584
69,15,200.95342188332143
69,16,170.53861231879273
69,17,174.29527576247347
69,18,182.401708129466
69,19,186.9858592853925
69,20,205.93999726647598
69,21,158.0616958936953
69,22,189.00268886041158
69,23,165.16965679932036
69,24,211.47462772989093
69,25,167.79877655917517
69,26,178.15597079425788
69,27,179.89815336938773
69,28,197.2290308692609
69,29,196.31252182764
69,30,181.50750300691288
69,31,167.26666434291838
69,32,211.79424475380802
69,33,166.4764320154136
69,34,192.85661496665853
69,35,171.9337277177474
69,36,168.66424171323888
69,37,170.25275526900805
69,38,210.94478264981444
69,39,176.50877967001725
69,40,170.13801713201974
69,41,200.38534868151328
69,42,166.14044255136832
69,43,200.29935392262996
69,44,162.318660150675
69,45,193.30385985627072
69,46,159.06612231790496
69,47,194.59598559103324
69,48,156.158456312638
69,49,194.954833069889
69,50,187.28925770005299
69,51,174.2210199013207
69,52,165.2464889494513
69,53,174.45075288471708
69,54,199.48503276050178
69,55,171.64952122235263
69,56,169.34623835983803
69,57,170.59229815224535
69,58,160.16296739959216
69,59,184.09205684194603
69,60,187.6872553553476
69,61,165.28020816988283
69,62,191.22089270942524
69,63,170.57470534197637
69,64,174.12234376732522
69,65,195.98935368162347
69,66,193.97718330473435
69,67,183.14945277477818
69,68,168.79546661319182
69,69,164.90210413815657
69,70,189.98180215601315
69,71,195.73072206045617
69,72,160.46805682767445
69,73,180.5713268595864
69,74,184.0337635041069
69,75,176.60822047831607
69,76,180.54191003543383
69,77,172.1841060848601
69,78,187.02656542606564
69,79,162.9016138816587
69,80,197.97117063491896
69,81,168.53302100201836
69,82,194.26788691056572
69,83,185.4194841383869
69,84,154.60788187116123
69,85,161.73084535211092
69,86,167.78651644721685
69,87,148.60226663076173
69,88,173.09926394235663
69,89,178.356170168503
69,90,154.57622363504925
69,91,176.05017660503654
69,92,172.8991850237726
69,93,162.33541382653493
69,94,169.65554076734406
69,95,181.27636810978584
69,96,173.7787574301401
69,97,187.48566401686548
69,98,178.59337860625965
69,99,160.0397603842939
69,100,166.27043699759815
69,101,163.4729807637268
69,102,157.40948460467916
69,103,160.01697178726317
69,104,160.51465294232912
69,105,169.08983109646942
69,106,137.02516644766
69,107,178.59067487108405
69,108,160.94994510510878
69,109,153.1121402450226
69,110,171.33139478464
69,111,182.23938890121644
69,112,172.37732368466095
69,113,153.75438271220628
69,114,149.2871156760084
69,115,154.50837763477466
69,116,159.35345436174248
69,117,145.73247923528834
69,118,156.09153503720154
69,119,166.62661815414322
69,120,149.74528079246375
69,121,167.6032103403195
69,122,145.3784260173852
69,123,157.13182451547618
69,124,134.93819924236595
69,125,143.26170737305074
69,126,149.02323173783952
69,127,167.19406820733275
69,128,159.2990813875731
69,129,167.0289120788002
69,130,153.20170669251092
69,131,161.1097288064484
69,132,136.2845362969747
69,133,138.85821581902565
69,134,125.10386556741287
69,135,134.03013055727206
69,136,147.539989215089
69,137,146.3620088490934
69,138,151.9254555452062
69,139,170.69900244224118
69,140,150.8384655361442
69,141,114.21029781684774
69,142,141.24302816237469
69,143,147.03221544287226
69,144,152.08632991840568
69,145,167.18274929105246
69,146,144.7711060314905
69,147,155.67458214705402
69,148,163.6974777274736
69,149,151.52057489869185
69,150,135.52753412743186
69,151,133.17942776987184
69,152,150.61205401104235
69,153,167.98025518332724
69,154,136.4879039587322
69,155,141.9101446759305
69,156,145.54954814279336
69,157,137.08801102646248
69,158,148.20347719427082
70,1,174.50193850775395
70,2,169.707825491314
70,3,168.16664442456386
70,4,155.42745639633358
70,5,152.5479638283141
70,6,182.94014752188377
70,7,193.69664710154757
70,8,194.60389473118266
70,9,147.88735492078558
70,10,150.09907890487375
70,11,178.41964282924891
70,12,167.15466205813573
70,13,192.94908070898964
70,14,160.39441073164926
70,15,160.32927535769704
70,16,147.42699249866564
70,17,155.32561879586137
70,18,182.75117778562708
70,19,156.68054142652545
70,20,181.01028765615774
70,21,172.32667099038372
70,22,170.62626796019322
70,23,167.74483716606483
70,24,181.17434475810296
70,25,172.02296824612858
70,26,166.25980877658003
70,27,159.73054118987056
70,28,146.95142436252354
70,29,148.31824236235843
70,30,148.70135274790664
70,31,183.73463951068697
70,32,179.00496865909372
70,33,151.8952479853251
70,34,156.69738885234256
70,35,166.0629294531027
70,36,152.4940858452319
70,37,162.83513476574444
70,38,158.87446171022748
70,39,167.0329046714396
70,40,155.4147104780568
70,41,178.95740569822374
70,42,149.9649095475761
70,43,165.86040125923319
70,44,152.69169210960536
70,45,191.54501929793332
70,46,154.15178715914226
70,47,150.4699082418083
70,48,191.36357885557663
70,49,169.6855094040584
70,50,162.1677225460371
70,51,153.22460626004613
70,52,189.47257478640677
70,53,180.18947973019385
70,54,145.1358206981895
70,55,163.269259115943
70,56,167.61436216469156
70,57,154.86069106706418
70,58,185.43070188965794
70,59,169.05755323080666
70,60,161.36045251845644
70,61,176.09947214282874
70,62,180.57377209606057
70,63,161.85832106221642
70,64,152.08475324328901
70,65,164.9703772776702
70,66,147.69560084378463
70,67,158.22058409330202
70,68,156.74534149007377
70,69,168.17936510878644
70,70,134.4023515637018
70,71,161.21042561854847
70,72,161.35169966822286
70,73,168.7731381266858
70,74,154.9646420517456
70,75,163.8369173732499
70,76,190.69899606925173
70,77,152.39129570473597
70,78,160.61751719846507
70,79,181.78094795296056
70,80,167.26307192987588
70,81,151.07785589856212
70,82,174.78946739934327
70,83,162.97160672268365
70,84,154.1686825728102
70,85,162.1881519572853
70,86,157.38412108581542
70,87,150.60330686442467
70,88,152.12177400079963
70,89,162.3801792934246
70,90,168.64337814259488
70,91,146.57098175286956
70,92,146.11776670083782
70,93,157.7705886873373
70,94,152.27161231544596
70,95,169.6109483628461
70,96,136.6558802293075
70,97,142.9253499913102
70,98,163.46514615734486
70,99,155.45051421846438
70,100,140.91536099284713
70,101,144.95335847029492
70,102,154.14072928866517
70,103,155.1671732985269
70,104,173.32186960383842
70,105,157.27314196754014
70,106,162.65932558801433
70,107,133.57835947880085
70,108,134.5928203050862
70,109,155.11939583722415
70,110,149.62953846474556
70,111,129.60200108220306
70,112,186.7074523188785
70,113,161.71960001326806
70,114,162.46663458892
70,115,163.34737901553308
70,116,148.74464173014712
70,117,135.2039179857602
70,118,171.05631850900681
70,119,128.4450251622402
70,120,159.72081342977617
70,121,171.54260487696592
70,122,157.01627507842204
70,123,145.77993375313963
70,124,130.89453160237463
70,125,132.25682052337652
70,126,141.15036405007413
70,127,157.93861279680277
70,128,151.8187190179451
70,129,155.78314307617256
70,130,147.03288967215485
70,131,153.10975908079854
70,132,170.85395813736977
70,133,148.97129936111742
70,134,145.23470107438334
70,135,139.58719532474788
70,136,166.67605065208772
70,137,143.58030801777932
70,138,127.27650783764693
70,139,150.62228881710325
70,140,149.90451648297312
70,141,165.11200757693587
70,142,133.30472898559674
70,143,156.2195374476214
70,144,149.77450328483974
70,145,120.61641821830563
70,146,129.57046501377772
70,147,132.3543021665173
70,148,134.6740821927233
70,149,135.50907534683938
70,150,114.99468850818084
70,151,129.5722971160867
70,152,130.1075590796172
70,153,136.63647003226652
70,154,134.97262726866757
70,155,125.04524077533279
70,156,151.47896113329625
70,157,147.98044564140582
70,158,114.31513978933799
70,159,137.48814082728495
70,160,105.4730592272972
70,161,124.11226463392813
70,162,115.61733193240798
70,163,137.70135167118133
70,164,120.29749309815816
70,165,120.40899418121262
70,166,111.04151616566378
70,167,113.42934565249743
70,168,108.07834534187714
70,169,141.25583477016335
70,170,119.48033752350602
70,171,129.47262948087882
70,172,137.38327250908333
70,173,109.685370039595
70,174,135.92922354968323
70,175,119.18277970451891
70,176,99.2361056699956
70,177,123.61254695837124
70,178,129.53594344251178
70,179,136.8628411807731
70,180,129.43736243444437
70,181,101.08341964305146
70,182,108.670562704865
70,183,155.9369187402408
70,184,116.71237050428317
70,185,108.3859164667083
70,186,129.96419409468945
70,187,108.31840325565281
70,188,136.28975980511314
70,189,97.43073594482121
70,190,79.19630722015427
70,191,127.11107239600096
70,192,112.88827683994168
70,193,120.06118743489787
70,194,121.10725933248614
70,195,114.64444387020194
70,196,88.63981232383958
70,197,111.32960875678691
70,198,105.36502808524529
70,199,90.68231306957023
70,200,98.48229857701517
70,201,84.8550491297865
70,202,102.67944188279944
70,203,101.08382046864426
70,204,83.7557244714626
70,205,103.2587047899433
70,206,96.86353692178818
70,207,122.78670077650168
70,208,100.31110888591502
70,209,86.56310393735475
70,210,82.39307487259066
70,211,96.90388996708498
70,212,85.20502525460324
70,213,78.84510132233845
70,214,85.94513054501294
70,215,69.2657229362303
70,216,87.22880062988406
70,217,95.72832589047903
70,218,95.72553358064033
70,219,78.18901438298053
70,220,102.37870763256069
70,221,100.07206111223786
70,222,90.10496679020434
70,223,60.18378145015595
70,224,68.91665512004693
70,225,68.16097080322652
70,226,71.81620431412739
70,227,68.58641147154412
70,228,45.513872376330255
70,229,63.01365858529607
70,230,62.11890738765214
70,231,60.59385202090925
70,232,73.18831809320545
70,233,49.423528360675846
70,234,72.13671311690996
70,235,47.70887459078949
70,236,58.03345082762462
70,237,91.59083678063325
70,238,68.88467227140063
70,239,68.82761250960175
70,240,73.11557555350737
70,241,79.03254028312949
70,242,35.12275411308656
70,243,51.683151154385996
70,244,61.95942714379635
70,245,48.31876950876176
70,246,68.33356195146189
70,247,56.772103603383584
70,248,23.498050611167855
70,249,60.06446242695529
70,250,16.214975409391627
70,251,41.72579921921715
70,252,54.08188474667986
70,253,39.52612909781601
70,254,28.707207816361915
70,255,46.05180099188874
70,256,32.416150957178615
70,257,19.29379587708536
70,258,43.022182520478964
70,259,7.417974633608537
70,260,34.1194802572536
70,261,-2.2179496970347827
70,262,15.541605023601733
70,263,29.84425067705888
70,264,-8.172602676000679
71,1,167.66001707033138
71,2,144.72411591818673
71,3,160.46062494079524
71,4,171.13854997145245
71,5,181.69747764399654
71,6,167.71794470410532
71,7,150.7688847725949
71,8,151.07222537772032
71,9,160.93790432343667
71,10,159.0168471611978
71,11,164.21980735814577
71,12,167.3124822797472
71,13,167.0380747252566
71,14,163.16058969060396
71,15,159.39865130975522
71,16,135.97134693007683
71,17,153.4484190940857
71,18,155.75690176129865
71,19,141.23381508764578
71,20,155.30578370976582
71,21,179.21103949835378
71,22,129.64189522436936
71,23,148.20396314207755
71,24,171.24891188248148
71,25,152.6438977284779
71,26,158.7101320699876
71,27,154.26166930186446
71,28,151.2707370979042
71,29,147.83470985574968
71,30,150.0628722780748
71,31,150.4251675983469
71,32,167.20255584026745
71,33,163.91157642305188
71,34,154.4487760271586
71,35,146.7175113035919
71,36,176.26940075559105
71,37,151.49681013842928
71,38,135.46423548321764
71,39,139.62088558972755
71,40,178.18960406680708
71,41,124.51142394078488
71,42,139.65804471781303
71,43,152.42760812444612
71,44,174.7600581852239
71,45,155.5356169202787
71,46,152.66620465213782
71,47,146.38373575462174
71,48,155.42029258058028
71,49,145.2151005509295
71,50,159.63866107736249
71,51,126.07479451585823
71,52,131.02632124894444
71,53,174.38694647853845
71,54,177.6961553400106
71,55,138.02626202314423
71,56,141.1642116100047
71,57,128.1812299772355
71,58,160.5740787359391
71,59,187.5577600004981
71,60,152.1838951274549
71,61,200.95131021909037
71,62,150.47434396518656
71,63,132.8514838366391
71,64,139.54672536746511
71,65,151.49430971933907
72,1,138.13528290240356
72,2,117.20953620129876
72,3,121.75764990541211
72,4,131.42619391813787
72,5,104.326058007151
72,6,137.01888279089326
72,7,112.20607668993762
72,8,143.67287358816247
72,9,114.55094196498248
72,10,115.8759836425379
72,11,119.82834232586174
72,12,114.9114024872033
72,13,140.06972250842955
72,14,112.97917728222092
72,15,142.23524951148283
72,16,136.7906720787214
72,17,138.13995741961116
72,18,135.89000719921023
72,19,113.75466027338553
72,20,111.83982402172114
72,21,130.5611343149576
72,22,128.81940213780763
72,23,123.46007926761376
72,24,115.9881477099043
72,25,121.50627181857999
72,26,109.11654368084419
72,27,97.62746739965223
72,28,135.10340895301488
72,29,127.85848361624812
72,30,143.87554505521257
72,31,111.07488982896757
72,32,99.78903887769411
72,33,135.3609344045035
72,34,88.0716985973122
72,35,134.29304340099043
72,36,105.33449947297049
72,37,133.52702017426782
72,38,123.49540442164289
72,39,143.1772686436234
72,40,127.27903837347549
72,41,124.12210226993193
72,42,136.93753147657844
72,43,110.41757133867213
72,44,135.83484269485052
72,45,125.98474603470822
72,46,119.93662267256877
72,47,104.11066914485855
72,48,111.59984874024667
72,49,127.68256339240179
72,50,118.85025882123591
72,51,114.82443737207359
72,52,129.6483196281115
72,53,116.2289592152083
72,54,110.91222188622487
72,55,128.60543859292375
72,56,129.9829908224492
72,57,117.04336566269922
72,58,108.17258327357558
72,59,127.84810224395187
72,60,124.81287157226325
72,61,112.86672617311706
72,62,109.59015309054666
72,63,110.92894353904558
72,64,112.81540386981214
72,65,108.40077312067297
72,66,105.1359545891537
72,67,86.48690581717528
72,68,114.21848618474905
72,69,116.52756232729007
72,70,118.84569896611356
72,71,123.6005510499017
72,72,108.68025910466531
72,73,129.98211576339236
72,74,112.39979254295758
72,75,111.79649942569813
72,76,103.86018330115621
72,77,117.62429252247239
72,78,121.21464177603048
72,79,102.11674904153915
72,80,106.1883558778718
72,81,89.12111827560875
72,82,110.89248775005399
72,83,114.82769528336212
72,84,109.08935229862254
72,85,86.24716484189412
72,86,84.68251519440673
72,87,108.45789598500414
72,88,105.12853041265771
72,89,104.46793377849826
72,90,125.90221979192575
72,91,112.18541968695354
72,92,111.37485496744921
72,93,123.27106246380572
72,94,98.62147416416701
72,95,101.99868549632811
72,96,125.58391516622214
72,97,117.00313798229763
72,98,110.4051972853631
72,99,107.17043182866473
72,100,92.07035113730672
72,101,112.13054431724595
72,102,116.77977860000101
72,103,93.11619513088954
72,104,110.38486806174478
72,105,88.62047368830099
72,106,105.55936830978317
72,107,113.25060369972925
72,108,93.9556612016022
72,109,124.63057287875563
72,110,107.4885347717427
72,111,84.05435730826866
72,112,117.71356710858527
72,113,94.88168674078042
72,114,126.96634612113849
72,115,83.9961929440542
72,116,100.28652764705475
72,117,115.73310703424067
72,118,103.97354273353994
72,119,107.56546764336963
72,120,102.82217502471758
72,121,127.92508342366636
72,122,81.42674050851929
72,123,90.70059873243736
72,124,107.86622060843365
72,125,111.67623279861436
72,126,80.82396016363782
72,127,102.18467987292388
72,128,86.00420891316753
72,129,100.45063966504677
72,130,126.59483207613084
72,131,106.68461871428008
72,132,80.59706910102977
72,133,98.90957339585293
72,134,100.53425790641631
72,135,63.661068280329346
72,136,102.33742964933481
72,137,91.00237516488414
72,138,88.85922911983653
72,139,100.43767584716988
72,140,90.09708911518828
72,141,73.50289672992221
72,142,103.01405623873143
72,143,109.31009875918244
73,1,146.38873221643735
73,2,140.54101567250473
73,3,146.31403689689614
73,4,127.6144595434962
73,5,148.2913471403299
73,6,157.66212890500174
73,7,152.01625276002596
73,8,131.31217629548337
73,9,142.75728780835198
73,10,147.35273010635137
73,11,144.09071969344222
73,12,157.13509021404752
73,13,129.20433622288692
73,14,123.2545880057587
73,15,128.0670243495406
73,16,149.37282497028355
73,17,155.92390443557088
73,18,127.75780628307984
73,19,110.63300568733393
73,20,134.85365734890365
73,21,151.6195281140681
73,22,145.88108820118214
73,23,148.31551762861636
73,24,135.25397921055992
73,25,121.91297540281812
73,26,131.5151448141769
73,27,125.6787740446598
73,28,126.48841520948918
73,29,117.16471474838909
73,30,125.85191120031232
73,31,130.41369084699545
73,32,103.69606159198884
73,33,134.54222542988282
73,34,158.57618529137108
73,35,143.79307160650933
73,36,140.54825188546238
73,37,154.38709958372783
73,38,141.82916220808693
73,39,140.6721347592611
73,40,124.72445565240923
73,41,142.77929081967886
73,42,105.26444218061079
73,43,128.8527892130587
73,44,126.94040691885311
73,45,136.87885331013968
73,46,128.50004289506614
73,47,136.45782616373617
73,48,156.25749135186925
73,49,119.61986662495474
73,50,136.74484865276463
73,51,129.16398066117836
73,52,121.70248199081107
73,53,131.26624291216285
73,54,124.01323031156062
73,55,146.42206395223184
73,56,125.88877287361538
73,57,118.30153917201096
73,58,137.67600330951245
73,59,120.7795359834563
73,60,148.93359668565972
73,61,110.5569695885788
73,62,139.32112094647164
73,63,117.47387942409114
73,64,136.21118015653337
73,65,104.42603408590367
73,66,125.97834823990706
73,67,137.84654974756995
73,68,130.14797142442694
73,69,120.56408284368081
73,70,116.3076459586373
73,71,132.56018558921642
73,72,131.04977026501
73,73,109.38834852462605
73,74,143.23417389981478
73,75,137.16699275888095
73,76,127.89184692881827
73,77,127.84462785309734
73,78,108.72930728536448
73,79,110.82276366142469
73,80,114.9107196054174
73,81,110.63934958338359
73,82,117.36443058153964
73,83,132.97027757651085
73,84,113.25450756424107
73,85,107.840576371942
73,86,120.96642145529768
73,87,133.18646340080159
73,88,116.81281158274942
73,89,124.54017598263454
73,90,122.15346397290705
73,91,112.21101516469207
73,92,124.37040882799192
73,93,123.73731310382573
73,94,98.89743504644866
73,95,135.36770903901925
73,96,130.2747226102947
73,97,125.65504884575785
73,98,131.62945930169371
73,99,135.98562756292176
73,100,104.45964965593157
73,101,108.5140317972764
73,102,123.0032172433057
73,103,106.00042769697757
73,104,129.61652197934745
73,105,112.23178874736914
73,106,124.4233996455805
73,107,111.36602005019813
73,108,145.65681070469145
73,109,126.6133651450873
73,110,127.14240256353514
73,111,141.9017202222385
73,112,127.21115088034276
73,113,94.93224826475489
73,114,109.09847965885274
73,115,115.48061813478853
73,116,124.19736028170155
73,117,123.31034550338518
73,118,113.12656597084424
73,119,121.21256109726528
73,120,116.24768030285486
73,121,124.4463135490223
73,122,110.6730201331593
73,123,100.40665678670484
73,124,109.52376154877857
73,125,96.41364990628063
73,126,115.51509916965006
73,127,105.98880313956761
73,128,129.1348255543562
73,129,126.22239777641516
73,130,112.28216272588179
73,131,108.43946965121722
73,132,92.13656629154866
73,133,137.55871082785598
73,134,85.7386995945999
73,135,104.12475735761836
73,136,87.11355035304587
73,137,74.16573552189948
73,138,103.31249764391396
73,139,120.7141129638112
73,140,91.03060330123844
73,141,91.23368989190931
73,142,105.5065783417449
73,143,91.2718607915449
73,144,107.8850283068823
73,145,113.01197548678465
73,146,83.40980400108674
73,147,97.18511689133447
73,148,76.27136377841816
73,149,88.99235323678295
73,150,99.33563906109339
73,151,100.64014643114206
74,1,183.65328895593848
74,2,171.40813115408673
74,3,167.32268138477957
74,4,170.86691365326988
74,5,190.53185592730733
74,6,166.62210874717857
74,7,188.38819685264025
74,8,166.813909859251
74,9,188.18367627585394
74,10,157.73277871303435
74,11,175.05510634028906
74,12,161.59826212715416
74,13,163.74346747527306
74,14,195.63988585054176
74,15,150.67661079386744
74,16,177.55688826653932
74,17,184.97704908221203
74,18,174.87355436378857
74,19,157.80149056935625
74,20,186.18872843854479
74,21,181.7650775985967
74,22,150.98245708894683
74,23,164.07957897958113
74,24,173.32614592751634
74,25,170.2505510607516
74,26,169.9484161025175
74,27,188.69541553366435
74,28,171.34887507815438
74,29,156.86824616649392
74,30,172.47290493702167
74,31,171.15793375076464
74,32,179.7926301781481
74,33,146.168761249588
74,34,156.99686601560097
74,35,161.6952769865893
74,36,190.73536623156542
74,37,177.22584290699888
74,38,140.4324680002901
74,39,160.1389407967581
74,40,182.28616187896114
74,41,159.73195731107262
74,42,152.27105752873467
74,43,201.46374839429336
74,44,150.55721863776125
74,45,167.0893823541046
74,46,156.2861241852952
74,47,177.7504650531264
74,48,169.24259230056487
74,49,198.3202254869684
74,50,193.82739349949406
74,51,168.82734420262568
74,52,182.3488911624736
74,53,167.7090686122101
74,54,172.88369791604782
74,55,172.79885005297547
74,56,157.80048102957517
74,57,178.23149247614492
74,58,149.4770120956382
74,59,144.24006855816697
74,60,156.56987055633363
74,61,148.3901863957508
74,62,157.79973923289072
74,63,179.2063353800404
74,64,153.5907694794878
74,65,179.75336033107305
74,66,158.27303403137194
74,67,143.54052106649033
74,68,155.25607873893023
74,69,184.97655340642814
74,70,183.77507299389254
74,71,169.9501982989823
74,72,161.34653972346132
74,73,158.10810682621377
74,74,170.76627443454345
74,75,155.33835187696968
74,76,121.2787661018956
74,77,162.38777749571454
74,78,162.3090855414339
74,79,180.1091918789025
74,80,152.15206196818326
74,81,148.02556372956315
74,82,134.61618692895718
74,83,154.72298995285382
74,84,143.8524902955105
74,85,145.6024476677776
74,86,177.63124112036894
74,87,140.76043522437976
74,88,150.27387732753414
74,89,159.45596396154724
74,90,173.6648897328414
74,91,151.85085420045652
74,92,161.6288631493444
74,93,142.09338709734584
74,94,165.5654436639743
74,95,158.40455082185508
74,96,154.8340847132131
74,97,121.91009959141957
74,98,146.77103759891907
74,99,155.2958051283931
74,100,134.27862074960285
74,101,166.15662464499474
74,102,123.02447618141741
74,103,134.43447209144506
75,1,154.5380189630523
75,2,160.07111842770973
75,3,184.77063203779107
75,4,146.1710775431784
75,5,178.6425861386815
75,6,157.88363705187658
75,7,150.94050709738076
75,8,212.00631249815342
75,9,195.03893322090153
75,10,181.25683722844406
75,11,159.01275785469625
75,12,169.35536169664556
75,13,163.3865752566344
75,14,172.04612737508432
75,15,186.06170703389216
75,16,171.42645364111377
75,17,176.9102905586842
75,18,174.67712692680652
75,19,162.09262827444036
75,20,179.01449057344144
75,21,177.15692830019543
75,22,172.9035536702213
75,23,189.4980028631253
75,24,187.23585397259012
75,25,164.15695458358095
75,26,158.0280020778955
75,27,161.63186981858598
75,28,190.1446676136984
75,29,156.96117585813045
75,30,182.99293647568993
75,31,154.35742426709476
75,32,198.84867167659831
75,33,191.86232851408568
75,34,154.99346406064433
75,35,182.64928165083984
75,36,174.42770245025895
75,37,180.6220469607797
75,38,169.0085901338316
75,39,202.9563720939259
75,40,188.56588441276836
75,41,153.81621933638962
75,42,180.14598271555587
75,43,167.22135427618196
75,44,197.60175692022312
75,45,146.6157838016734
75,46,184.19844480018946
75,47,170.52173620466783
75,48,163.98970387917507
75,49,196.09989496499475
75,50,127.79806087590987
75,51,167.78469023527578
75,52,166.50592733915255
75,53,179.3758866776916
75,54,178.3203171444111
75,55,196.5307896317463
75,56,160.45737722197373
75,57,167.11614949785144
75,58,147.05395004980528
75,59,190.84198107369593
75,60,168.90326078378712
75,61,177.79342485305824
75,62,153.24514950203593
75,63,176.14413048105052
75,64,183.46755486477196
75,65,168.0500606116184
75,66,162.47297934292146
75,67,145.58203873071034
75,68,172.20015627245448
75,69,175.41855100778048
75,70,169.99640289444505
75,71,155.59784972544003
75,72,161.09291678714362
75,73,160.86921837506816
75,74,156.77984847705375
75,75,164.81200995360268
75,76,172.87193129335355
75,77,136.47143114569917
75,78,171.26790387829533
75,79,182.2358520235939
75,80,164.09088742412132
75,81,149.3298434038079
75,82,172.1024909629341
75,83,145.73542099797487
75,84,165.916304159422
75,85,166.92881706735352
75,86,152.56216937211138
75,87,178.03597670807358
75,88,151.5967789376664
75,89,170.48020453624486
75,90,149.7477000218205
75,91,168.2753040299067
75,92,174.80419826045545
75,93,174.5215003910489
75,94,125.66331351309054
75,95,157.822442806224
75,96,192.77751348863967
75,97,175.17688179109973
75,98,177.3432507803809
75,99,151.3580712890107
75,100,149.10007058561314
75,101,175.27346497825783
75,102,181.23932414961746
75,103,164.43475453800784
75,104,160.21881078939623
75,105,143.67023145925486
75,106,176.81208586604043
75,107,150.00530190449354
75,108,158.97668756067287
75,109,155.37346576099662
75,110,177.55536167383252
75,111,148.49032123666984
75,112,167.95657687239873
75,113,140.544030092693
75,114,160.25281057160464
75,115,153.35332392531564
75,116,170.86990464228438
75,117,167.88343116335454
75,118,175.52840975763684
75,119,168.26851861260366
75,120,157.20892991684377
75,121,180.065733802483
75,122,174.4750426102837
75,123,135.41367732470826
75,124,175.85977591209667
75,125,146.19423126318725
75,126,138.1099285811797
75,127,163.50824373387877
75,128,143.3740561546947
75,129,165.9633665452493
75,130,161.52950304139085
75,131,140.38420232936187
75,132,168.08669315934821
75,133,151.65605461070663
75,134,151.53898493967426
75,135,154.67022490552336
75,136,146.33965835015988
75,137,142.70239789793413
75,138,133.28959179227968
75,139,153.46746161797637
75,140,148.41346764969785
75,141,139.4351268107639
75,142,133.08351351593592
75,143,148.54251469232986
75,144,159.41168880637997
75,145,134.49431459417974
75,146,139.31079902415513
75,147,162.94358795660082
75,148,152.1106059958911
75,149,170.38099243697798
75,150,148.46578331338242
75,151,122.80149774025631
75,152,161.9789152249723
75,153,158.10592095099128
75,154,145.86981706727238
75,155,135.23373357284436
75,156,120.3677115768296
75,157,152.4437872806593
75,158,140.96476650332625
75,159,125.04096427356126
75,160,153.92517230089288
75,161,137.92459537264222
75,162,154.7284973894566
75,163,147.88902229214
75,164,146.31500009206502
75,165,138.2774369614126
75,166,140.69199196167756
75,167,132.79071337931964
75,168,120.24235170004977
75,169,147.19565403677552
75,170,150.19818562491855
75,171,127.35066484349954
75,172,160.23541872583883
75,173,151.3173697020393
75,174,129.36481149679457
75,175,149.21497619606816
75,176,122.58010624709277
75,177,148.20113672737352
75,178,143.0680967473454
75,179,139.63374169103918
75,180,145.8931321581549
75,181,137.33579166982963
75,182,137.96041887970205
75,183,134.28404698531085
75,184,128.43228579781862
75,185,150.88479683487094
75,186,126.13651653881243
75,187,104.34934575967782
75,188,104.27527698295307
75,189,117.79918648771854
75,190,113.02496995402907
75,191,126.69077070812637
75,192,147.45064161605842
76,1,139.14781172967196
76,2,196.79703086140216
76,3,182.22102459329471
76,4,165.95073643278738
76,5,154.7895289329972
76,6,185.8434952320822
76,7,156.65175466190703
76,8,151.52622333753243
76,9,197.7756091216943
76,10,160.4339875754158
76,11,163.17670247223577
76,12,134.5590776815443
76,13,179.94808444094815
76,14,171.12109919903742
76,15,181.67316567121452
76,16,201.81353172656964
76,17,167.74230186362547
76,18,171.0465553193062
76,19,171.76470636079466
76,20,166.58457283272583
76,21,168.50007273656956
76,22,158.63987948432623
76,23,148.63544148795336
76,24,173.7170842511623
76,25,173.06732160853426
76,26,174.7891010739695
76,27,169.08344324085192
76,28,175.2849686804184
76,29,180.39448522976454
76,30,182.8574918560771
76,31,154.09826763161254
76,32,144.0448152984609
76,33,191.9485973949486
76,34,134.29969158714084
76,35,176.18157530300232
76,36,183.19593620068918
76,37,192.96428775670938
76,38,159.71620561039163
76,39,183.77292678408412
76,40,191.9507434973566
76,41,157.63777129480877
76,42,188.29581119229988
76,43,188.81683867800893
76,44,164.38365071229055
76,45,155.79598766957497
76,46,155.68940872945677
76,47,163.92182637620135
76,48,168.72202435701183
76,49,169.6289082794974
76,50,142.09212845384172
76,51,185.67855183265783
76,52,176.7330582794675
76,53,155.02586659997178
76,54,160.65513718926377
76,55,187.61755548501242
76,56,193.71084772633185
76,57,156.23432171284367
76,58,171.85001826631924
76,59,157.88763437415764
76,60,172.22386968008504
76,61,159.0256600446155
76,62,189.4247923853036
76,63,127.29119778178574
76,64,159.3653467566328
76,65,154.8475577941499
76,66,179.61064091070875
76,67,177.7102999438357
76,68,169.83620550598425
76,69,140.38453874914558
76,70,158.34146814982523
76,71,156.24112766090548
76,72,171.5830842740179
76,73,187.54842801662016
76,74,159.3431985940988
76,75,171.05227407118218
76,76,147.0908240147255
76,77,156.48238257620687
76,78,167.56069371407648
76,79,164.17462845491536
76,80,152.67497451185045
76,81,154.55919664945395
76,82,146.7422113545981
76,83,172.65605943686387
76,84,133.55660611238272
76,85,189.2865863574698
76,86,165.3204460616398
76,87,171.08313081321103
76,88,161.16222765928978
76,89,152.33273281221045
76,90,174.982056146604
76,91,151.22158924838004
76,92,143.40173549534666
76,93,145.4200661306677
76,94,126.12981612980366
76,95,154.99803260893532
76,96,169.8666787355396
76,97,140.80221725628508
76,98,153.2998862671302
76,99,191.65098028637294
76,100,153.48969518795639
76,101,182.1652439424579
76,102,113.2044819117873
76,103,166.8603509168679
76,104,159.37563329686964
76,105,156.63044141465798
76,106,168.00847510319
76,107,133.58119013451505
76,108,167.5868819182142
76,109,140.90117717434623
76,110,145.57889052532119
76,111,145.02692170573573
76,112,166.7406996545178
76,113,167.08346242256084
76,114,160.09652231817745
76,115,160.607544235776
76,116,157.9827170900462
76,117,157.67052257296018
76,118,145.26223025960644
76,119,164.0236120978152
76,120,167.8122307181402
76,121,138.2854134010704
76,122,143.01655732738436
76,123,153.80451907818497
76,124,131.38867171555466
76,125,140.74291636890848
76,126,145.8064543474611
76,127,123.01707313606312
76,128,155.69481665299827
76,129,157.16049687018676
76,130,140.4041169450793
76,131,146.82321984542796
76,132,153.97723333147587
76,133,146.97124734502722
76,134,152.33182797461632
76,135,128.62553052834846
76,136,137.0159904500906
76,137,136.19064554815122
76,138,144.21077309527027
76,139,146.8178651133203
76,140,135.75178851473174
76,141,160.90755375005392
76,142,139.42585169238737
76,143,138.57071482463653
76,144,129.36999275770359
76,145,144.74504793102824
76,146,150.07256885265087
76,147,140.8788297556821
76,148,127.14782353069313
76,149,134.20462339660298
76,150,150.19474994214397
76,151,142.5307127255801
76,152,128.8741648397263
76,153,115.78827865859057
76,154,122.92802325788216
76,155,144.59946802914055
76,156,134.85481347735913
76,157,132.09725285853347
76,158,108.75105311435618
76,159,111.73598108945589
76,160,120.95380076950096
76,161,128.97834935268475
76,162,92.87016753197531
76,163,129.11435742911272
76,164,119.78782499280351
76,165,109.96297388442326
76,166,99.92717596140574
76,167,123.6136150995444
76,168,121.36617223102076
76,169,101.85976289952669
76,170,114.03519792657607
76,171,114.57144377112854
76,172,139.18936209184903
76,173,117.87746496065665
76,174,109.4566791810721
76,175,102.5635194811257
76,176,105.15506294037186
76,177,102.52898107181682
76,178,118.12042399521306
76,179,103.7517643386891
76,180,116.05570163505035
76,181,113.59414831546019
76,182,79.18074656097451
76,183,111.03933533673262
76,184,74.47955638846906
76,185,104.46012289365899
76,186,91.88883032609738
76,187,101.05942664879694
76,188,110.98516916451626
76,189,89.40276976814494
76,190,43.8133652469478
76,191,81.36578028319491
76,192,79.9414626142534
76,193,93.82841798637673
76,194,81.80257455543324
76,195,92.72803639135964
76,196,74.42285888730112
76,197,83.87616266546684
76,198,101.67251259199111
76,199,91.43364002049202
76,200,52.70686245431716
76,201,77.02107459546824
76,202,81.41807670206617
76,203,84.47839940666745
76,204,79.35645645314798
76,205,58.59412032341061
76,206,72.90047598275123
76,207,65.6198514278949
76,208,51.06687593564129
76,209,83.20418734735722
76,210,74.59918776518316
76,211,61.670724440409685
76,212,52.888276436257
76,213,87.13787135871098
76,214,41.80698411782214
76,215,66.91631099353981
76,216,46.9814241408385
76,217,59.021465107798576
76,218,35.804407067036664
76,219,92.43717381259194
76,220,59.556047266029054
76,221,42.196263690486376
76,222,35.97320186718571
77,1,161.46441602647974
77,2,143.74551836294268
77,3,132.94787552490743
77,4,141.4807492838736
77,5,120.22145666842698
77,6,149.99240384863515
77,7,133.05262326893717
77,8,150.60547554666846
77,9,120.190469010784
77,10,131.25063554331427
77,11,129.52106829365948
77,12,138.33732392110687
77,13,129.55475097020098
77,14,139.51721375658235
77,15,137.34197728107392
77,16,137.1170248968192
77,17,145.49754943542212
77,18,128.8544610788158
77,19,127.23868260561721
77,20,143.73197248069482
77,21,137.54876799226622
77,22,123.80819217526005
77,23,141.471821778272
77,24,138.3529216746174
77,25,126.9489392878022
77,26,136.84158921112248
77,27,148.42578505980055
77,28,140.65374853950198
77,29,132.96750216282817
77,30,145.93274685375945
77,31,145.24710995742498
77,32,141.4504797311456
77,33,149.86358685357845
77,34,150.18527974699828
77,35,147.10420437904395
77,36,149.24275783514895
77,37,147.3919020507965
77,38,136.89956101424468
77,39,146.397109115067
77,40,125.35921474920906
77,41,137.99939097896277
77,42,133.58370317747176
77,43,128.08098515123856
77,44,137.71205709007336
77,45,137.26621682571567
77,46,121.55529315623426
77,47,133.72339202449075
77,48,140.41839213529602
77,49,128.54554065682896
77,50,151.84100998968643
77,51,142.65596859144716
77,52,126.33713027520571
77,53,110.89296789947548
77,54,127.41581416711415
77,55,120.36554983139649
77,56,122.59164371416409
77,57,122.42634142433235
77,58,119.16953453069436
77,59,140.3266745988949
77,60,124.220485521917
77,61,120.19421547136153
77,62,102.99471807426744
77,63,129.30063703440828
77,64,117.9037534018571
77,65,121.58565177537821
77,66,112.54102316431818
77,67,115.33028101653326
78,1,164.90095734117494
78,2,175.42149798317405
78,3,192.85229706056998
78,4,180.3271037213999
78,5,166.4579166900512
78,6,164.27515172707353
78,7,175.35892421515746
78,8,172.57661185233883
78,9,171.50898523107753
78,10,162.173037120323
78,11,188.84328324226226
78,12,186.14696233336872
78,13,153.0188712288218
78,14,173.98220173690788
78,15,165.81839059182676
78,16,165.56979386921012
78,17,172.09037099977286
78,18,145.4742994107146
78,19,149.2177615438486
78,20,167.69384655819886
78,21,127.75123157374765
78,22,161.5495229301814
78,23,185.82817086414434
78,24,187.50722012721235
78,25,174.18816037778015
78,26,188.24725440427574
78,27,201.67313988702517
78,28,168.7670243270768
78,29,153.89594551859045
78,30,175.8018480628234
78,31,170.26181063231343
78,32,195.31375190596737
78,33,170.013273542565
78,34,168.85639190809889
78,35,180.48646026169445
78,36,188.107380626956
78,37,145.9322019723768
78,38,160.42067572633096
78,39,199.7303302279106
78,40,183.8818313137017
78,41,168.2536220239781
78,42,163.01136380930984
78,43,166.61417336494196
78,44,169.58476200991572
78,45,160.55549174347107
78,46,158.1559881977082
78,47,168.52011960409436
78,48,157.53230355094274
78,49,173.61077060758544
78,50,145.74596898690652
78,51,153.93718931471085
78,52,164.89486159991066
78,53,165.42384768876946
78,54,183.99543415570224
78,55,184.30656422785978
78,56,184.45486572905793
78,57,139.62150939866115
78,58,166.50058774335048
78,59,184.16959654682432
78,60,144.10634630787536
78,61,179.75244300132908
78,62,169.26920641444303
78,63,153.97939287836925
78,64,168.03814013674128
78,65,163.9115850782473
78,66,142.58771120285382
78,67,164.79684268157143
78,68,162.318789279052
78,69,173.6768858134019
78,70,163.02102100602497
78,71,158.63676051609946
78,72,149.46176758653746
78,73,172.78069733360462
78,74,167.2926246486386
78,75,164.1093129987712
78,76,166.55521631560987
78,77,163.55611660092836
78,78,141.9810254438562
78,79,168.92862988726847
78,80,172.6768147256298
78,81,147.1991013044244
78,82,145.18441323722072
78,83,183.30409536087245
78,84,172.15266800890822
78,85,182.74922331987182
78,86,146.9833985388177
78,87,177.33975259278668
78,88,172.9013506988631
78,89,153.35327217637678
78,90,142.3807784788878
78,91,155.93184069214476
78,92,171.27533474419033
78,93,148.68159479571477
78,94,169.8078376911435
78,95,124.47649215735146
78,96,153.97602140717208
78,97,164.50409119792312
78,98,139.9556929522587
78,99,131.30723044316983
78,100,142.2335941666388
78,101,126.03867760430876
78,102,142.96949702614802
78,103,124.86142482207651
78,104,141.62975880470185
78,105,133.62234831543174
78,106,159.30471079704148
78,107,109.48025040265202
78,108,153.96449786580342
78,109,144.09436017357802
78,110,143.0061093157492
78,111,112.33500156468654
78,112,112.38682692174916
78,113,139.71408430902375
78,114,108.16268572995614
78,115,121.31739053120691
78,116,119.48720076437166
78,117,107.70095093485725
78,118,123.7767429677624
78,119,133.62722265988123
78,120,117.62650499196025
78,121,119.62762702470354
78,122,132.87152394196892
78,123,124.91981064573338
78,124,118.93227644349827
78,125,114.0383790831329
78,126,122.33488218135608
78,127,112.0425638114466
78,128,106.4192315813998
79,1,151.80362965796667
79,2,173.37244151247432
79,3,165.86461211511778
79,4,146.1664626999409
79,5,150.559344235975
79,6,173.01111980598944
79,7,168.53589902556268
79,8,135.56559632448625
79,9,151.7022160860579
79,10,162.49067902872048
79,11,163.0320487029021
79,12,143.55705800489523
79,13,183.39083448158635
79,14,159.22278836790065
79,15,164.34408184252243
79,16,150.3411674244635
79,17,146.31596378027461
79,18,156.6713616763518
79,19,140.31025169226632
79,20,152.05825841624028
79,21,147.40995197250595
79,22,143.13824679122627
79,23,167.24871991705004
79,24,153.7671496331459
79,25,127.77563007315621
79,26,165.5007202570414
79,27,170.53792718272598
79,28,153.83776384695375
79,29,174.11657343536353
79,30,139.46493476911564
79,31,156.61003311489185
79,32,154.3018563479418
79,33,157.7422383391604
79,34,157.7605179783277
79,35,153.96917138321442
79,36,159.50057968609326
79,37,158.06836642276176
79,38,163.90971745784918
79,39,138.16119040542253
79,40,143.5614875714673
79,41,158.86412805801956
79,42,146.81732797221775
79,43,149.9709653729733
79,44,153.12707642206806
79,45,140.9725367734718
79,46,157.27144811783364
79,47,166.04775298664026
79,48,148.12525390643714
79,49,146.5697589414849
79,50,141.45805301107612
79,51,150.44166075079556
79,52,153.441780396206
79,53,133.79798219828808
79,54,153.83347813004366
79,55,158.40325018496515
79,56,148.37474673041288
79,57,175.1847393297794
79,58,154.217519818827
79,59,132.20174907032197
79,60,147.06343691438087
79,61,162.40787417625688
79,62,155.69237938848528
79,63,137.64549481114955
79,64,152.3888142672222
79,65,154.67134598023404
79,66,155.7962797299624
79,67,140.78904059217166
79,68,141.73079240974766
79,69,150.5356571774537
79,70,166.03237588766933
79,71,148.65834723417356
79,72,139.77059013223334
79,73,135.8429369238147
79,74,140.54128819369362
79,75,135.24101297714515
79,76,143.22953681874787
79,77,134.43438132233132
79,78,169.10344811443792
79,79,156.58255480368098
79,80,138.63938060413784
79,81,121.08515672053909
79,82,148.88689786800387
79,83,155.4089404794213
79,84,129.60732947377255
79,85,178.14135685996735
79,86,134.76754060832172
79,87,142.035095339088
79,88,171.81950198052073
79,89,136.31473579859448
79,90,142.31434717969387
79,91,142.78208841871674
79,92,147.486058662711
79,93,137.57614767819177
79,94,132.09497129363444
79,95,166.75487359306862
79,96,145.29171476411284
79,97,123.55158077376109
79,98,156.83226250175358
79,99,138.99056862446014
79,100,141.9135073844809
79,101,144.946762807318
79,102,117.13388402728742
79,103,126.58196496890014
79,104,137.7309764790043
79,105,118.97829964236735
79,106,120.30950810686045
79,107,125.41592594657413
79,108,164.50716267394455
79,109,117.18921344633418
79,110,139.50054537758115
79,111,138.7290048841096
79,112,128.80783854772744
79,113,114.8148450468434
80,1,141.413449089785
80,2,140.56932114529627
80,3,147.2939543872053
80,4,135.09993559887516
80,5,139.93585946247185
80,6,128.6161672971357
80,7,126.68320934606163
80,8,118.66744866199588
80,9,134.84780911642156
80,10,113.2902704449225
80,11,138.11778147239238
80,12,111.95854224176583
80,13,152.29427942462644
80,14,147.16339276293002
80,15,131.5247243437916
80,16,135.65959865655168
80,17,112.99832639688975
80,18,142.74106541591027
80,19,139.5632419183239
80,20,109.64058535984077
80,21,152.88313690404902
80,22,151.76726644193695
80,23,152.74165227841877
80,24,125.57845492049091
80,25,136.2562286100292
80,26,151.5225032112794
80,27,136.31854949743138
80,28,140.30201785782265
80,29,145.7583284551365
80,30,134.35599200593424
80,31,138.42311866177624
80,32,120.15565238927229
80,33,142.4526669969855
80,34,147.02605655620573
80,35,118.42183121940616
80,36,129.11368198743003
80,37,147.9664727935742
80,38,118.95768449960451
80,39,143.51527080932283
80,40,134.58855063738883
80,41,137.04191981604527
80,42,131.75146524934826
80,43,116.60298841373879
80,44,130.52908606056735
80,45,108.89757305467356
80,46,132.96169067801384
80,47,141.78185472594487
80,48,123.08266770057526
80,49,130.74309562067356
80,50,117.40473391156411
80,51,109.61089477994392
80,52,134.83551378553238
80,53,131.0125696078976
80,54,117.96688795158843
80,55,149.55124276829883
80,56,148.86204130306578
80,57,157.46478167331225
80,58,155.39545317552984
80,59,114.97724648050644
80,60,138.94544163054525
80,61,115.66250058648438
80,62,109.61403700572555
80,63,130.47806844888692
80,64,150.37297013952775
80,65,143.20854579726438
80,66,143.52019267497963
80,67,134.13091090487433
80,68,126.63677057202585
80,69,153.93469664734585
80,70,128.66413426207873
80,71,126.17630571226618
80,72,131.81815845958045
80,73,142.3731220608097
80,74,113.21314069119398
80,75,133.37210305604822
80,76,140.86530720572773
80,77,135.5694664871553
80,78,126.85365506991366
80,79,141.7341324911249
80,80,124.1062042099802
80,81,119.84565317456872
80,82,123.38001390829595
80,83,130.11687401175004
80,84,114.84868461206497
80,85,133.8652440481237
80,86,133.1583142480158
80,87,86.25282039765443
80,88,125.53571957920212
80,89,111.1945483809468
80,90,131.1123415416805
80,91,141.6901262225656
80,92,119.51151982049487
80,93,145.63345959119033
80,94,139.31127007535542
80,95,109.82004252258776
80,96,108.63305272521393
80,97,135.78903608902328
80,98,148.03424963718862
80,99,111.56138002453372
80,100,128.98788681359292
80,101,115.5007774384867
80,102,108.53456273093616
80,103,126.8566299316517
80,104,127.36021751798398
80,105,108.67667447996791
80,106,125.22107885155856
80,107,145.50725163690367
80,108,142.45499732598546
80,109,134.8681543684288
80,110,122.06207914495462
80,111,126.5511729247446
80,112,84.63675511891051
80,113,119.14874067729397
80,114,127.27790717279277
80,115,126.10555628826114
80,116,135.28397748925636
80,117,101.83678215830878
80,118,118.34481836835039
80,119,128.74873115026276
80,120,127.83003784522589
80,121,104.87201654315868
80,122,94.0595058259205
80,123,132.1652629425298
80,124,105.9605765795277
80,125,119.58500174051005
80,126,132.63601706724876
80,127,98.56580443953862
80,128,114.76847708225978
80,129,131.8393303858611
80,130,129.2522108376943
80,131,99.59911230806028
80,132,124.17156304342643
80,133,120.25692512154637
80,134,83.36728344811127
80,135,98.65873497479333
80,136,117.90890343503997
80,137,125.47670508624287
80,138,105.40726855045796
80,139,95.58836855542904
80,140,95.17699643265223
80,141,102.05663867377007
80,142,103.98439280027378
80,143,114.23949825805175
80,144,102.39483462098724
80,145,98.67622556699644
80,146,117.37132573588315
80,147,94.57928757616173
80,148,125.1976791969646
80,149,84.5338099341825
80,150,102.2607334938366
80,151,119.15631433711678
80,152,91.85900978110294
80,153,122.35364189805841
80,154,123.98489834568318
80,155,97.81079212175246
80,156,116.41065812358283
80,157,106.32488321272103
80,158,113.24301950773224
80,159,104.90758942323737
80,160,116.05492074946233
80,161,125.7687743311908
80,162,131.35547497401421
80,163,109.16650146477332
80,164,88.24765990672313
80,165,79.86175409454154
80,166,107.90052123388887
80,167,101.44567040615948
80,168,105.97600950648484
80,169,98.4709983291832
80,170,92.35288446040067
80,171,107.45308863709943
80,172,89.70430533366743
80,173,94.96944777752651
80,174,97.37072287683259
80,175,105.00441283278633
80,176,109.8603715228237
80,177,96.58776211582153
80,178,113.88090506925073
80,179,99.36621995826135
80,180,87.53176231084944
80,181,92.31453342807072
80,182,131.64761617399927
80,183,88.9957066272691
80,184,84.39192484822706
80,185,91.38601458940684
80,186,88.67871615833428
80,187,108.8949024174799
80,188,95.25251133523125
80,189,99.1338503092411
80,190,101.83161211473634
80,191,89.24561041247944
80,192,78.31936976673023
80,193,107.92686687444075
80,194,99.18741734970536
80,195,94.86735675061209
80,196,71.06383018385532
80,197,98.80492848887661
80,198,94.91164188137918
80,199,90.42277334303799
80,200,82.94644852857891
80,201,86.93540268240031
80,202,98.46733045959263
80,203,84.76878097140434
80,204,91.84609408194228
80,205,70.76065760813799
80,206,60.6152081150758
80,207,72.61065592477098
80,208,66.59035490827227
80,209,85.38433141373389
80,210,74.460149500228
80,211,89.17492387650418
80,212,73.3158821434481
80,213,92.84467458201107
80,214,88.44891987390292
80,215,77.89312054182665
80,216,85.69542794059817
80,217,73.28793048775697
80,218,69.63416555927688
80,219,69.05363865591062
80,220,65.66669973990065
80,221,62.05204799853527
80,222,92.91391460318118
80,223,82.19600246758637
80,224,51.55766158716142
80,225,55.96715176869475
80,226,56.9794980812876
80,227,74.49840214540018
80,228,68.19137196314114
80,229,43.83495079973727
80,230,68.17416140266869
80,231,61.81946974612947
80,232,49.138598574194475
80,233,71.93058964590455
80,234,71.91647857536736
80,235,80.24972266564873
80,236,73.42152653002995
80,237,65.23478270135092
80,238,48.05624792884191
80,239,36.03909232670412
80,240,37.76712595033314
80,241,57.25499265835242
80,242,19.23773189762869
80,243,56.79900660960266
80,244,39.88107983788359
80,245,65.02306671926635
80,246,28.04785443181754
80,247,17.720852628088323
80,248,47.29656048480683
80,249,28.12151028218068
80,250,42.96847997362056
80,251,38.304171883188246
80,252,61.050952456156665
80,253,58.70936636003171
80,254,48.91925500934303
80,255,66.18916322458972
80,256,47.56206588703935
80,257,34.59044849213387
80,258,38.030057218718866
80,259,43.17259395519068
80,260,36.55606452446227
80,261,-6.993573046354868
80,262,19.785673611484526
80,263,24.858428107996588
80,264,22.319727293826872
80,265,27.632156865453
80,266,17.73520392525097
80,267,25.512942029210535
80,268,3.05658304431563
80,269,-5.157884033476876
80,270,3.7229759876281605
80,271,2.847645658359397
80,272,-5.77598249942821
80,273,1.2802683939953567
80,274,-13.162099508561369
80,275,6.587743068688724
80,276,26.2866391517382
80,277,-10.70390172345651
80,278,14.637032082493533
81,1,154.36801072820526
81,2,160.3530013026466
81,3,160.29080162801984
81,4,167.89216320997366
81,5,139.10957824993966
81,6,166.33516860170494
81,7,170.1601451724273
81,8,162.9480397151783
81,9,159.5962226657066
81,10,163.17582995272096
81,11,165.9775384109962
81,12,156.94390466914774
81,13,169.25623536898638
81,14,158.62362043192115
81,15,149.20958316772885
81,16,155.63276003327337
81,17,166.1640489010315
81,18,162.93423582444666
81,19,178.10965662159288
81,20,173.99788490527862
81,21,149.3330158941826
81,22,171.5052640507929
81,23,137.20645767555106
81,24,146.6831417228168
81,25,144.43777984074404
81,26,191.2399862700113
81,27,169.75947138409538
81,28,141.83002587291412
81,29,160.6962711626329
81,30,154.92200084473006
81,31,170.34403511526034
81,32,186.55346993522107
81,33,145.87568681355333
81,34,195.56455026911863
81,35,175.89215772670286
81,36,161.87285366961441
81,37,165.2130109955251
81,38,154.00773619241227
81,39,154.4161790524522
81,40,139.45785032270214
81,41,153.8833149323109
81,42,145.7379238214271
81,43,171.48856094582152
81,44,160.86384098331473
81,45,149.6993395208774
81,46,174.16011181102658
81,47,156.27386061221478
81,48,164.65949593033292
81,49,156.53343811829836
81,50,149.13106144595804
81,51,166.05086144745292
81,52,149.8521131709058
81,53,151.2695628790825
81,54,150.13171981910273
81,55,150.88971904413484
81,56,149.99835267226445
81,57,157.1589828190481
81,58,165.55121865304682
81,59,184.48731962453894
81,60,136.04505278774013
81,61,142.57381741351855
81,62,155.69183585294377
81,63,126.95201033535704
81,64,135.92936920542707
81,65,164.2951136286356
81,66,166.7734809761896
81,67,173.25957360394386
81,68,145.31400697815116
81,69,143.7019249399891
81,70,160.2962926950422
81,71,153.8651835615383
81,72,160.29442673940503
81,73,145.23024159724446
81,74,151.3320364976098
81,75,135.4529600583628
81,76,139.44333520140935
82,1,178.73919353116798
82,2,151.10838213586976
82,3,166.70782940309437
82,4,168.59712021850282
82,5,160.63182396187767
82,6,161.74712033299147
82,7,155.44544460431644
82,8,193.49974300797476
82,9,161.34202362930228
82,10,149.88030957138108
82,11,157.96578083215718
82,12,186.85265800610796
82,13,168.83117673113884
82,14,168.36240477975662
82,15,168.39585210437508
82,16,170.8381015196137
82,17,159.24316380021628
82,18,184.8185071963453
82,19,157.15973403761018
82,20,190.74482981936308
82,21,154.91849501308752
82,22,169.2171646417628
82,23,167.37412190689065
82,24,187.80982302884513
82,25,172.4928456491034
82,26,154.0944022749536
82,27,160.3132301032747
82,28,142.32889338854875
82,29,186.6095295316627
82,30,161.9953977692494
82,31,192.78571446707792
82,32,150.3521206734731
82,33,181.05505486825132
82,34,159.63881932824006
82,35,199.80107534859417
82,36,146.72098302866652
82,37,148.21831255446887
82,38,141.16237042246212
82,39,169.41910757259757
82,40,155.0060957957321
82,41,173.35002401621023
82,42,155.27387300529517
82,43,152.6515486431599
82,44,159.82374702259403
82,45,158.3681832906732
82,46,149.31631815737637
82,47,155.72791395417153
82,48,143.55795701855095
82,49,167.35687652803608
82,50,172.06452760777756
82,51,168.45322974470764
82,52,155.9626075531196
82,53,178.16072556452127
82,54,186.16911174125562
82,55,162.86028840771178
82,56,174.5568844817608
82,57,158.23380287297186
82,58,132.3507928958934
82,59,145.32946024640842
82,60,156.70319057669985
82,61,130.72365473942045
82,62,135.40803427685023
82,63,120.59214319672901
82,64,136.73366302316572
82,65,144.55768452100892
82,66,118.14866436412558
82,67,147.5251653959931
82,68,149.9201166324783
82,69,178.6012264127785
82,70,153.53528486773575
82,71,136.60615702901123
82,72,163.60241629864322
82,73,146.62164802811458
82,74,132.39119234128884
82,75,137.69846089537896
82,76,145.75882501316664
82,77,154.26110369442904
82,78,134.03803371298272
82,79,172.4917421092614
82,80,175.28157888294663
82,81,145.39042045976385
82,82,130.4748849532043
82,83,133.6262109015006
82,84,122.63449392042821
82,85,140.8597351418648
82,86,160.3806575438648
82,87,157.67809792516346
82,88,144.60317231508088
82,89,132.14210471091064
82,90,106.03868452819734
82,91,137.7918152106722
82,92,131.86636079849995
82,93,140.25132379897696
82,94,151.9941887505047
82,95,134.07056317201932
82,96,126.40941085365193
83,1,144.52543556925957
83,2,134.8540850716672
83,3,132.9788415566727
83,4,146.32316483400064
83,5,136.60443203568138
83,6,134.74673193268973
83,7,128.62696850647626
83,8,114.99249546487408
83,9,142.72163642277883
83,10,128.0644234513602
83,11,144.75409455191402
83,12,136.21874159308936
83,13,147.4537750294985
83,14,137.17801698287803
83,15,145.50961225288484
83,16,144.49149677506648
83,17,120.59377753587614
83,18,137.29883959277504
83,19,120.89120852975611
83,20,132.92199207447266
83,21,143.1769319189916
84,1,163.4020218042715
84,2,174.87120690981828
84,3,160.08735529926344
84,4,175.28279293425294
84,5,174.7437166778691
84,6,141.9624824650964
84,7,170.43309189622232
84,8,174.73143341855757
84,9,167.77743087734416
84,10,152.89007399230468
84,11,163.9497756791243
84,12,166.4716473097069
84,13,162.1360055230689
84,14,175.63334929077973
84,15,173.3029362909656
84,16,149.87830468679022
84,17,154.04231008511124
84,18,174.44890747588943
84,19,186.53884755941544
84,20,157.5568750638413
84,21,162.2049864892906
84,22,150.44160134999402
84,23,154.14469281194033
84,24,130.47542820373928
84,25,173.0450175568767
84,26,161.9234623035518
84,27,161.47939153492916
84,28,152.99452274786745
84,29,158.8930787053614
84,30,124.02467354665714
84,31,150.46204298656812
84,32,138.8793938046001
84,33,165.53172369979438
84,34,155.5658694586964
84,35,181.41141201992286
84,36,137.82073857579962
84,37,150.56484251875372
84,38,140.2939750992373
84,39,176.60678056238248
84,40,174.7681879979209
84,41,156.4221837816076
84,42,159.19872980666696
84,43,180.37830608116928
84,44,166.2804070620332
84,45,159.6337461182775
84,46,193.58148847547272
84,47,160.02883854705578
84,48,174.92792888110853
84,49,140.42300396828796
84,50,161.7820781247574
84,51,179.23532555680868
84,52,183.5952417755907
84,53,158.99809990942595
84,54,129.57039711372636
84,55,160.84095858348155
84,56,170.69342017480813
84,57,167.99980001112272
84,58,146.26831900698016
84,59,175.6289610503154
84,60,171.4951734761853
84,61,143.91483015791164
84,62,158.6817063672279
84,63,154.49119552821503
84,64,176.92136051486887
84,65,159.69992411519343
84,66,166.6844024153179
84,67,138.37177608742059
84,68,157.1894398719014
84,69,161.17732579086442
84,70,152.949333837445
84,71,164.91693613628013
84,72,175.88226898920402
84,73,168.7856852757468
84,74,164.7220956175879
84,75,144.4201241025803
84,76,154.19964825310308
84,77,166.0991603164366
84,78,164.90634498243162
84,79,139.4430582766654
84,80,150.20249493274605
84,81,140.11929024755227
84,82,161.08577684075863
84,83,158.70778804837028
84,84,159.65260104165645
84,85,142.0923438039099
84,86,142.5506418404475
84,87,161.70140868071758
84,88,180.049471429993
84,89,178.00261546718684
84,90,150.90432497692382
84,91,157.9979708957253
84,92,174.3873846488932
84,93,135.45366731283866
84,94,156.03815336683328
84,95,158.18112376002682
84,96,162.67320273884252
84,97,156.01449294543272
84,98,140.52048957721126
84,99,137.45279019358713
84,100,145.9714520046109
84,101,145.00367158323206
84,102,156.15621911718335
84,103,143.72392579066945
84,104,158.1970956213263
84,105,164.3832947818155
84,106,126.86992490453122
84,107,141.58214455583948
84,108,145.44183756596613
84,109,168.47678588338022
84,110,173.89252406316518
84,111,165.16231438625982
84,112,135.97949073839845
84,113,145.8725824884532
84,114,154.9923506986379
84,115,132.4186405948276
84,116,136.04768724199675
84,117,139.9582625168332
84,118,137.4737089562841
84,119,145.09642907626403
84,120,138.2490092070293
84,121,146.13410856504925
84,122,139.69940846344252
84,123,126.86429033643799
84,124,126.05432595513412
84,125,139.41159833107668
84,126,122.60030441074923
84,127,119.28532007580361
84,128,143.07508767936088
84,129,136.61021590802557
84,130,120.88836655216437
84,131,135.49135114247474
84,132,128.7666169170916
84,133,118.27220996309916
84,134,126.83579594002367
84,135,154.56754375978926
84,136,121.10635221226403
84,137,122.6047717306501
84,138,113.67862370520015
84,139,138.23762664447713
84,140,114.24792365073517
84,141,131.78161893595825
84,142,103.70489894515049
84,143,124.30740632001107
84,144,105.85211906712357
84,145,112.86295859228994
84,146,111.06856399195385
84,147,97.93571480817627
84,148,109.90294400457788
84,149,137.7077507869035
84,150,122.48223112837877
84,151,117.06783756975346
84,152,104.42165361438674
84,153,104.52947060990118
84,154,94.94697205413831
84,155,123.02346570347436
84,156,117.41658623606781
84,157,100.76431133883307
84,158,117.08150721818674
84,159,104.84282552781224
84,160,115.12856396328425
84,161,97.59791424040304
84,162,104.4674470535465
84,163,106.77514323093055
84,164,101.09717090592312
84,165,93.90672181186528
84,166,88.61315239858232
84,167,89.03521417465527
84,168,93.44485137602896
84,169,109.86474336614629
84,170,95.35998508543707
84,171,109.27550658818654
84,172,105.68610246504977
84,173,90.08769872870471
84,174,105.6185394114218
84,175,113.75211933156243
84,176,84.34975522390596
84,177,95.84137863588694
84,178,59.87545245686488
84,179,64.99936442015678
84,180,66.08507812675089
84,181,95.64552487005858
84,182,63.90994859298371
84,183,77.80923141218955
84,184,74.68888846493064
84,185,52.10978054723819
84,186,80.85450510044757
84,187,47.27049124441692
84,188,75.1326438883334
84,189,88.33556309648702
84,190,87.7193461351635
84,191,54.75159252394951
84,192,53.63694909486367
84,193,65.97800903104508
84,194,71.33264176978264
84,195,57.887413642973115
84,196,80.14411240279878
84,197,39.47540902943729
84,198,55.66296582266659
84,199,69.86091258048691
84,200,34.481735941866646
84,201,45.59258298933128
84,202,52.59430977002921
84,203,28.111119449335092
84,204,54.07234763683664
85,1,148.85843764219317
85,2,138.52163099794416
85,3,146.88674079348857
85,4,121.35794031693513
85,5,119.96098632371286
85,6,129.91960148332146
85,7,148.6333003666441
85,8,138.18418482286506
85,9,154.16790139159275
85,10,127.05942364459042
85,11,140.87790847697033
85,12,141.5065727886613
85,13,135.23059399516205
85,14,149.03586830280256
85,15,160.00377732310153
85,16,141.5892305196394
85,17,125.36444317782298
85,18,132.98959941197245
85,19,135.09019204674405
85,20,130.22093425398634
85,21,150.2470386679779
85,22,115.78814366265578
85,23,132.94174119702075
85,24,136.50791470681725
85,25,128.64379188392195
85,26,151.1972851784667
85,27,150.15932748861815
85,28,137.8938369234529
85,29,132.24357995313767
85,30,146.29070779243193
85,31,130.35748988194973
85,32,121.0575400757225
85,33,132.64980382257636
85,34,129.60739605990238
85,35,138.43453919669992
85,36,149.29714344967942
85,37,139.61380372486747
85,38,138.55864639744686
85,39,129.1322185296376
85,40,136.3465897189235
85,41,138.7947438258925
85,42,132.6829230728108
85,43,126.24701046705013
85,44,123.39222236896603
85,45,118.7209704631241
85,46,146.9637726461733
85,47,134.65417419910955
85,48,119.81067414197605
85,49,152.05257581224578
85,50,91.96418535571138
85,51,136.04670074375463
85,52,152.75943646908127
85,53,127.25190561529598
85,54,130.955200663273
85,55,149.26870836850867
85,56,140.40944472135016
85,57,110.7377275193794
85,58,121.51592525526212
85,59,123.89363021047029
85,60,121.41342946869554
85,61,144.43369545741734
85,62,118.96755265524553
85,63,116.4021889676078
85,64,134.35406944755232
85,65,143.89307265032403
85,66,128.03668419020687
85,67,117.66729859638872
85,68,121.7794338495878
85,69,126.77096808324859
85,70,115.77032857022277
85,71,143.49842231977527
85,72,116.19301823051501
85,73,134.70030717966438
85,74,128.92050945034134
85,75,137.2653004274398
85,76,151.04779947007046
85,77,100.32983548933407
85,78,114.11174675208895
85,79,145.08570987502026
85,80,113.08955885111209
85,81,122.1848849625967
85,82,126.95246307022171
85,83,118.61910817725584
85,84,121.06398971935414
85,85,120.50675836526352
85,86,135.17310924573394
85,87,105.87741908342286
85,88,118.92054942918912
85,89,128.30234805210057
85,90,130.12795831987023
85,91,146.48268915685185
85,92,131.70336057811073
85,93,130.16464230512793
85,94,113.15717290451721
85,95,118.0446044126802
85,96,127.2984759840474
85,97,120.21710349557543
85,98,131.29528791360644
85,99,118.4999842584075
85,100,128.4199619901192
85,101,124.63295231581287
85,102,104.23795505640737
85,103,108.20510917426145
85,104,134.67256735528645
85,105,125.64397923161596
85,106,122.96160232122202
85,107,124.60856636348763
85,108,115.65029258190043
85,109,119.19089562536101
85,110,118.55574545305717
85,111,124.7865675264984
85,112,141.23683036662987
85,113,96.49875773420354
85,114,117.06928117053758
85,115,103.85225456239277
85,116,138.59072764640587
85,117,99.94876969875622
85,118,118.92383485349274
85,119,101.62195964934654
85,120,109.94600788037496
85,121,117.16084542029421
85,122,122.99236534856027
85,123,117.70231736647838
85,124,99.87481806821597
85,125,102.11576174852235
85,126,131.45823954160005
85,127,101.73989912739489
85,128,94.27722910021839
85,129,106.1655431099498
85,130,109.52923780518176
85,131,109.64242162119626
85,132,99.7150376127538
85,133,100.93737479735864
85,134,108.02454628433043
85,135,105.06111288101238
85,136,111.41145338002389
85,137,94.52958122263954
85,138,80.81938910102326
85,139,118.7394175284644
85,140,115.90116351377219
85,141,97.98002673591691
85,142,110.67779470453388
85,143,111.2640808858996
85,144,93.38115728487901
85,145,92.31139397714287
85,146,104.35156241567165
85,147,87.03460144123528
85,148,102.34066751522914
85,149,102.6187398021575
85,150,91.76145905767771
85,151,91.14919826669211
85,152,93.41474753832154
85,153,102.68031329310907
85,154,87.02100486400741
85,155,95.30796169692621
85,156,83.83567530607252
85,157,72.65304505539098
85,158,87.22740365512436
85,159,83.49157929181092
85,160,97.85247744135995
85,161,92.1393100990972
85,162,72.11696371015569
85,163,83.35375550456956
85,164,84.94897754587146
85,165,96.54617379024421
85,166,75.26470745861297
85,167,82.65192331275466
85,168,66.49272783999913
85,169,96.28864531708678
85,170,68.69908415818645
85,171,66.99581447349192
85,172,51.32477074990311
85,173,54.45712842095236
85,174,83.76297720362345
85,175,63.71611310386652
85,176,58.27863149384211
85,177,87.49700194774778
85,178,73.29928745661891
85,179,65.05515328478941
85,180,55.940930260047026
85,181,58.96885812711116
85,182,57.83915652669384
85,183,67.52700800370076
86,1,114.17828873981489
86,2,110.95894822987611
86,3,137.89326669382717
86,4,139.69248341642378
86,5,127.10513411468128
86,6,95.97781780314835
86,7,144.3166556051874
86,8,112.9019953245006
86,9,125.80372788743989
86,10,121.20633720081969
86,11,104.90260810428299
86,12,110.58920583541476
86,13,118.20913152168214
86,14,102.02214555385581
86,15,134.49716354002157
86,16,123.75692291111773
86,17,105.27394353039563
86,18,111.42242476614047
86,19,124.26651307738939
86,20,103.86176249749406
86,21,151.84388021558698
86,22,123.09064436097833
86,23,125.60572949128982
86,24,121.82960394731344
86,25,94.18165464187769
86,26,116.05332455803727
86,27,124.19214460978401
86,28,112.54091137416253
86,29,119.45446073199128
86,30,133.61170784237038
86,31,129.95853761377657
86,32,108.60911931932787
86,33,106.29738198043196
86,34,130.10631853090308
86,35,114.6448156074548
86,36,132.28812148455472
86,37,111.4811106617417
86,38,136.6075022280711
86,39,128.1774940253381
86,40,97.8887665077782
86,41,130.5848751399826
86,42,124.72262707472692
86,43,116.6559387356101
86,44,125.27521574623097
86,45,95.72805666235217
86,46,97.35377958186291
86,47,105.20891991186363
86,48,119.96103633005987
86,49,123.65308180138527
86,50,129.56290865423944
86,51,141.4669643550733
86,52,131.45918906661973
86,53,94.14375796310196
86,54,94.88190456797747
86,55,118.57932701729442
86,56,127.76388241309905
86,57,130.10712799087196
86,58,115.01607434507605
86,59,118.84907232000842
86,60,139.0839904259774
86,61,116.38105436305341
86,62,131.71867680714786
86,63,129.68669631850935
86,64,129.0982558294345
86,65,114.50280418167677
86,66,113.66823629764986
86,67,114.8656348601071
86,68,122.80579455736734
86,69,115.41748022282263
86,70,90.66696651008533
86,71,103.787626379024
86,72,124.28392130282737
86,73,125.62548562977463
86,74,109.53303964305815
86,75,106.16951991425594
86,76,114.22803743397526
86,77,102.0189876430668
86,78,120.15313517656614
86,79,111.39720003903494
86,80,99.8207640234541
86,81,121.28169761931349
86,82,112.62894822462113
86,83,117.71645532442199
87,1,129.8974377744089
87,2,137.46917118607234
87,3,132.4712487859506
87,4,125.26584860089497
87,5,140.92210765638447
87,6,140.5355923049865
87,7,143.51185311139125
87,8,128.56134621734236
87,9,141.21382156353502
87,10,130.119479521396
87,11,143.50712818412285
87,12,129.19778379506897
87,13,159.3722863805815
87,14,164.18526840511186
87,15,155.3022647151156
87,16,111.28453094040742
87,17,148.25352025412576
87,18,142.14810626573308
87,19,117.30414496396406
87,20,121.01329901706049
87,21,119.9407601935236
87,22,143.1942969327647
87,23,173.73833652586472
87,24,135.70400102508574
87,25,125.65060354273737
87,26,137.47145429818192
87,27,139.7963281397242
87,28,151.7371901374936
87,29,148.4676948443739
87,30,157.81225339623052
87,31,148.74842141419504
87,32,130.65416793121403
87,33,119.28179105347226
87,34,137.13832186682703
87,35,148.63531420777872
87,36,121.13339777407964
87,37,138.25511964993348
87,38,128.85485138001968
87,39,126.58027951756958
87,40,120.65747162028129
87,41,163.68381405934633
87,42,117.6123939465615
87,43,122.87051690630324
87,44,142.46566186460404
87,45,128.85901978828042
87,46,136.18176772531297
87,47,132.6175023629694
87,48,136.28117826597008
87,49,133.18675954478385
87,50,139.38934938694
87,51,101.85213582430879
87,52,115.96427170829702
87,53,106.86523625661357
87,54,120.0031334122832
87,55,126.51614953968237
87,56,147.12866093777848
87,57,112.06596435102983
87,58,136.95005990409845
87,59,122.34333103572135
87,60,122.02547752157261
87,61,125.75765915498778
87,62,139.83339233235893
87,63,126.61237520455325
87,64,115.77156103790185
87,65,124.57237663692649
87,66,123.25028090257547
87,67,110.20157121895318
87,68,125.87824548364733
87,69,122.0948363835414
87,70,125.18607689602504
87,71,108.54279557133123
87,72,128.11384343268583
87,73,108.95462747029524
87,74,109.60591232591833
87,75,115.89864743075304
87,76,124.6312502684741
87,77,100.95992806013965
87,78,140.7718001813264
87,79,114.91736503949505
87,80,105.67319906016928
87,81,97.20516410119308
87,82,114.65255218793027
87,83,121.84906379769382
87,84,130.05106789296406
87,85,112.63627927968628
87,86,113.04065915862884
87,87,115.75895810555085
87,88,131.27830372934113
87,89,83.37759868505236
87,90,85.97433597101917
87,91,92.44321033004235
87,92,103.8931740768603
87,93,110.30756087727787
87,94,107.9882260947852
87,95,126.4326908868752
87,96,104.84425157155056
87,97,130.08017329638096
87,98,121.91551182248804
87,99,88.04772432866594
87,100,102.82329845196364
87,101,105.2699533614068
87,102,94.13332330060075
87,103,99.76098349221138
87,104,115.0715111559548
87,105,88.51454523330176
87,106,85.10381744191545
87,107,90.10063446890854
87,108,91.21276845541433
87,109,101.55257584049104
87,110,101.53023253195715
87,111,78.77852371401968
87,112,91.68595270070364
87,113,87.96735784727935
87,114,95.04295608692337
87,115,75.49531074531842
87,116,100.59710378961609
87,117,92.88565208414366
87,118,84.8195085748157
87,119,77.84132689503167
87,120,81.28375737492024
87,121,65.88633718372148
87,122,58.03920380836644
87,123,70.10112877652864
87,124,77.46411961349077
87,125,47.64327375058201
87,126,49.5699548065968
87,127,64.78088684173417
87,128,47.906598197128915
87,129,52.39486963359377
87,130,42.93639954980608
87,131,44.769683581565914
88,1,144.8255226538531
88,2,130.53023204139026
88,3,118.25930204480392
88,4,125.33952930212399
88,5,117.76491814562905
88,6,148.6137106917231
88,7,137.68543756871077
88,8,127.49017181663658
88,9,130.86482942087605
88,10,136.12484267731634
88,11,121.97157524692739
88,12,131.00895793942618
88,13,128.1157741711504
88,14,127.5603972225581
88,15,139.73322327082133
88,16,123.44101857422356
88,17,117.11689098987699
88,18,130.75135742375278
88,19,106.45989398514939
88,20,121.48218794750574
88,21,115.55536774919165
88,22,138.83888751424092
88,23,143.95953470376116
88,24,119.9226097367573
88,25,109.00414074726723
88,26,137.89323879563017
88,27,109.72458971571177
88,28,130.11738021603378
88,29,118.80858668827568
88,30,137.2360077437188
88,31,131.11425794286333
88,32,133.4310716500695
88,33,133.079442623035
88,34,118.80878644917539
88,35,98.1372516890915
88,36,130.20964150636428
88,37,115.53790722288977
88,38,110.59799728262442
88,39,123.51975085389131
88,40,136.88806672382634
88,41,134.23833984819794
88,42,122.59159992959758
88,43,128.0317553333225
88,44,115.47143755501747
88,45,118.41088405538176
88,46,121.63160071541643
88,47,131.16184797050664
88,48,123.05306754766934
88,49,145.285304662626
88,50,116.50517338360078
88,51,137.3503243565283
88,52,138.9319853090201
88,53,106.63398883405898
88,54,145.9359852759153
88,55,121.06498734503839
88,56,123.57010637731582
88,57,113.66283556900453
88,58,132.95849045763316
88,59,128.27154358440748
88,60,129.609226483175
88,61,138.29657417706767
88,62,118.44918767647323
88,63,145.23737972413073
88,64,123.79880590805988
88,65,118.4287270445202
88,66,129.32794777872186
88,67,136.68810863159888
88,68,115.21107568424486
88,69,123.15972073902958
88,70,124.43163853661827
88,71,125.04126465939771
88,72,128.5563406562287
88,73,129.82085857843776
88,74,119.20458122908894
88,75,126.82875414357841
88,76,120.6082510519118
88,77,120.00594160856417
88,78,141.002775630237
88,79,125.57274023202626
88,80,127.35404995177669
88,81,143.75166939920018
88,82,131.49810431559308
88,83,125.93622772439994
88,84,131.7379671880044
88,85,124.6008826542602
88,86,125.05644280746492
88,87,105.71702825825196
88,88,126.04464719875978
88,89,105.71032624130021
88,90,114.3844366053745
88,91,107.00326597756793
88,92,124.59221618494485
88,93,116.51948678725603
88,94,116.80932750156353
88,95,109.26217867974628
88,96,120.36261875313357
88,97,120.93794257592526
88,98,127.27156024347642
88,99,125.70695638255711
88,100,105.23162848706852
88,101,109.1308247704219
88,102,88.2672468407327
88,103,101.8757052128567
88,104,110.72496273557772
88,105,97.72765190729115
88,106,94.11420511055621
88,107,99.27973058610223
88,108,124.63790708568558
88,109,82.0111410385507
88,110,104.88711037068424
88,111,118.26455634695594
88,112,126.22571173898905
88,113,123.23860609678377
88,114,114.98314276575547
88,115,111.23820025028544
88,116,107.65352177905879
88,117,97.98479555526865
88,118,129.91805144554382
88,119,114.99113536277582
88,120,95.67435646429658
88,121,108.73827634779445
88,122,101.86243454091164
88,123,108.59362898352992
88,124,107.09889087054762
88,125,106.82617150525766
88,126,119.0257621070341
88,127,147.2990692018211
88,128,89.9468944506225
88,129,91.52309584954492
88,130,101.12695599361177
88,131,75.93282188785815
88,132,110.28297720653063
88,133,115.96623077338154
88,134,104.34162680060399
88,135,102.16378153635742
88,136,110.17338529306289
88,137,77.99614883527101
88,138,108.9179040511226
88,139,98.76772053340392
88,140,90.39788256596512
88,141,120.12590056272893
88,142,99.92877298917301
88,143,93.58204193020356
88,144,82.225158010413
88,145,104.28083451013663
88,146,90.44374273259018
88,147,85.98706235508871
88,148,75.81571444067959
88,149,79.77877445967897
88,150,82.77940223420592
88,151,109.06728285967984
88,152,91.4820036725796
88,153,82.85142390105466
88,154,85.72724943636422
88,155,103.39688722143183
88,156,104.58764996503305
88,157,102.21180630640447
88,158,72.172149286067
88,159,81.92452811910334
88,160,110.87204464015667
88,161,86.00993415532139
88,162,100.38416607127147
88,163,69.9516127156603
88,164,97.92073979331326
88,165,77.2485750160049
88,166,94.11315148965514
89,1,123.63466784203774
89,2,95.92982267752086
89,3,110.69359556512063
89,4,111.79905433156091
89,5,110.27115730664809
89,6,110.68150914046419
89,7,92.63224697557598
89,8,90.34355896314082
89,9,114.05358137153962
89,10,111.31276536307996
89,11,112.9635847198806
89,12,117.57962299240899
89,13,111.28993270951469
89,14,120.03379456220136
89,15,102.73972309512465
89,16,128.34286387274187
89,17,108.00387839500036
89,18,104.35388086350576
89,19,120.71545314539253
89,20,121.34137485086103
89,21,133.93413621131913
89,22,122.56867191052152
89,23,95.1286144303449
89,24,107.47886463362374
89,25,85.10842226240493
89,26,100.82138120597665
89,27,119.88688853319036
89,28,102.75107750236202
89,29,104.33549769692763
89,30,100.92011892639857
89,31,116.28326134509553
89,32,112.18694718291954
89,33,126.04438557311369
89,34,115.66903453696432
89,35,107.99641348173463
89,36,108.63264220042038
89,37,86.12677922039438
89,38,112.14249014208326
89,39,96.07027329291304
89,40,100.38962102988444
89,41,97.84522632269363
89,42,96.33007356937742
89,43,101.9490409012069
89,44,109.31805827334028
89,45,87.98295503074041
89,46,99.32948889961699
89,47,102.07660096735344
89,48,98.91532045271742
89,49,118.22680554701219
89,50,104.3581811367767
89,51,103.31019460457173
89,52,101.87438432221097
89,53,103.8780542145978
89,54,118.08230183520209
89,55,112.93065216561081
89,56,102.45425538713607
89,57,81.93058013138943
89,58,95.30520118380082
89,59,106.21074117090757
90,1,149.0756451317502
90,2,156.01596743579285
90,3,123.11890693643363
90,4,159.16997212116985
90,5,139.59369475243875
90,6,156.53724847881676
90,7,154.65930948458117
90,8,127.90319286548765
90,9,145.1602132820699
90,10,140.70917985872802
90,11,132.694421127846
90,12,125.42609409454599
90,13,128.4007281485683
90,14,129.17439572180592
90,15,139.6070115444527
90,16,135.38349877212022
90,17,142.59955311701924
90,18,151.5600581813851
90,19,146.60546500728378
90,20,148.00017923554697
90,21,148.558733816506
90,22,153.5584667315925
90,23,160.85932761681033
90,24,115.16183422366885
90,25,134.8662049156119
90,26,136.5855603177988
90,27,145.5403165865573
90,28,134.25772753230558
90,29,135.86848260869738
90,30,124.24059745980776
90,31,125.04399678717891
90,32,137.71710118047486
90,33,139.42172289811424
90,34,146.81591214655782
90,35,148.8713804240324
90,36,128.8296656306993
90,37,157.5738110923703
90,38,139.18051147858205
90,39,151.65650087455288
90,40,138.70905880440841
90,41,140.26462071042624
90,42,155.14280373806832
90,43,146.92677135716804
90,44,147.03595461481746
90,45,141.81279828032712
90,46,141.3277367786941
90,47,146.41101767346845
90,48,140.04135364755348
90,49,149.15728983776353
90,50,135.411332273914
90,51,139.9281412413111
90,52,135.49715004470636
90,53,132.77365608295804
90,54,154.22370081415283
90,55,114.63255564918654
90,56,119.19754248897516
90,57,129.99853517732117
90,58,136.7078742377853
90,59,112.7837789935802
90,60,133.6255508858303
90,61,130.77436869459052
90,62,124.33312243084947
90,63,124.45305022036337
90,64,141.6965490941293
90,65,136.19318129077146
90,66,112.54549965295155
90,67,144.60860140654404
90,68,130.336714670746
90,69,129.91073552546732
90,70,132.79116751405672
90,71,120.2371258131825
90,72,127.93813027470605
90,73,122.23322343643667
90,74,113.09720558302797
90,75,129.9085715675974
90,76,97.05400989756163
90,77,127.60808894766524
90,78,105.25757186938426
90,79,133.00239386341855
90,80,128.36613088058948
90,81,121.61043496961793
90,82,123.1146621806256
90,83,130.3344719580855
90,84,129.9901991502411
90,85,134.7855352594488
90,86,127.23012722255953
90,87,122.28356481924857
90,88,106.17002399767807
90,89,125.33057507361082
90,90,117.21841283423419
90,91,105.67029010368424
90,92,123.7837713961635
90,93,107.30856809215766
90,94,115.82779818234849
90,95,121.81849034166225
90,96,104.26345909849624
90,97,116.18900600033521
90,98,112.28482192077354
90,99,101.4672871427465
90,100,135.41556293833128
90,101,111.79557895431208
90,102,106.78012587353442
90,103,105.54644769609877
90,104,107.01443235424813
90,105,101.59809829288861
90,106,114.48021775238885
90,107,97.79988513649005
90,108,99.83638290596718
90,109,90.04903856180317
90,110,102.05770908873092
90,111,85.15307880818727
90,112,97.99432205531048
90,113,113.42843431041547
90,114,91.9868922871683
90,115,87.64559502388147
90,116,101.72538628237817
90,117,85.9253938381662
90,118,90.06830607352458
90,119,97.50870947931253
90,120,88.86834596616973
90,121,99.18347451213049
90,122,71.59000745810044
90,123,89.22433970592101
90,124,91.43328487697727
90,125,86.33489505071338
90,126,69.85698281316581
90,127,52.55448998686188
90,128,72.96418369738967
90,129,72.89194813982613
90,130,54.40259384980163
90,131,68.50819433025026
90,132,76.43347221063595
90,133,78.08076670440641
90,134,61.713301952371694
90,135,65.4207877614208
90,136,71.36374815087765
90,137,93.75495275737194
90,138,48.92195302374603
90,139,51.30162232792645
90,140,56.618124063912546
90,141,53.91691784582508
90,142,59.97291487849725
90,143,55.07253478530038
90,144,40.21327130471764
90,145,31.73867883195635
90,146,39.43394906866888
90,147,42.07167340988963
90,148,35.426476596228895
90,149,56.667281789203116
90,150,46.36115830029303
90,151,28.01432897959603
90,152,25.577800875806133
90,153,27.671924162736104
90,154,-7.756128468514362
90,155,1.1449779191461857
90,156,18.56179561901081
90,157,18.589516320906114
90,158,0.5425132573436713
90,159,31.189970433137205
90,160,1.1676640384248458
90,161,-34.70658919400739
90,162,-5.794013238577463
90,163,-3.856179281923687
91,1,122.76129271310492
91,2,119.46525844529242
91,3,129.22227976746217
91,4,110.2504669772461
91,5,94.27990150474943
91,6,96.32866926187126
91,7,103.34055997262476
91,8,130.07410300420452
91,9,122.11497578983835
91,10,132.20986530029768
91,11,84.12132214930898
91,12,116.2677023926808
91,13,105.12840200265782
91,14,115.80140895315708
91,15,128.26515086682048
91,16,94.71767091135553
91,17,115.10128702726797
91,18,126.59679196456273
91,19,121.40306869299093
91,20,122.45868707656336
91,21,114.64672263657849
91,22,121.90694316765439
91,23,113.99019505654724
91,24,110.79485305548587
91,25,120.49050417076069
91,26,112.06203309796547
91,27,133.28760328546923
91,28,124.8175525633269
91,29,107.66315083939116
91,30,153.76989773995592
91,31,112.69257969122555
91,32,109.15548549609957
91,33,134.30522901706718
91,34,142.83415803715616
91,35,116.27479147774284
91,36,118.33970472386864
91,37,133.34064294632117
91,38,142.99247145211848
91,39,132.75844886119012
91,40,129.45232113780366
91,41,116.13438468976528
91,42,138.70398849093908
91,43,119.25997408108378
91,44,120.67010096015292
91,45,127.83026693759166
91,46,123.63238875722891
91,47,113.05438341121771
91,48,118.16046800518961
91,49,125.32201529174927
91,50,112.66327338187693
91,51,118.757315558556
91,52,122.19684333028272
91,53,119.77886024535837
91,54,138.35631075055426
91,55,115.55760864425247
91,56,109.68556163651374
91,57,143.66505818861333
91,58,123.29825442109723
91,59,95.08294903205388
91,60,135.44995164145075
91,61,107.79335935251584
91,62,131.33814592612907
91,63,127.4152011961778
91,64,99.33173389074364
91,65,125.21315989065624
91,66,114.84977877714118
91,67,110.10830743365659
91,68,113.93906876356778
91,69,121.62467816086428
91,70,109.23322197819653
91,71,120.37147505486791
91,72,127.87194735182857
91,73,136.1841191341955
91,74,128.50535664207564
91,75,111.98997958510881
91,76,158.9351745666645
91,77,116.47474719881575
91,78,90.45005492779455
91,79,119.78294709473266
91,80,125.35737047202565
91,81,110.73187160869566
91,82,122.42309675889555
91,83,126.37953756798379
91,84,116.92931594261609
91,85,127.53897068429069
91,86,115.03856422370154
91,87,107.78105425891408
91,88,114.07788989480468
91,89,107.98944415460574
91,90,118.32889330751641
91,91,130.93285980505607
91,92,115.24902847721387
91,93,105.50349630325945
91,94,114.04023310156481
91,95,115.55471815360215
91,96,122.86565031245118
91,97,97.71235106383392
91,98,108.84810397346882
91,99,133.7409849292235
91,100,126.39496635141404
91,101,107.70658281172655
91,102,121.94501062544441
91,103,138.57133340882137
91,104,106.26930224126409
91,105,116.2464501965369
91,106,113.80535045250144
91,107,106.95108018426981
91,108,85.5311409933638
91,109,108.56825164020847
91,110,116.66195779448026
91,111,110.7380764526024
91,112,116.85169944290101
91,113,132.5929587239807
91,114,89.11402873835323
91,115,125.36941287256195
91,116,124.85242490789096
91,117,123.63697250746918
91,118,83.35910788369074
91,119,99.27390650640882
91,120,80.58653192828206
91,121,99.81495813076617
91,122,82.19760538727132
91,123,101.44613468454918
91,124,109.1057343059656
91,125,98.52058220861363
91,126,101.4325747721523
91,127,108.71670385656762
91,128,120.13484812909155
91,129,100.82836374238832
91,130,92.19955139434751
91,131,110.95586068979901
91,132,116.66572242447728
91,133,84.59200566255458
91,134,96.48512469575508
91,135,113.99062153235718
91,136,94.09357900321629
91,137,95.88507484165893
91,138,94.58443489907222
91,139,105.19101922060509
91,140,99.62162483110296
91,141,84.46734230030415
91,142,112.35570822349837
91,143,92.59538665182481
91,144,74.02408556664886
91,145,109.0366775980001
91,146,82.34056311714812
91,147,88.94015847426635
91,148,86.88671923519723
91,149,111.16382385978068
91,150,83.19317788055196
91,151,86.3164190307798
91,152,97.10046552006679
91,153,109.59268969891855
91,154,93.26829052944231
91,155,95.13181388718658
91,156,92.6862520793511
91,157,93.47032146438869
91,158,107.95845882192225
91,159,108.54342203832493
91,160,89.1303532684833
91,161,86.46672575283446
91,162,79.09318800341862
91,163,106.76774453950202
91,164,89.07712521302165
91,165,102.96497516591626
91,166,74.7374417946412
91,167,110.79894657171099
91,168,78.31487342000764
91,169,77.31125622902618
91,170,84.09489419623424
91,171,84.43082124218199
91,172,89.16584267612052
91,173,77.58055183663237
91,174,98.85355783981504
91,175,93.63771138523589
91,176,73.80658696294267
91,177,64.57184132806287
91,178,90.92609084519063
91,179,112.46800820509088
91,180,84.128394984451
91,181,76.33795122415177
91,182,85.26534027798334
91,183,67.41762899445894
91,184,99.10890833826852
91,185,74.43397211365664
91,186,84.82086942165188
91,187,51.349942473760166
91,188,83.34488146871445
91,189,87.00448300479911
91,190,110.34894953302137
91,191,73.7062044521881
91,192,78.66370295146771
91,193,69.76268680578505
91,194,85.21924384409795
91,195,84.90002997851843
91,196,75.4938193288981
91,197,55.10030309352442
91,198,74.34637452227616
91,199,58.65144489269005
91,200,80.47887345581694
91,201,88.28065940344095
91,202,59.303436087102455
91,203,56.755092851948575
91,204,70.8443214025101
91,205,72.75021128597291
91,206,100.40491911596473
91,207,77.67809210313862
91,208,54.16176365467254
91,209,66.98971129651181
91,210,85.44336045846285
91,211,75.17717737957719
91,212,102.72238226628542
91,213,52.218452544017055
91,214,62.82434356730664
91,215,76.07775700718776
91,216,46.12450221795734
91,217,72.37476868810336
91,218,63.1279415102108
91,219,57.73878770478041
91,220,67.56072600079642
91,221,102.22367908884189
91,222,59.70332731765666
91,223,61.01503591351502
91,224,69.87920585741813
91,225,61.95416660706542
91,226,66.65795504317066
91,227,55.74212331952003
91,228,75.04902933632548
91,229,66.62144748779247
91,230,57.88668974365282
91,231,75.56213325637509
91,232,55.86140109878761
91,233,61.276486471244425
91,234,67.6975171155209
91,235,67.96068377105985
91,236,39.5327475564045
91,237,50.235912055875815
91,238,62.71693997075636
91,239,58.77512841103817
91,240,31.567801374134433
91,241,57.85024404897558
91,242,21.925413307333656
91,243,61.37867929592903
91,244,41.762509657892224
91,245,40.5907194003521
91,246,65.54910673202903
91,247,18.453274442064867
91,248,42.96415797564987
91,249,50.962273975412245
91,250,31.717495366581716
91,251,44.70181549018889
91,252,36.08203847549157
91,253,53.18852790831079
91,254,34.41157047601155
91,255,52.855930936104414
91,256,56.67272431579477
91,257,43.23802450337098
91,258,42.67465726524097
91,259,56.948863328816515
91,260,52.06482087515178
91,261,41.79789867607178
91,262,15.212130968357087
91,263,23.98934582441143
91,264,-13.310457887761004
91,265,16.792929183524393
91,266,39.1874362850358
91,267,28.695314275479177
91,268,-3.1060028558131307
91,269,23.181848120912036
91,270,31.743927762079693
91,271,15.186982754810742
91,272,35.710170034151815
91,273,28.275172849091177
91,274,29.433272592177673
91,275,24.400918968276528
91,276,10.708863946347265
91,277,1.876855673333921
91,278,29.550059981771483
92,1,154.47441583822365
92,2,168.43962341253064
92,3,162.8800585172794
92,4,174.03543097350484
92,5,148.0216517755689
92,6,141.14863678499387
92,7,135.49264532748202
92,8,150.95574664513697
92,9,178.24352554781217
92,10,151.94032662270183
92,11,165.73947316482372
92,12,179.21960996826238
92,13,158.5162633322907
92,14,171.7206519476531
92,15,175.64720556632528
92,16,136.37510762462625
92,17,148.42563909992168
92,18,153.6299921423779
92,19,169.32939428997634
92,20,145.4348135642722
92,21,151.59287424859212
92,22,148.22239889051707
92,23,147.83186377987295
92,24,133.57095963024767
92,25,160.7974757165939
92,26,133.1538706153442
92,27,127.15174648522225
92,28,167.30394683184568
92,29,147.15051825054252
92,30,171.19158849762607
92,31,143.34281671460485
92,32,153.78765268195275
92,33,157.3875845098446
92,34,147.60638619751262
92,35,155.27805181958684
92,36,169.40799818363303
92,37,136.33076388142217
92,38,135.5762053797589
92,39,150.4021817635803
92,40,128.6304358401103
92,41,136.94030793871934
92,42,151.53394720404322
92,43,131.02588724815723
92,44,143.24098693213455
92,45,135.59195017181628
92,46,145.05646276886546
92,47,159.21284801359434
92,48,155.32150964321045
92,49,149.38678409173008
92,50,136.63787874174886
92,51,139.3131318375672
92,52,138.23612422908627
92,53,138.21836887559766
92,54,120.22184005862073
92,55,118.5772567389431
92,56,168.60920512634038
92,57,144.53761660788587
92,58,132.86343477050832
92,59,135.73679239065677
92,60,140.18910680029512
92,61,133.91553528259828
92,62,173.00387079476786
92,63,144.05297394837544
92,64,129.7783245169485
92,65,118.34223280572769
92,66,117.84906494622555
92,67,146.74673149325827
92,68,167.27487300698704
92,69,139.81726551380416
92,70,137.20201738731703
92,71,115.54147411134909
92,72,142.43366898337263
92,73,129.69969998859597
92,74,165.60409145442827
92,75,146.55434333709127
92,76,141.9934842754592
92,77,138.3453259795133
92,78,154.71890671236906
92,79,147.95242015145777
92,80,130.0378863789374
92,81,146.61786946912616
92,82,123.38155662571808
92,83,146.81308318029187
92,84,162.9918030086701
92,85,138.4559508122693
92,86,121.40017833348247
92,87,132.9179424553222
92,88,131.1764246588573
92,89,147.94053010428615
92,90,128.2437291757451
92,91,121.37452764200862
92,92,143.95241268161772
92,93,154.72197262293048
92,94,139.189363055797
92,95,117.70047131180036
92,96,124.00768687619711
92,97,130.61382565689564
92,98,150.75104497141
92,99,145.93840432199067
92,100,109.25462799849629
92,101,109.79649404456723
92,102,127.42445038659207
92,103,121.07041036582814
92,104,133.0122683759546
92,105,153.68072225180367
92,106,112.74973508826224
92,107,108.94634114828659
92,108,128.1941994144945
92,109,122.39179618966591
92,110,142.9965251873291
92,111,112.1732638207468
92,112,136.46163098258694
92,113,123.23115968241473
92,114,137.3429700424167
92,115,100.3858850527613
92,116,120.62271617481747
92,117,116.53961451940268
92,118,121.32392603551853
92,119,123.29122627869219
92,120,122.87776841606683
92,121,133.77426234468294
92,122,112.73180658320052
92,123,108.28219223744236
93,1,130.13778921079938
93,2,111.60915304346418
93,3,168.15348927405284
93,4,127.06877807991259
93,5,135.91504464278114
93,6,144.7343693730727
93,7,124.37823345189099
93,8,125.0954110783714
93,9,130.3747052221297
93,10,116.69064393571898
93,11,129.2594719839326
93,12,123.47421713543008
93,13,113.17997871398256
93,14,131.4085998677183
93,15,127.30956032141694
93,16,125.5065191681424
93,17,130.03221118549845
93,18,124.10557188598614
93,19,125.98252321315522
93,20,134.9454194913269
93,21,100.27820536037325
93,22,137.17698043362907
93,23,133.59032386698527
93,24,111.23775764818129
93,25,122.9405286965266
93,26,129.88171588409023
93,27,133.78499518804892
93,28,137.55561166717234
93,29,127.83932726807689
93,30,137.66999621351715
93,31,123.34458212999743
93,32,123.57953070227086
93,33,125.94758346162416
93,34,137.8899642879769
93,35,123.52859626102145
93,36,129.75711871129897
93,37,136.0657469816142
93,38,121.0247666296491
93,39,137.9253691980848
93,40,121.63409588785726
93,41,148.1776107327678
93,42,125.07203256670618
93,43,104.045976679241
93,44,123.3158251688219
93,45,136.48466615702637
93,46,118.69456250426447
93,47,121.37106443729135
93,48,107.04195935494499
93,49,153.67452252309886
93,50,130.73766392286052
93,51,142.13168556701567
93,52,111.00121984299767
93,53,117.38047912785987
93,54,114.39968408062123
93,55,130.7018543436061
93,56,136.9365493111909
93,57,101.74009826801193
93,58,113.28200188416668
93,59,119.0260863738149
93,60,125.86980858085008
93,61,116.48439804142254
93,62,131.08995672943274
93,63,131.06054444726033
93,64,105.49816627670225
93,65,110.70108234930376
93,66,119.83799776693195
93,67,115.83812018318713
93,68,117.0353856124857
93,69,121.28064495424769
93,70,137.41982698552602
93,71,108.3871503321352
93,72,121.73926528177981
93,73,121.28644035200705
93,74,125.89043504786241
93,75,127.20629423909122
93,76,132.40194790501846
94,1,103.49299758223788
94,2,133.84295671087602
94,3,118.07580312022037
94,4,135.22104018341633
94,5,112.38483652770083
94,6,133.38656753125542
94,7,134.01964562165085
94,8,159.27264741918043
94,9,102.44747595804074
94,10,133.10877926427202
94,11,117.70020394693711
94,12,110.02297059051489
94,13,114.52916434667713
94,14,116.04340669033263
94,15,132.1205127195717
94,16,141.37785851286753
94,17,107.61903517529572
94,18,118.5549172663741
94,19,136.3878512611118
94,20,131.12403859542246
94,21,117.85282447018108
94,22,120.71310114399239
94,23,104.44795412367239
94,24,124.98645228347596
94,25,135.30582497520663
94,26,137.94330602913396
94,27,130.98369506773452
94,28,122.69169699039048
94,29,112.11548886542732
94,30,132.96917603199108
94,31,142.36861591478373
94,32,121.48812638817617
94,33,141.76119728605408
94,34,137.32008340102766
94,35,124.86429631712235
94,36,100.79085961163219
94,37,127.90764043125091
94,38,121.482767557216
94,39,137.6164513222975
94,40,96.02903741252521
94,41,112.34075978964393
94,42,126.73323378730856
94,43,120.61668250842195
94,44,156.34299071956048
94,45,110.74291835373151
94,46,124.32791430758516
94,47,114.3595503961842
94,48,101.26912572733272
94,49,98.86058984044939
94,50,116.92535223666346
94,51,133.55789682593604
94,52,120.2284555405713
94,53,117.49751221996848
94,54,120.83451075110497
94,55,113.59528751278413
94,56,113.89265455731947
94,57,118.00988296986907
94,58,119.94821502861305
94,59,91.77517457221984
94,60,121.95721762809262
94,61,122.58426081399375
94,62,123.96435985306744
94,63,128.73089046873065
94,64,116.31585348412045
94,65,112.51782628434012
94,66,101.31460250468808
94,67,108.92313546536025
94,68,128.8644929231159
94,69,130.54531341158145
94,70,115.41637639598048
94,71,93.6673860262672
94,72,111.10552966388786
94,73,115.23354870844196
94,74,104.08429148117284
94,75,99.76231484282471
94,76,137.4204037575546
94,77,109.66410773149255
94,78,139.84590327479964
94,79,123.1339021010499
94,80,109.39645567289699
94,81,86.83438768910128
94,82,111.496089105196
94,83,99.80030176988657
94,84,115.94658941752277
94,85,96.54145573711139
94,86,110.31391232561145
94,87,103.44984721161745
94,88,136.6849814170564
94,89,97.46512103405257
94,90,104.84355614345986
94,91,108.78167289664998
94,92,96.88748122539255
94,93,106.1437705485805
94,94,110.68325179524254
94,95,99.45484742226836
94,96,103.87962310550938
94,97,107.84876409303251
94,98,124.43198629158724
94,99,120.64655047494307
94,100,84.28390552324709
94,101,125.6416162089954
94,102,112.82707673399273
94,103,98.61585921893129
94,104,112.68228267461382
94,105,111.93831491724995
94,106,112.04857879314659
94,107,108.21951415787771
94,108,87.43996398552554
94,109,102.18439612568181
94,110,105.69410725832131
94,111,115.15391068847384
94,112,101.03356747952785
94,113,84.83288507688121
94,114,88.98608734679146
94,115,103.36014746768342
94,116,105.69834294357861
94,117,100.19215456036909
95,1,92.13236144027906
95,2,125.24860809752863
95,3,107.28093711349356
95,4,114.30744358109223
95,5,105.54873038691585
95,6,105.45622583332442
95,7,107.17418506637478
95,8,95.09755751842022
95,9,84.36346615065122
95,10,121.51888943545055
95,11,105.14526804532943
95,12,132.34174538913794
95,13,117.71788796582405
95,14,128.46974299782596
95,15,80.80045570704533
95,16,96.92542162222526
95,17,101.60000080550526
95,18,94.28931803845626
95,19,99.82833199227753
95,20,104.93437768475997
95,21,94.23969737641164
95,22,113.25108647297748
95,23,105.60586255218368
95,24,112.49077351125015
95,25,113.37894409660657
95,26,95.10583446003147
95,27,110.06701945310488
95,28,108.21097965037916
95,29,100.10073697737243
95,30,108.31684142706945
95,31,100.37624473126925
95,32,97.08363557537086
95,33,116.60031988417904
95,34,108.62803608930699
95,35,106.03522516828525
95,36,84.72132445845637
95,37,131.76102060382254
95,38,77.72628802702093
95,39,111.67692896899825
95,40,99.32118140495731
95,41,113.49821826733387
95,42,117.10124500689562
95,43,108.31436983307503
95,44,95.61499037183239
95,45,99.64175855045323
95,46,143.21269214308268
95,47,110.37837528288946
95,48,94.69493917797809
95,49,94.78900594123843
95,50,101.98061735850206
95,51,106.16064554213517
95,52,109.33862424040854
95,53,100.02097762338235
95,54,84.10098132734856
95,55,115.01997369664605
95,56,93.93637064425275
95,57,87.3600532055425
95,58,87.87357393025013
95,59,111.91149230821611
95,60,116.74787104549614
95,61,111.60154032340506
95,62,84.66503089729667
95,63,99.11571739239298
95,64,91.5811724298037
95,65,110.31685568620014
95,66,103.05073510885995
95,67,102.4307948257192
95,68,94.16283424154972
95,69,99.04494371594774
95,70,95.6204721570175
95,71,108.79510487358493
95,72,114.09997909049707
95,73,83.24852271608688
95,74,95.12841354367993
95,75,85.15397833654424
95,76,89.10244879660604
95,77,102.2399671726962
95,78,100.36369188129902
96,1,110.51048586081015
96,2,104.0750234089719
96,3,102.5006546439472
96,4,127.30189631092071
96,5,90.29508032323793
96,6,117.29101555427042
96,7,99.11090548651555
96,8,82.89918220583058
96,9,117.48493024862546
96,10,91.89975709051214
96,11,72.28661764627032
96,12,128.94491622831265
96,13,95.42862032542325
96,14,115.10840493132855
96,15,92.8622100053908
96,16,111.85249090736761
96,17,109.80335944003309
96,18,106.10288852682424
96,19,95.15186175721465
96,20,104.98674507573014
96,21,99.47240806998889
96,22,83.72429933141393
96,23,107.57539561155863
96,24,117.78981966340507
96,25,98.03931636074412
96,26,101.62295620824443
96,27,96.69954479209991
96,28,97.9254830518912
96,29,99.29704850953567
96,30,79.57003294106835
96,31,74.57054445554968
96,32,98.51285369780089
96,33,109.52500290508033
96,34,98.20465287975821
96,35,66.18790334660298
96,36,95.59295047254273
96,37,119.24757190482342
96,38,90.43502617059858
96,39,101.72652993618976
96,40,79.17558993050625
96,41,87.4764802854188
96,42,91.8880887172345
96,43,101.63548688312585
96,44,84.48750595461752
96,45,107.1208980780284
96,46,70.81905674828886
96,47,109.94682865222421
96,48,74.55378504721011
96,49,60.01597824046621
96,50,79.26340574771893
96,51,78.59406765764288
96,52,98.8306862484169
96,53,84.84981838701788
96,54,72.19536324650107
96,55,108.9728395675047
96,56,89.17829041043296
96,57,86.48246534833015
96,58,117.14229321262974
96,59,96.01408300684852
96,60,102.30198495913646
96,61,97.09688004760392
96,62,97.48945356284094
96,63,109.7980102461006
96,64,89.63600647824205
96,65,92.37340763922839
96,66,120.00502030235657
96,67,74.89113166048628
96,68,92.90974019325222
96,69,103.57428663850442
96,70,89.21380002835213
96,71,90.9473882961247
96,72,93.94515674663126
96,73,78.33561423885112
96,74,84.33248820703739
96,75,104.78843267616321
96,76,59.05454120768991
96,77,98.09990636913426
96,78,86.447872949655
96,79,64.73755473143683
96,80,86.60549766517215
96,81,63.039370644874
96,82,100.2815290114595
96,83,87.53075011988403
96,84,88.31040029657015
96,85,82.0325650237719
96,86,46.10672455930762
96,87,95.60879486463091
96,88,83.60905378768075
96,89,79.41325752659031
96,90,56.00966630617768
96,91,67.07997519601486
96,92,97.56578752563655
96,93,97.95059387119545
96,94,98.41991571412655
96,95,78.57112349640374
96,96,82.4529183141567
96,97,74.6954199821339
96,98,65.67098519915453
96,99,62.3104404510741
96,100,81.12890858534229
96,101,73.31811603019742
96,102,53.89478778666671
96,103,90.11530769565434
96,104,77.44437573333562
96,105,92.3824950994458
96,106,69.06058381279217
96,107,77.34598631913832
96,108,75.37267514284031
96,109,91.40319442843611
96,110,77.34482668113196
96,111,85.64092022731347
96,112,79.69663751500775
96,113,72.86055711923836
96,114,60.19983621242136
96,115,92.6433756266124
96,116,79.58390229434735
96,117,56.05129672236217
96,118,70.64594650036815
96,119,72.7208703404176
96,120,58.89392328811664
96,121,60.39335911929811
96,122,63.10488681709103
96,123,63.98497455172037
96,124,78.47045755400177
96,125,81.2552025031182
96,126,61.54698935533088
96,127,56.0598755547835
96,128,60.23135597014334
96,129,87.79605110926059
96,130,42.82447506995959
96,131,67.76187796605518
96,132,46.15095078903687
96,133,52.44011440471513
96,134,71.10249575869966
96,135,55.32775744346873
96,136,45.920082794473274
96,137,43.81138280012965
96,138,36.17783626399614
96,139,70.38442479018704
96,140,66.88744659430813
97,1,124.2861184623398
97,2,111.2968308994241
97,3,98.50003358891263
97,4,105.75779475985473
97,5,111.63395488013339
97,6,134.88410505534557
97,7,98.97927537438227
97,8,94.35805168771913
97,9,138.26343939110666
97,10,109.93912277463824
97,11,103.60821447048511
97,12,96.85770820661855
97,13,120.26095951329626
97,14,99.28540362754575
97,15,82.26345853180828
97,16,88.12036190182698
97,17,91.9014591627274
97,18,109.4588468592483
97,19,82.262761215723
97,20,106.3420616134099
97,21,115.05357277131407
97,22,99.25330293843581
97,23,101.35126647316793
97,24,102.6522198423263
97,25,106.81654316157801
97,26,114.14879781153286
97,27,92.06810307378328
97,28,111.51788493038475
97,29,89.72744945591694
97,30,117.53084385991679
97,31,126.95815621009388
97,32,95.21381145723717
97,33,106.04708879167447
97,34,100.46823111876438
97,35,121.10791583769605
97,36,106.35422762885719
97,37,113.4633111126168
97,38,118.8882843459578
97,39,85.30906128423521
97,40,107.88547531464428
97,41,115.7643711553319
97,42,116.06116421017941
97,43,89.35516087193537
97,44,115.7533574238987
97,45,110.19368453403877
97,46,97.78269993045251
97,47,104.87490306754626
97,48,102.09169839355309
97,49,120.02504741834855
97,50,117.65363153540238
97,51,99.81157105601596
97,52,117.4524821958912
97,53,104.72863255970879
97,54,119.89037364216347
97,55,81.85018260647485
97,56,88.13870710576157
97,57,88.46258339125052
97,58,83.74950250693655
97,59,82.33227279035782
97,60,124.02751839475968
97,61,81.9521875856226
97,62,125.41488685193326
97,63,105.83062957100628
97,64,84.43826878054824
97,65,116.37965762626845
97,66,95.01894329083007
97,67,124.90853261467419
97,68,71.8343726539606
97,69,97.41830618750828
97,70,82.07798154679767
97,71,100.45081399642368
97,72,90.55027114916447
97,73,107.45625453629327
97,74,126.04209155215358
97,75,89.57361706806842
97,76,94.44664976362401
97,77,94.54095567982586
97,78,91.97991551474843
97,79,100.31172673562105
97,80,103.80441683989193
97,81,109.68747702386463
97,82,90.12288999692828
97,83,82.91246458248497
97,84,86.54621699720883
97,85,74.72137214427494
97,86,96.73455586405908
97,87,98.1852155462766
97,88,84.16867040972284
97,89,91.82732433627098
97,90,72.24475203245674
97,91,83.82462083747669
97,92,100.95665935688885
97,93,93.01376878396695
97,94,92.9250200237584
97,95,107.9951635571706
97,96,81.9821134594531
97,97,87.79174738073198
97,98,85.64347040052235
97,99,90.8427399103457
97,100,76.96007216974249
97,101,86.18838184508058
97,102,107.33161987282074
97,103,91.9528957202856
97,104,85.99346455662453
97,105,81.53941193508217
97,106,108.0456424994336
97,107,87.4002661601553
97,108,85.33797677912662
97,109,91.36833434346045
97,110,107.80460529452102
97,111,100.6896232844374
97,112,102.60537874673173
97,113,99.21505221707048
97,114,69.78362451028806
97,115,85.47217535633536
97,116,79.21785717969033
97,117,69.88750283277477
97,118,81.60460349063214
97,119,90.97088941919355
97,120,98.43694287637481
97,121,93.6761536688573
97,122,108.72737043508823
97,123,113.55544631901284
97,124,99.91317410411284
97,125,84.92908421131142
97,126,126.81531637418084
97,127,88.79701476213813
97,128,84.3883065612099
97,129,79.63132881864294
97,130,73.97105212898896
97,131,99.79081471358222
97,132,88.67469467226329
97,133,92.40659777768451
97,134,97.21954603664926
97,135,81.86090035476809
97,136,86.32459320096677
97,137,56.463023074880766
97,138,87.0184712498085
97,139,74.56938216894923
97,140,86.78736809848488
97,141,72.6104826408482
97,142,74.29935062406003
97,143,75.07285971470992
97,144,88.45555539744964
97,145,69.42595519265888
97,146,101.810666945923
97,147,85.47634607059445
97,148,77.97495268333296
97,149,73.36020107090735
97,150,79.21219168451353
97,151,71.88274222119071
97,152,55.797849394097284
97,153,93.6923875075372
97,154,47.23673205950763
97,155,72.61766664504103
97,156,63.519946759959566
97,157,79.78388585018547
97,158,79.142844796188
97,159,74.27999560570606
97,160,95.28833889860834
97,161,63.398992126421945
97,162,52.1877214123524
97,163,55.93200472242461
97,164,73.92639395276638
97,165,94.70774226947833
97,166,72.61061975130724
97,167,53.444567305727105
97,168,77.8443116723065
97,169,66.2698256122676
97,170,67.7532023696549
97,171,61.38102144844743
97,172,54.96965891530999
97,173,83.96792782720877
97,174,68.39316384440463
97,175,52.933479182327574
97,176,61.188219237476005
97,177,67.77280546079419
97,178,70.33200754594873
97,179,42.09024680125003
97,180,26.91601231136883
97,181,42.07858105861669
97,182,64.6023312424586
97,183,53.687899944103265
97,184,60.487181150499964
97,185,60.02738197497092
97,186,69.66264631976082
97,187,80.7884183437418
97,188,57.14688207369909
97,189,25.288578216161113
97,190,43.9222952918426
97,191,21.392054029623978
97,192,10.355326655473618
97,193,53.64348475311999
97,194,66.14113443368842
97,195,67.20683115982683
97,196,59.240465947732446
97,197,30.891593450447544
97,198,47.67728731391253
97,199,27.026836871627893
97,200,51.60371111485438
97,201,25.92652275122964
97,202,51.25133191841451
97,203,27.749466276465682
97,204,24.235363586747553
97,205,36.04737184997066
97,206,32.67622422576096
97,207,35.819340114954684
97,208,17.99347352607583
97,209,42.7274155086634
97,210,15.01113707483455
97,211,29.879452855107957
97,212,11.944682533925516
97,213,34.67702624317462
98,1,106.23571201422601
98,2,118.53434128475055
98,3,140.01483936983277
98,4,123.80598468937387
98,5,131.61835879518185
98,6,116.65661711860594
98,7,125.68916001973412
98,8,119.06687765802053
98,9,119.413928559341
98,10,120.78392720249394
98,11,134.4104380149729
98,12,94.77956017121323
98,13,116.686831295905
98,14,109.30905166771117
98,15,124.11723594212526
98,16,125.50654754139396
98,17,111.32606787216355
98,18,122.7951257300956
98,19,147.43364114296128
98,20,103.15281498330296
98,21,104.4804333801294
98,22,126.76410118706553
98,23,107.77006617411098
98,24,112.17032456025481
98,25,96.00563646997034
98,26,102.32397349032544
98,27,122.06666473722726
98,28,108.5770518759964
98,29,93.30585009590868
98,30,131.2313825305755
98,31,137.68259262865467
98,32,116.33364261717361
98,33,117.89643938439258
98,34,139.8821461593543
98,35,94.47563618726417
98,36,126.53614099447441
98,37,119.720736692223
98,38,101.90637201993377
98,39,120.76828681227926
98,40,105.6308801876803
98,41,119.94129094522941
98,42,105.98185080773692
98,43,105.84341634641896
98,44,90.89945928039378
98,45,102.12910101568559
98,46,129.1778517084167
98,47,131.1561737650336
98,48,133.35290279941546
98,49,115.62239591797697
98,50,115.91580616927968
98,51,121.63317130547512
98,52,133.220286805481
98,53,106.95199852637597
98,54,117.67598361877026
98,55,96.7829817846432
98,56,118.66031361406203
98,57,111.05375343765627
98,58,107.47685439445922
98,59,127.22977959919808
98,60,116.17273095139535
98,61,96.82640412484034
98,62,108.0223208266325
98,63,106.86943876444275
98,64,137.97042326800147
98,65,108.48233574588812
98,66,90.41760693703691
98,67,108.30352406408201
98,68,135.02375558741915
98,69,112.66986106659897
98,70,110.8007889881701
98,71,95.58526563349005
98,72,107.34427367566968
98,73,117.716567998963
98,74,118.95798936404026
98,75,85.63268644260097
98,76,97.3608345686007
98,77,125.88609841060679
98,78,104.62231284639711
98,79,118.59454055155948
98,80,98.16804220499034
98,81,90.0525797483715
98,82,98.53843474436871
98,83,87.95772416375257
98,84,118.98649018759897
98,85,98.48354830754397
98,86,103.9957661950466
98,87,91.45542537218716
98,88,118.07982568960142
98,89,108.26646583658294
98,90,119.49264813660557
98,91,76.06161949523084
98,92,104.85192953811202
98,93,114.9738249268994
98,94,112.46163460428215
98,95,108.03752465832804
98,96,93.07111079573951
98,97,125.85906676609738
98,98,90.51145801161329
98,99,76.90468228873942
98,100,126.4945233790786
98,101,105.84918240857223
98,102,75.55593615028192
98,103,89.64292895847029
98,104,88.67796444061969
98,105,108.69977734983695
98,106,112.5479189533944
98,107,89.86225169035606
98,108,61.82076848230645
98,109,121.20497266612801
98,110,92.49172415463545
98,111,102.05621263710782
98,112,122.92190959085565
98,113,97.09596493194113
99,1,171.5638787095886
99,2,149.54126147946954
99,3,167.2890724120516
99,4,181.8314575980039
99,5,162.15104233154852
99,6,159.11264877641224
99,7,171.60483631454554
99,8,177.96902391111507
99,9,179.05822457245813
99,10,176.3678768887039
99,11,164.4849484101942
99,12,173.48466572315374
99,13,160.65286336308782
99,14,181.3700738902844
99,15,174.92840474826517
99,16,157.63653641642304
99,17,188.37814358661853
99,18,160.33449419761746
99,19,168.37540121881466
99,20,156.69764649622084
99,21,178.07922580549348
99,22,175.73361716033105
99,23,160.20624133697856
99,24,182.2011110067906
99,25,178.4331580885555
99,26,162.45191114796762
99,27,178.27569675230916
99,28,170.73829517772538
99,29,201.6944486753564
99,30,186.80109207697387
99,31,172.11099401085085
99,32,164.7826931755917
99,33,158.5932203513803
99,34,174.23348105631885
99,35,160.46742394215835
99,36,147.06599556179572
99,37,148.69020242292754
99,38,163.79347075416445
99,39,158.46493554118933
99,40,168.74334607195487
99,41,172.65578367338458
99,42,172.03315993690921
99,43,172.3427862381941
99,44,143.86390236278385
99,45,147.01328634220408
99,46,174.78601615120715
99,47,168.82460979658208
99,48,176.39499309743405
99,49,170.21566186036216
99,50,151.40136193457147
99,51,146.96045199697255
99,52,156.88082528218365
99,53,117.55275778935174
99,54,183.78463480556093
99,55,157.8483691424699
99,56,181.9151924786638
99,57,164.20433533445612
99,58,193.64227837811632
99,59,141.63302041075076
99,60,162.61246618868608
99,61,163.05836012794316
99,62,157.30644395629497
99,63,163.6559013206279
99,64,159.88676473890519
99,65,166.80128794849588
99,66,153.90177383105038
99,67,151.76823518815945
99,68,164.5923970303702
99,69,192.50650894908904
99,70,154.76248931309237
99,71,171.1185995326232
99,72,163.5821737321603
99,73,133.64639376361447
99,74,158.5296890421596
99,75,119.61963512517832
99,76,161.08580539314426
99,77,141.4314979136616
99,78,131.56892355482705
99,79,168.3878719312852
99,80,163.2299790683319
99,81,146.03057661550702
99,82,162.85832683500485
99,83,148.69800644576026
99,84,138.40711570896383
99,85,148.97690391620563
99,86,136.57344416299748
99,87,168.49994538666942
99,88,142.24798146318062
99,89,153.8793319074539
99,90,145.40727470365528
99,91,140.91284249036107
99,92,151.45272492929507
99,93,127.24604305224057
99,94,142.49650479351112
99,95,128.32762227194326
99,96,128.60754745522718
99,97,150.09160047212936
99,98,150.9644000943008
99,99,156.02375019562896
99,100,132.46052180569677
99,101,120.05911914762692
99,102,137.7249288535022
99,103,137.36545147758443
99,104,146.78075720252673
99,105,129.75908769311354
99,106,143.9391154511759
99,107,103.14551873689925
99,108,116.45771436591895
99,109,129.7148571042926
99,110,142.85318461873248
99,111,122.58189985133504
99,112,116.26474439683807
99,113,134.90473474904138
99,114,125.80277479815413
99,115,113.22116067121533
99,116,113.20064781566907
99,117,111.41176299845392
99,118,86.65545041972655
99,119,123.81399454212078
99,120,113.29410718057625
99,121,109.14353477775876
99,122,118.44694844006153
99,123,86.6028617649281
99,124,109.32232627485064
99,125,107.6481149418396
99,126,116.97607167431124
99,127,106.05492084402067
99,128,110.7766424600486
99,129,103.45916656855843
99,130,104.41849229239597
99,131,86.65244603737665
99,132,94.93549802748748
99,133,69.66142115570256
99,134,100.83329457161744
99,135,94.41969225520734
99,136,79.01839497379842
99,137,70.33082207662665
99,138,79.45112073422933
99,139,97.67277350017685
99,140,73.99298470576468
99,141,66.7882297424585
99,142,66.84164540468919
99,143,65.16423811278219
99,144,63.562049072825175
99,145,80.64694061445334
99,146,66.74702115841501
99,147,57.23699350917741
99,148,59.422747651267855
99,149,44.94731582052191
99,150,76.842321268261
99,151,36.39965799764468
99,152,33.32444418639352
99,153,45.64113451723097
99,154,32.83683901220502
99,155,36.74845393556825
99,156,36.929322833922924
99,157,46.49498214197229
99,158,47.47032024271539
99,159,4.885876095329877
99,160,20.37151270018512
99,161,-2.8882998242770554
99,162,33.578389371046796
99,163,33.451056966026954
100,1,139.8747914685955
100,2,155.42400756193092
100,3,158.9559949578179
100,4,147.91594333192916
100,5,153.21899698449124
100,6,139.62571122535883
100,7,165.2928380427038
100,8,130.10783474816708
100,9,144.74837439929252
100,10,126.4188332947524
100,11,155.53874554096546
100,12,133.21921149607078
100,13,137.95000884119509
100,14,139.97582788415457
100,15,149.58501294339658
100,16,148.9361999715402
100,17,168.6223872675764
100,18,152.00396518805064
100,19,143.6411447182909
100,20,161.75827156953164
100,21,146.84635610006808
100,22,139.55708853570104
100,23,130.98418603920436
100,24,158.35852260831598
100,25,135.49130370196508
100,26,138.38852995333582
100,27,167.68319520177465
100,28,143.41430757779017
100,29,140.7896564395196
100,30,140.75704280066566
100,31,137.0053881899148
100,32,158.32671411478805
100,33,162.81980406503862
100,34,145.7033224652041
100,35,144.27814748616947
100,36,143.97981119508768
100,37,140.37355138237763
100,38,159.87095023829897
100,39,130.53236751741497
100,40,129.0699109140478
100,41,158.11600411240215
100,42,143.7764811280358
100,43,137.69463820311648
100,44,127.94545380279305
100,45,136.90684562172828
100,46,143.69850362355646
100,47,122.2861388074889
100,48,145.83820794546773
100,49,156.77557961618731
100,50,149.2602128331564
100,51,132.82358776510955
100,52,146.30457390374795
100,53,132.29315954310005
100,54,154.5794768571941
100,55,170.84578957167105
100,56,161.7360765101912
100,57,146.7003704141971
100,58,139.36907022904052
100,59,139.8402923370304
100,60,145.8321958737797
100,61,156.8836609781647
100,62,126.68847239355819
100,63,129.49152993979078
100,64,125.44731028143724
100,65,147.88402739039157
100,66,137.24080723448424
100,67,142.0818331374321
100,68,128.31067896677268
100,69,127.5387144545457
100,70,152.09945054808486
100,71,146.298049138255
100,72,124.35096787999646
100,73,114.29186225825106
100,74,122.74614774230577
100,75,140.3654129024144
100,76,109.37822027773655
100,77,135.33657233871054
100,78,143.73361849224602
100,79,144.10592129886936
100,80,114.75829293739662
100,81,131.6173943082249
100,82,120.36847904103342
100,83,130.0377200234725
100,84,127.86973361494165
100,85,113.18572131046676
100,86,130.93038059291575
100,87,113.34718025710754
100,88,119.42240388273058
100,89,130.76017312336626
100,90,126.58604549726442
100,91,119.00341273397498
100,92,117.80607436838181
100,93,133.2567374024875
100,94,111.01745466374268
100,95,126.82391128331074
100,96,119.57107322815864
100,97,138.0894249621051
100,98,109.84748614407727
100,99,109.36366104106128
100,100,134.2559891707133
100,101,128.75158290427498
100,102,112.73146231445571
100,103,98.69768854717404
100,104,117.29958351139794
100,105,106.35333462807466
100,106,104.24835161278315
100,107,106.12758551711158
100,108,103.2611480159976
100,109,95.16493131223979
100,110,112.0898885460847
100,111,82.80961470468901
100,112,100.91567463072715
100,113,92.5414409687146
100,114,90.76463389569108
100,115,102.22399495990976
100,116,102.27825567029504
100,117,82.05177418323001
100,118,93.35609827102599
100,119,91.52141905212193
100,120,85.82105669860175
100,121,93.22560255887947
100,122,77.53631776754628
100,123,75.30145762056782
100,124,93.7082396360056
100,125,69.3791258359197
100,126,62.64663146995008
100,127,73.3186422176368
100,128,80.85451473977446
100,129,50.949337669422675
100,130,61.99247506377287
100,131,60.52792562360264
100,132,27.51522616463626
100,133,76.89847766145976
100,134,61.244545716232096
100,135,58.61105810106528
100,136,62.859278686919424
100,137,42.18212054415926
100,138,48.001465416149586
100,139,69.36226896333392
100,140,53.57111976238957
100,141,40.21928576854407
100,142,55.463250875523954
100,143,44.8487739395423
100,144,44.1110407179076
100,145,21.7137216568226
100,146,21.545843215251807
100,147,19.427595676490455
100,148,25.06069107834628
100,149,-0.24149944353848696
101,1,169.96720560933318
101,2,169.40304830636887
101,3,159.69565112810233
101,4,145.0523318026535
101,5,153.41416477048188
101,6,143.95181999487977
101,7,143.51707164166146
101,8,175.81924330876063
101,9,163.79486297487165
101,10,154.65041456493782
101,11,157.5065082412475
101,12,158.37618267970538
101,13,165.4609588989406
101,14,168.46205309744255
101,15,156.96007981376897
101,16,170.13511495074636
101,17,137.63078993429372
101,18,159.1563723477666
101,19,147.51626451337506
101,20,148.3019812900675
101,21,148.45834074210143
101,22,154.30175949365366
101,23,162.15306551646063
101,24,147.41432904221438
101,25,144.6547613274961
101,26,152.08424787546392
101,27,128.17134100930707
101,28,172.00502479309944
101,29,153.52895786926092
101,30,146.06373551881552
101,31,149.82464148993313
101,32,138.2531231157045
101,33,155.15239144267252
101,34,156.02921465956024
101,35,158.4517501755472
101,36,136.5532278040846
101,37,156.60388054269424
101,38,142.11217552790913
102,1,117.49515976228577
102,2,106.67526711143
102,3,115.7555455147085
102,4,105.80995899509435
102,5,112.65904949691321
102,6,120.1280686043101
102,7,108.92843158731557
102,8,100.92294003281859
102,9,145.4539579935299
102,10,123.4614825288445
102,11,114.32302447288384
102,12,124.39212027158646
102,13,109.16186765814928
102,14,114.36850700585637
102,15,133.80583620007383
102,16,108.29964273729274
102,17,95.54773059530999
102,18,116.20360591403733
102,19,118.21431922740157
102,20,121.79063322120783
102,21,116.79380723305076
102,22,103.90186856465152
102,23,109.34918164388364
102,24,110.16683877300966
102,25,112.71884450680227
102,26,109.686147170185
102,27,101.43345812239568
102,28,115.827382313837
102,29,104.70635289950587
102,30,104.41046556169022
102,31,123.16098348618107
102,32,108.50552149301802
102,33,122.9939698482558
102,34,111.48478341758891
102,35,113.51161866157781
102,36,108.23589633587835
102,37,117.78583230746153
102,38,99.93373185968085
102,39,114.4781212326343
102,40,90.16525411776092
102,41,131.08895979756198
102,42,113.20393555398914
102,43,99.23122286310536
102,44,121.33886906606494
102,45,103.61005694542837
102,46,116.49881766483304
102,47,84.96019906256697
102,48,125.30555268755415
102,49,111.56380635714595
102,50,98.2736357883623
102,51,113.12808462289104
102,52,84.8166503826942
102,53,110.32073329528066
102,54,87.88839808774355
102,55,92.94869246136659
102,56,100.16728001507727
102,57,99.06904180851416
102,58,108.18247997346771
102,59,117.60079532820964
102,60,86.33174001704901
102,61,98.7271748877829
102,62,105.64608649788715
102,63,94.5793515578116
102,64,99.54209104222537
102,65,102.85506927281676
102,66,97.48769733020163
102,67,103.70550306525547
102,68,90.36359267686203
102,69,90.18579848054651
102,70,98.65092502479092
102,71,85.868952555953
102,72,98.8506883527225
102,73,93.93572939323349
102,74,82.491776801573
102,75,71.06680073472671
102,76,107.79178628052614
102,77,86.78951705293002
102,78,90.21488968914491
102,79,64.58780108164501
102,80,95.93560387776961
102,81,93.22971130780934
102,82,88.69662819591031
102,83,85.35122144423804
102,84,84.74064827356051
102,85,91.09154189289256
102,86,77.74383225821657
102,87,76.21089583693538
102,88,105.1478396897146
102,89,44.19262603147217
102,90,81.51261065415747
102,91,54.408132163924165
102,92,68.14151881803264
102,93,63.46323303470854
102,94,72.28261715928238
102,95,61.11099784471298
102,96,89.08355657883658
102,97,56.20864260360395
102,98,65.78636805322458
102,99,63.39086707495153
102,100,69.829124284508
102,101,79.56531857223308
102,102,57.497084013026324
102,103,47.61548398241575
102,104,72.29945413897804
102,105,44.15173933549522
102,106,71.35867272951145
102,107,36.841490302562306
102,108,45.20388296477904
102,109,63.89352411648724
102,110,52.642174722357595
102,111,28.596752905352332
102,112,24.455041105058626
102,113,27.51322113531205
102,114,25.192278529517353
102,115,52.68965719543485
102,116,47.85190324501309
102,117,62.95798099003878
102,118,29.880676877924998
102,119,19.048657532403013
102,120,-4.176400391377683
102,121,0.9465349615129526
102,122,9.016073191014584
103,1,135.29844879265147
103,2,104.23253663477954
103,3,138.59901621237077
103,4,103.90848035165254
103,5,112.20627532377694
103,6,149.0667637236984
103,7,120.8282300426581
103,8,148.84689058605
103,9,129.51201789006154
103,10,142.6015795905987
103,11,98.51320121054596
103,12,145.46958853888646
103,13,133.87276479675347
103,14,128.87522598698706
103,15,137.37279613704595
103,16,113.75185646723548
103,17,124.85871960775694
103,18,140.36904475966003
103,19,127.4916999732086
103,20,126.57523658110586
103,21,128.1800830847278
103,22,124.37894847934513
103,23,118.12666284595616
103,24,104.65035614464432
103,25,126.22365962115146
103,26,117.68144427009247
103,27,149.20282415195834
103,28,101.2739709580128
103,29,121.03513591050432
103,30,99.22837845393224
103,31,120.26496352187678
103,32,117.24495671802288
103,33,123.87733381325961
103,34,125.70679060515249
103,35,123.69699667348323
103,36,102.15691977676761
103,37,135.02317852950364
103,38,116.20576075701683
103,39,138.1004428124579
103,40,147.37897325675294
103,41,118.01492804298323
103,42,129.97824265153758
103,43,115.15658474721567
103,44,131.42063056667394
103,45,131.9151022759179
103,46,113.53488348581595
103,47,112.15056255495438
103,48,112.5222370795309
103,49,133.07301145907695
103,50,113.9087187020632
103,51,139.77757626989478
103,52,100.18229039124708
103,53,124.40642193107487
103,54,126.97740349007654
103,55,125.27873143972829
103,56,125.46938176431286
103,57,91.16928202479176
103,58,103.38957324455987
103,59,127.17357741956948
103,60,120.65658193056879
103,61,111.78921739329962
103,62,123.8144180579402
103,63,115.74697258372908
103,64,117.46506287802913
103,65,123.58338045753044
103,66,123.67429397633532
103,67,115.22956913527014
103,68,120.41357106247597
103,69,103.3958664725069
103,70,112.465702061927
103,71,111.06168735404935
103,72,104.64891379299661
103,73,119.63048002727737
103,74,142.14003341702482
103,75,115.82925526698818
103,76,115.51919723393075
103,77,119.20569034056098
103,78,123.28271963194129
103,79,101.96745554216614
103,80,101.66027430799295
103,81,113.59201688577741
103,82,124.26422718859249
103,83,127.83739088039874
103,84,129.78162008948857
103,85,110.7270450620781
103,86,117.3516480778926
103,87,121.71023117606819
103,88,121.22785996791936
103,89,99.0038062782769
103,90,115.16904690891533
103,91,123.31587608486734
103,92,112.48613424087671
103,93,109.24861776648322
103,94,124.37510250134801
103,95,91.71804336498462
103,96,97.93304083323892
103,97,109.35144930088427
103,98,89.47884940475342
103,99,111.72608437007148
103,100,126.40801469301368
103,101,96.28213825579587
103,102,131.9998414103393
103,103,76.56340796146105
103,104,76.68413867848722
103,105,93.31544249083527
103,106,108.13245454691787
103,107,112.5039908012186
103,108,106.07458292973752
103,109,111.64085862331558
103,110,81.88092664879514
103,111,95.05437427229481
103,112,99.85741058227723
103,113,85.56414802457584
103,114,91.4047591953713
103,115,101.97195288445073
103,116,102.35857050404593
103,117,91.15282382820442
103,118,90.77069021416537
103,119,104.95140331888979
103,120,83.44875462219352
103,121,92.37567955214763
103,122,80.35156567131344
103,123,68.99118820675358
103,124,82.05439590512105
103,125,77.83452646444493
103,126,77.10150583791255
103,127,85.60138864030887
103,128,91.83663259666355
103,129,75.85743502499099
103,130,86.1019249760866
103,131,81.50932526434917
103,132,78.13228748357506
103,133,73.76125259514083
103,134,71.66303493344458
103,135,87.7819293666762
103,136,56.137423102703906
103,137,90.86484273234237
103,138,67.55768456316582
103,139,78.6238593601447
103,140,78.0983255915562
103,141,83.91430791853054
103,142,89.77427908797108
103,143,49.18171989030816
103,144,82.99514952813479
103,145,64.08602629296365
103,146,47.39493015735934
103,147,61.90720530729595
103,148,60.74362810635648
103,149,43.73990719642461
103,150,68.11258831266605
103,151,56.35452429520956
103,152,82.63096443985705
103,153,59.454200131236576
103,154,55.29520388405581
103,155,58.10910630615399
103,156,46.503609611376305
103,157,24.78802085879579
103,158,65.67042413025047
103,159,21.329937976945075
103,160,39.85238256606681
103,161,71.20219415655447
103,162,43.830418074569025
103,163,45.12995823653182
103,164,15.258181966346456
103,165,8.181561886092823
103,166,59.21711700319429
103,167,64.8925110404598
103,168,46.70506257260422
103,169,26.73339842677524
103,170,39.739882102374395
103,171,41.59117193312704
103,172,13.103037698529079
103,173,14.237375368924404
103,174,47.20061791945773
103,175,17.205328137068136
103,176,21.60535645380878
103,177,17.664345663564745
103,178,11.203454902541125
103,179,-7.342540657416976
103,180,4.858149793646589
103,181,-7.015541242733889
103,182,-23.60524743951828
103,183,14.527022651069274
103,184,5.86218372653093
103,185,0.48209665738249896
103,186,-16.557661321370688
104,1,128.6263799724402
104,2,144.97043047058105
104,3,145.1194597870999
104,4,131.84389346124226
104,5,123.93589222848823
104,6,113.64619303619838
104,7,135.5835169114871
104,8,144.62764098389016
104,9,148.50208758104418
104,10,133.47035013012646
104,11,129.86512104963913
104,12,159.20761654211674
104,13,149.25367899599223
104,14,135.55217646286474
104,15,154.65876131600817
104,16,129.49309433783492
104,17,145.48620297210437
104,18,112.87457214544702
104,19,140.65171087308408
104,20,113.87349121598527
104,21,115.63969273228577
104,22,122.80003729882446
104,23,110.21861286076455
104,24,132.75721413065912
104,25,114.41751708027004
104,26,132.56762886264187
104,27,123.32425923497067
104,28,98.00682058367966
104,29,132.1326287433185
104,30,106.49678164729266
104,31,122.08218259874411
104,32,123.55790486406477
104,33,119.77972429477086
104,34,133.34870042947296
104,35,143.0804072868632
104,36,118.89707302980241
104,37,128.91599666282127
104,38,120.60911160030082
104,39,122.56717326324724
104,40,107.64113966092555
104,41,100.88225625384803
104,42,96.88785329415987
104,43,133.5926663104692
104,44,137.22092969982623
104,45,121.47451426876069
104,46,127.63714939489
104,47,129.55415579843975
104,48,120.42871204842959
104,49,137.74966969833622
104,50,125.76908907826873
104,51,121.2702031466979
104,52,122.8385745621199
104,53,124.134420719638
104,54,137.0736728270931
104,55,110.24378069974046
104,56,115.37960058223689
104,57,125.73115821455576
104,58,134.0714948622117
104,59,116.26425501577614
104,60,145.54367590767652
104,61,119.68891773401992
104,62,126.65888301660016
104,63,142.38181028474355
104,64,91.59128013454028
104,65,113.11854063609644
104,66,103.34510005816992
104,67,129.82086787588196
104,68,140.7023225792218
104,69,122.61735311128723
104,70,98.97997560608201
104,71,123.65596843369713
104,72,107.57576138075092
104,73,123.08299862823333
104,74,116.34857669007033
104,75,115.59730496078555
104,76,115.36626624334167
104,77,120.40713981326553
104,78,125.1909307199021
104,79,106.36787511897273
104,80,120.47047495401057
104,81,112.76985893198434
104,82,119.1354427745755
104,83,92.10454691398627
104,84,97.92486629833729
104,85,108.46192669409356
104,86,124.39913920814433
104,87,109.16514018032467
104,88,94.87131691278046
104,89,106.64497443414439
104,90,108.52500197934569
104,91,109.54189252697688
104,92,121.35762392129254
104,93,97.83144041910418
104,94,92.58847126932233
104,95,114.68462288467708
104,96,113.47006151464302
104,97,124.8831661934164
104,98,104.39358785116201
104,99,112.78627828547178
104,100,114.19750295868289
104,101,118.59004839356203
104,102,99.4480582789256
104,103,109.17895266965934
104,104,119.1347144365136
104,105,101.0084921362868
104,106,108.3638686536724
104,107,110.3839756862144
104,108,121.91547793462087
104,109,107.01892646103079
104,110,98.26470170972607
104,111,102.63488313290873
104,112,109.65283969399752
104,113,97.92514673818368
104,114,106.74247905742959
104,115,106.70056130900775
104,116,89.88648283682414
104,117,104.58518721990549
104,118,102.69474381070177
104,119,105.72694297277485
104,120,113.53453833198
104,121,76.29649871173024
104,122,105.05583708323684
104,123,98.47721239090606
104,124,89.31978906961012
104,125,128.25979502008704
104,126,111.44058329746622
104,127,106.8358341405401
104,128,126.665587291267
104,129,82.0922268958384
104,130,112.42781479796395
104,131,107.32828997816978
104,132,107.76958930084947
104,133,98.02919859126996
104,134,99.23508803700679
104,135,99.02262157118821
104,136,112.19123127451894
104,137,112.58663216652349
104,138,83.06933115976426
104,139,88.69062248783302
104,140,87.18020766429254
104,141,102.53135619512614
105,1,114.58661537485023
105,2,131.69561764056562
105,3,139.29238181075198
105,4,130.26664253806666
105,5,132.8215651146529
105,6,149.14680277385924
105,7,136.28212021552463
105,8,131.51099778336356
105,9,149.80051944905426
105,10,127.55007095901237
105,11,159.2785906624049
105,12,125.93376585347869
105,13,138.34890732826898
105,14,115.69122672274534
105,15,139.6501843779697
105,16,125.18086676581152
105,17,106.80104340505204
105,18,137.76079831433162
105,19,135.34641194254073
105,20,120.71969108913618
105,21,163.06621802190057
105,22,143.09177620935225
105,23,157.20383237233182
105,24,150.80521212163876
105,25,136.4029651563833
105,26,129.9741209039421
105,27,135.75301686595776
105,28,150.0835032517425
105,29,158.52697794529377
105,30,132.24288690804678
105,31,144.53116377719562
105,32,150.30683547114313
105,33,144.76967391442304
105,34,121.1114890039753
105,35,137.06516728710994
105,36,154.39940008166013
105,37,127.39272498519858
105,38,122.49120064761519
105,39,152.18391276693728
105,40,135.7563456105927
105,41,115.55847620247368
105,42,122.07946471070318
105,43,121.78548619767389
105,44,128.62021696058218
105,45,142.4714000265667
105,46,145.20278955663525
105,47,139.04225794552622
105,48,138.4864690376271
105,49,155.08194336208544
105,50,142.02742570589908
105,51,152.56004983938328
105,52,131.83043062234356
105,53,119.33160572779889
105,54,129.99113368571852
105,55,100.46825536713004
105,56,147.4838957952088
105,57,125.4753254413954
105,58,125.14388104106183
105,59,126.82123160159972
105,60,133.9898314453094
105,61,164.88620361431822
106,1,146.13902396956837
106,2,144.90445690256456
106,3,159.50783863842662
106,4,160.2081530117939
106,5,149.1764464611042
106,6,148.1026832363932
106,7,152.18653381614422
106,8,138.7226259492163
106,9,159.22771328364615
106,10,133.10155448765
106,11,137.82224014145322
106,12,128.3251144987662
106,13,168.46023374889046
106,14,141.03112911970675
106,15,160.11538844682946
106,16,165.23722684181848
106,17,142.5142862964276
106,18,141.36073389767262
106,19,122.6528671828055
106,20,164.27038293022633
106,21,141.66787946889235
106,22,163.67592523258645
106,23,129.57444186375506
106,24,158.38374641921837
106,25,164.45870968860982
106,26,136.78563059128646
106,27,131.13321728655137
106,28,129.4450098638481
106,29,133.440187986198
106,30,149.09531236360635
106,31,131.22040044961614
106,32,144.11665283771435
106,33,165.75060932061024
106,34,127.74527857856447
106,35,158.14726523052377
106,36,158.0293487791496
106,37,147.47178386558517
106,38,161.08289791082643
106,39,120.49863120448572
106,40,164.39487560484122
106,41,150.83016403053625
106,42,145.88899407981808
106,43,148.94310132939427
106,44,152.76154075893282
106,45,125.16445742300857
106,46,119.72179779643193
106,47,167.44453951851756
106,48,143.60306342944386
106,49,159.85875142592704
106,50,132.61516728057904
106,51,125.25592884646176
106,52,147.03534732454136
106,53,161.74290623651905
106,54,130.87444062034047
106,55,157.04738013762835
106,56,120.927102106456
106,57,130.0209595327542
106,58,146.47418986820412
106,59,131.75755867142288
106,60,140.37978018146532
106,61,120.25494516939943
106,62,128.13061230083258
106,63,127.29683124582516
106,64,136.0386209682547
106,65,138.62720829595492
106,66,134.53786868025782
106,67,129.69086402952234
106,68,118.16850509782671
106,69,145.33372019658418
106,70,118.9957510078093
106,71,130.98073894063418
106,72,127.12230513727991
107,1,101.49122780482867
107,2,109.09519735529466
107,3,105.8674442962947
107,4,127.20642686452629
107,5,111.64160085306503
107,6,124.84199778860057
107,7,108.69926270562428
107,8,106.93950232055795
107,9,100.04864658104634
107,10,103.94041777848906
107,11,95.62169284990523
107,12,108.80776521573716
107,13,126.55372480484948
107,14,87.25769780615519
107,15,123.58617447545112
107,16,95.26608676525211
107,17,107.4180596924707
107,18,120.91113126589335
107,19,107.20054632052052
107,20,113.85079808434966
107,21,109.16406177962199
107,22,99.60477468392492
107,23,89.68581789249583
107,24,118.68430130569323
107,25,102.82786236990069
107,26,92.2112662208965
107,27,108.47085660605808
107,28,113.80028655484784
107,29,107.37850612247712
107,30,104.22143548222084
107,31,110.02523556535743
107,32,91.05321378013468
107,33,84.92945255264931
107,34,125.30740947058075
107,35,100.888696038739
107,36,126.63574128651089
107,37,111.08341531927726
107,38,107.34683103913994
107,39,112.05886109795392
107,40,86.95751535354793
107,41,107.12177841465746
107,42,86.51587636187469
107,43,92.9296726247776
107,44,105.8410331493069
107,45,115.4953619932785
107,46,90.53445612249197
107,47,98.44352261673339
107,48,100.98000430868706
107,49,97.77824747911654
107,50,100.18150263372081
107,51,109.68971388095088
107,52,99.99903022708895
107,53,99.99568129846739
107,54,98.66367588839785
107,55,91.64760438200028
107,56,96.45093028916745
107,57,99.65390403483616
107,58,82.06480287059821
107,59,103.33579822214233
107,60,88.89324407566164
107,61,77.47188896784064
107,62,101.14521664624044
107,63,92.39938168613298
107,64,108.40158497193624
107,65,90.18856593363307
107,66,109.63938420703926
107,67,120.51953953273915
107,68,85.58427305408986
107,69,92.79127806649194
107,70,97.97361920632102
107,71,96.79090862220619
107,72,89.95287900132826
107,73,99.31814931758709
107,74,102.27515948944347
107,75,105.12840857811534
107,76,83.26717061710224
107,77,90.96305059058068
107,78,96.5578709637266
107,79,80.17999879727722
107,80,69.3241840561459
107,81,99.89762151141622
107,82,90.31614609711687
107,83,114.17020487886475
107,84,97.13970363728004
107,85,84.59751466754096
107,86,112.39341202484502
107,87,101.04769693964045
107,88,57.58193386066705
107,89,87.84942638289795
107,90,116.40950863723265
107,91,114.47241097800725
107,92,114.24797684730584
107,93,93.69725362198369
107,94,107.09539308581589
107,95,91.91174935500021
107,96,87.73407031278475
107,97,97.01788042260159
107,98,87.83000676090887
107,99,103.8214002230452
107,100,101.70805807436409
107,101,114.74876266768842
107,102,112.81178827750409
107,103,101.67437136975786
107,104,109.33164036140806
107,105,78.54463833099726
107,106,94.69337765117962
107,107,96.61650050458411
107,108,63.65893444789981
107,109,87.99227606689965
107,110,85.91856787467259
107,111,78.99514653952792
107,112,72.93259753679013
107,113,77.02164366582292
107,114,94.73795002589759
107,115,86.67402200366632
107,116,64.94052275091963
107,117,88.13154615228996
107,118,80.30248041226878
107,119,64.87764991939912
107,120,73.95047885415988
107,121,79.87858410333865
107,122,79.60289716874831
107,123,87.1674451771105
107,124,65.16152771766792
107,125,68.37462798891647
107,126,85.94367210290511
107,127,57.46738453692524
107,128,66.94984545409534
107,129,63.55512778716002
107,130,98.09517385664367
107,131,97.77640076451644
107,132,70.24402019962145
108,1,173.10824391808274
108,2,177.30697379454068
108,3,145.86899080717558
108,4,160.9702437907472
108,5,164.20744986171485
108,6,160.55209372087847
108,7,172.83162677963992
108,8,172.8029515443268
108,9,186.98916014517454
108,10,172.17687293542986
108,11,178.96551580629603
108,12,178.5531862896387
108,13,174.3873228555458
108,14,184.3286728022067
108,15,164.22485361254803
108,16,186.52561755271017
108,17,173.89468581108667
108,18,163.18793200293294
108,19,183.26196619487018
108,20,165.5943173113119
108,21,181.2209643510214
108,22,164.7820356271768
108,23,185.01386715811532
108,24,150.0105273944573
108,25,165.5192668541349
108,26,162.46435432253202
108,27,157.02122628534562
108,28,182.73178640667902
108,29,179.46601935324725
108,30,177.50106318006874
108,31,179.84040177059796
108,32,187.82411763304844
108,33,196.1442884668504
108,34,179.9775544295917
108,35,163.70028529768024
108,36,179.0304017520466
108,37,151.50892996729817
108,38,166.51408522790734
108,39,150.47391805770167
108,40,178.39264653914142
108,41,161.6555632285308
108,42,176.97245656196174
108,43,179.69755503400665
108,44,168.46671380776388
108,45,179.5412449776486
108,46,157.64831986745412
108,47,161.7809225847741
108,48,200.54353515616822
108,49,158.78408335126005
108,50,161.92371795636427
108,51,140.6444521526646
108,52,160.1027919129774
108,53,176.43799028953072
108,54,189.3032520510169
108,55,164.6326153053742
108,56,155.24245937728847
108,57,162.3366242295524
108,58,195.25871082140657
108,59,144.93570430221735
108,60,151.76691218699852
108,61,159.67939334922266
108,62,175.3555987331929
108,63,172.23601533385227
108,64,176.26151815785852
108,65,161.16497640481248
108,66,186.34166679836198
108,67,155.20182448341075
108,68,182.8356284614929
108,69,195.20228392855643
108,70,193.00172152320738
108,71,173.45292065091053
108,72,158.7851183708044
108,73,187.70603954949183
108,74,179.1799247775707
108,75,168.20550794194423
108,76,142.048916825348
108,77,161.50514386200666
108,78,180.0346642423392
108,79,189.58795468472817
108,80,184.90408206630673
108,81,157.7624066278222
108,82,186.1325746428338
108,83,173.2030986754471
108,84,168.1913799863978
108,85,181.5044530958112
108,86,169.74351923201903
108,87,161.655964849655
108,88,183.9455751104615
108,89,147.24126970640646
108,90,176.95416066521284
108,91,157.78200906868733
108,92,203.36483327402675
108,93,142.28140327593428
108,94,177.34204423840856
108,95,166.54938505707833
108,96,181.1071937758752
108,97,167.16409558501618
108,98,143.98354896347155
108,99,152.10411027946975
108,100,163.42423130683164
108,101,193.796401007261
108,102,179.17936712267692
108,103,168.95468766403064
108,104,201.75536014099634
108,105,140.3805989456523
108,106,169.86319076479413
108,107,176.5679156834958
108,108,190.8542140444697
108,109,138.11453859387257
108,110,176.66153909998684
108,111,178.409927669607
108,112,151.79464689048473
108,113,160.4004567115553
108,114,145.4212605937064
108,115,170.25525799877505
108,116,149.778719642738
108,117,158.01941075269133
108,118,157.50710514169623
108,119,137.57702299054654
108,120,163.0787018400806
108,121,177.2871680975295
108,122,162.75005825535482
108,123,167.7327651852611
108,124,160.9808634264191
108,125,172.0221283629944
108,126,145.58520969283563
108,127,153.04850890095258
108,128,134.72361683211784
108,129,157.3208451945393
108,130,173.8412032915512
108,131,172.6275538894406
108,132,148.19383563003066
108,133,155.71467584493803
108,134,151.78898054167803
108,135,173.12465944969153
108,136,177.0135118666949
108,137,150.54363290990295
108,138,151.84790300054738
108,139,162.46560045776278
108,140,148.1267095123403
108,141,156.70997603475553
108,142,179.25576730751345
108,143,197.0429216732373
108,144,158.716207078156
108,145,163.1526220871674
108,146,172.12437494924234
108,147,167.65247872233886
108,148,141.39754085113964
108,149,166.00891967581265
108,150,145.00064604521322
108,151,156.71544536678994
108,152,157.57089682674996
108,153,170.22717356016074
108,154,170.41610037470673
108,155,158.09029816764814
108,156,138.31517434344278
108,157,152.86811034618586
108,158,167.63253913049994
108,159,159.61130063352903
108,160,151.5358967301363
108,161,147.04278307656932
108,162,132.69780883505155
108,163,146.51226538087212
108,164,136.2605908814221
108,165,127.90658360418456
108,166,142.6736548525878
108,167,153.34573487533635
108,168,156.59712323751592
108,169,146.91299726483703
108,170,159.06632882410486
108,171,144.29062213458383
108,172,148.85091395494237
108,173,155.9784001277876
108,174,127.05678191793413
109,1,123.19224527911865
109,2,142.12498602160485
109,3,158.70278707629768
109,4,164.05678710258508
109,5,159.0052097596781
109,6,153.6238229172959
109,7,136.49389456026984
109,8,132.41714459204377
109,9,159.70086359160632
109,10,153.2870178386147
109,11,156.92568286399182
109,12,157.9742374202906
109,13,148.3737038995314
109,14,170.29024791321717
109,15,146.96561853506137
109,16,173.4472068406685
109,17,179.34302734100493
109,18,156.83838659184403
109,19,135.7278448438592
109,20,167.22581696320412
109,21,150.0765160680894
109,22,144.14934898499632
109,23,142.86242015579046
109,24,149.42169697438658
109,25,139.12605284421443
109,26,129.6482462468266
109,27,131.74478861774696
109,28,137.28020757775812
109,29,141.76436171915702
109,30,140.53547486834577
109,31,161.10553002223605
109,32,133.10021078337013
109,33,152.05814600574377
109,34,142.1599032246595
109,35,143.55997990920878
109,36,130.09312214887177
109,37,128.4789462946501
109,38,154.67737318254513
109,39,112.6670319909972
109,40,134.88106378169323
109,41,144.0594965492637
109,42,142.14132338977652
109,43,133.90346772938938
109,44,147.17057952387404
109,45,154.15754806395853
109,46,140.39465086461132
109,47,149.84929629912222
109,48,150.56111613200483
109,49,139.08395232889598
109,50,144.8715832093585
109,51,144.2216704452003
109,52,124.22112404197833
109,53,141.96304248069646
109,54,151.16273225272016
109,55,139.80924115327798
109,56,142.73235125614156
109,57,126.38224341689784
109,58,131.9800160233135
109,59,146.00464949749585
109,60,132.42450918201212
109,61,165.97317820224998
109,62,130.78982363831165
109,63,144.79795558216574
109,64,135.27506981933402
109,65,129.0412004916434
109,66,150.74061918164807
109,67,150.60535329457343
109,68,145.61772027571715
109,69,156.42849102032778
109,70,134.60655767035496
109,71,116.97797632896254
109,72,138.57146920669038
109,73,146.9278709201244
109,74,131.52959188690147
109,75,124.48566310063325
109,76,116.16799712498323
109,77,142.35823651422834
109,78,137.5048961116263
109,79,133.80913130124827
109,80,121.97633054045582
109,81,137.28660535640665
109,82,132.33073260193487
109,83,154.69412365358585
109,84,126.19299689742911
109,85,124.11280687605176
109,86,112.85612610509997
109,87,123.12476318195695
109,88,131.13950802867475
109,89,136.77002604318113
109,90,120.4402632660931
109,91,117.52498544605623
109,92,116.67545988821075
109,93,127.9809024861097
109,94,116.87158919836656
109,95,123.77441318835918
109,96,146.1445618986254
109,97,101.20850004236854
109,98,146.9103006549849
109,99,108.10922974291316
109,100,125.26224943903071
109,101,97.56255426243297
109,102,127.73619188043813
109,103,132.3326486848673
109,104,113.71165034022124
109,105,98.89912672086211
109,106,131.4402587686127
109,107,112.61737490574887
109,108,105.61710281161504
109,109,108.26310464902053
109,110,102.61048464212945
109,111,123.54306337933667
109,112,107.4314272515694
109,113,103.84979980182106
109,114,100.88803298683342
109,115,113.35928775988577
109,116,104.42461716681282
109,117,137.23034868769173
109,118,121.55906466950546
109,119,89.99880760841916
109,120,106.39818178272253
109,121,99.66531107854826
109,122,115.9331498319807
109,123,125.42411837600957
109,124,89.89962878547522
109,125,87.33943975029251
109,126,107.31273727355438
109,127,72.39849472582137
109,128,105.03077095142362
109,129,102.09072426762577
109,130,92.52475272237643
109,131,108.26685054996778
109,132,85.54353739826911
109,133,99.68446137294086
109,134,67.7995831438966
109,135,62.58717675599473
109,136,78.42080275857006
109,137,93.31291525060806
109,138,64.32979624340078
109,139,44.0744057561169
109,140,82.82229850219301
109,141,83.16829567027162
109,142,91.37189178551489
109,143,80.63229857449187
109,144,63.0950672283725
110,1,179.5123832154277
110,2,197.29137521303346
110,3,196.18163418525364
110,4,175.49975248741976
110,5,182.75970562026487
110,6,151.23955880934955
110,7,189.30871170598402
110,8,188.48701826756587
110,9,181.75451088797854
110,10,181.56593610298296
110,11,166.26660777924553
110,12,195.4055186929254
110,13,178.92291056004615
110,14,189.37467959969945
110,15,174.15024641791388
110,16,170.40985903992987
110,17,152.82764512556605
110,18,160.34681704111426
110,19,194.77648172271438
110,20,187.952371875901
110,21,191.8042121053004
110,22,191.18222663961205
110,23,164.07356521986367
110,24,171.80536801386188
110,25,196.4654625797266
110,26,165.84956005830463
110,27,176.80280776182917
110,28,168.1794910821045
110,29,177.34529777534772
110,30,158.62701328318508
110,31,184.45863255388394
110,32,164.61130392851192
110,33,158.60457939368644
110,34,183.66064975823974
110,35,178.5784838670006
110,36,139.1064027377506
110,37,164.8553086236061
110,38,179.00328802394506
110,39,171.4464389900677
110,40,165.63687785806542
110,41,173.14729526188603
110,42,163.71679758546816
110,43,171.95798774028663
110,44,176.5285237552016
110,45,162.82553421661578
110,46,202.4482516607386
110,47,186.70748001187894
110,48,178.9420552548545
110,49,174.782562159402
110,50,142.6143707776937
110,51,182.7209263425175
110,52,148.55065106309485
110,53,165.71878762163396
110,54,167.54335765799624
110,55,198.59817662739079
110,56,164.13654286735255
110,57,160.5831727829791
110,58,187.36659020450315
110,59,181.258665556903
110,60,173.83948379475623
110,61,182.02919345172268
110,62,176.561189303422
110,63,151.27381539021735
110,64,191.45795239420113
110,65,163.26273467339342
110,66,172.29094865293882
110,67,161.27367996159592
110,68,167.61683977641223
110,69,193.44218901525164
110,70,173.69110720317985
110,71,150.73979604167835
110,72,193.35113525409542
110,73,165.70159048283676
110,74,166.79441294830758
110,75,170.89932355821657
110,76,160.0460113906156
110,77,159.94336541734083
110,78,180.12690774758084
110,79,173.7110442485864
110,80,179.58975569653558
110,81,178.1053660691323
110,82,146.6686396209625
110,83,195.8801161758165
110,84,168.48209090851742
110,85,184.77283167462156
110,86,147.09266076501808
110,87,152.84803300741623
110,88,177.0486570938665
110,89,169.6847869257981
110,90,168.2499781257793
110,91,184.6309977467463
110,92,169.05004411625123
110,93,157.64327533757023
110,94,168.80530916407588
110,95,154.26929721340275
110,96,156.2499716236416
110,97,167.13112873279897
110,98,167.77934887957963
110,99,172.99869664670405
110,100,184.84095707267988
110,101,140.9619360710858
110,102,179.83810687094228
110,103,158.593190830783
110,104,164.46067319791473
110,105,156.39572246313764
110,106,162.28357738737395
110,107,167.42238875712792
110,108,156.71319839347416
110,109,190.5028837099162
110,110,185.22538936493947
110,111,131.19255850297486
110,112,158.99182151384593
110,113,160.31477532377903
110,114,173.51638484883006
110,115,165.04790962250263
110,116,139.1856230725898
110,117,167.00233152227884
110,118,145.0376604000412
110,119,140.71935403085809
110,120,159.34343898134102
110,121,160.17367827329144
110,122,185.73312420419097
110,123,168.73187685507583
110,124,151.04164651268366
110,125,157.68663507088786
110,126,185.82284872256423
110,127,169.39212348395085
110,128,159.76161614358716
110,129,169.1645936504283
110,130,140.39329545195505
110,131,159.26798267468985
110,132,158.29910679713794
110,133,162.24035996594466
110,134,146.1161341915722
110,135,126.1594566802305
110,136,137.7048524464626
110,137,148.4196977033207
110,138,142.70844620653224
110,139,175.95849089042167
110,140,144.9686979272883
110,141,142.01927643542876
110,142,174.09207049661927
110,143,163.5850230936485
110,144,149.55855035257264
110,145,130.05376648252422
110,146,174.41447706034523
110,147,152.0669589680474
110,148,156.96579187612224
110,149,158.10998407076113
110,150,130.97261493926635
110,151,154.31657445107703
110,152,173.3496922304621
110,153,154.77574031790573
110,154,149.26495311882172
110,155,151.94110475738125
110,156,136.03403409427847
110,157,136.0144784181466
110,158,133.6418350400054
110,159,152.7130089420025
110,160,146.3527223434503
110,161,134.1916522285319
110,162,134.29505016620533
110,163,131.65318916338583
110,164,127.78436270250677
110,165,152.24219682527473
110,166,151.62647684659896
110,167,136.66490308416542
110,168,133.9292675883553
110,169,168.77234414937266
110,170,162.20117435691645
110,171,143.906930137171
110,172,148.3876169999494
110,173,140.9430590651682
110,174,126.00191104264377
110,175,145.93202729504264
110,176,145.4530734726286
110,177,147.97037215648743
110,178,141.16649377671274
110,179,134.1834457624136
110,180,131.82620300427516
110,181,128.710547340037
110,182,106.47785274658963
110,183,132.1146293980055
110,184,150.57748461081064
110,185,148.75602956383955
110,186,143.42916606124345
110,187,142.7507174972343
110,188,120.14333329059446
110,189,142.7019166760001
110,190,131.37691340310994
110,191,127.70004093801981
110,192,108.95447843735747
110,193,117.80904907349759
110,194,145.29816559777828
110,195,127.09898637035076
110,196,137.28426934245363
110,197,102.67341795748507
110,198,141.47991735337564
110,199,116.16896038346022
110,200,107.44211141973938
110,201,143.0980209217887
110,202,138.7267047319765
110,203,120.32093419446028
110,204,120.49246051709633
110,205,115.01273569709883
110,206,117.93203895971237
110,207,127.2857168775081
110,208,111.6949607535571
110,209,111.09496992257482
110,210,124.40806776053796
110,211,141.39190238313313
110,212,131.0186787363782
110,213,113.7173024558142
110,214,132.1441919471181
110,215,119.13395388070057
110,216,113.95495681036846
110,217,99.26257336974959
110,218,109.04534793210769
110,219,92.33062579377292
111,1,211.56568553185207
111,2,208.90289136648062
111,3,199.66379424503975
111,4,172.30413127750217
111,5,195.18310437273612
111,6,214.57059203890094
111,7,226.05279225441336
111,8,222.73551928011875
111,9,183.81851325577009
111,10,194.64948472388642
111,11,203.31479429513274
111,12,200.74665668224043
111,13,215.6204860308353
111,14,195.93742566230503
111,15,205.10407751228195
111,16,187.10609920140269
111,17,199.10724272658263
111,18,177.90212800062
111,19,196.58167869139288
111,20,190.01681968415505
111,21,193.36989860139147
111,22,190.02639711547818
111,23,190.4782333445255
111,24,201.16330708192254
111,25,215.4894366497465
111,26,196.79525216403272
111,27,178.15615211628028
111,28,183.22362219100614
111,29,180.66314990638784
111,30,182.4563118899896
111,31,167.376096645472
111,32,198.59982570401917
111,33,178.63419999851612
111,34,209.6618936239829
111,35,182.207013426887
111,36,203.77985859845649
111,37,184.89745741165825
111,38,172.36510495589755
111,39,189.28736376772576
111,40,182.36327924278885
111,41,178.9882229936411
111,42,184.57853615163185
111,43,212.7005097218571
111,44,196.87949407260749
111,45,150.51027525879908
111,46,204.35782985878177
111,47,188.80488667583995
111,48,170.51390815847844
111,49,181.64381779755058
111,50,185.05399270700582
111,51,190.8041465486458
111,52,165.49013346623542
111,53,175.77116975421086
111,54,177.18969589606422
111,55,178.23916652450134
111,56,204.73632531688781
111,57,178.17732267438987
111,58,179.39903348617372
111,59,181.63859309376858
111,60,154.2912673774481
111,61,186.90169091126154
111,62,173.8143022466611
111,63,178.71554108092096
111,64,159.69371992011293
111,65,162.3338773830401
111,66,178.0469134354571
111,67,192.60795128085738
111,68,188.04858239850728
111,69,162.34394974187308
111,70,194.60527316451044
111,71,181.31099419672682
111,72,188.0606306618647
111,73,170.879200330608
111,74,141.17151679979725
111,75,186.7948262610953
111,76,171.90830869258934
111,77,158.38598018408084
111,78,160.508501559867
111,79,154.01525257222238
111,80,146.56304777077457
111,81,154.37320191639446
111,82,164.84078939510073
111,83,150.90760089096148
111,84,153.25922472154343
111,85,162.0016602944088
111,86,131.26195130777342
111,87,149.5036078605408
111,88,164.1519200720868
111,89,166.2880520489707
111,90,157.4047463560928
111,91,159.41264669667726
111,92,134.14372399105196
111,93,143.6238573296796
111,94,159.07586190240545
111,95,154.38045480875735
111,96,132.9518082254508
111,97,162.77186561578128
111,98,124.64357596100308
111,99,151.91473221677734
111,100,140.8274453354752
111,101,125.36049807506788
111,102,133.35475608484558
111,103,121.3753316990842
111,104,138.27208187474753
111,105,139.9947003465495
111,106,147.28279653097707
111,107,113.75731380591606
111,108,93.91538916777063
111,109,112.80138038443692
111,110,126.00285034914123
111,111,127.53208138237096
111,112,114.19517187187012
111,113,125.62572115693911
111,114,105.46524993716594
111,115,88.44833800754714
111,116,111.4220006847172
111,117,96.91302454435208
111,118,74.50155119456758
111,119,95.61832720066013
111,120,93.19174824661604
111,121,69.78585486261727
111,122,108.07007075287402
111,123,110.02761914752773
111,124,93.73581548295624
111,125,62.123077278229175
111,126,67.54156004250399
111,127,77.99962456527282
111,128,64.48134134190332
111,129,88.83463085223048
111,130,75.63394208672253
111,131,41.60967603242898
112,1,127.12303529324709
112,2,135.05317593700602
112,3,124.42859166188282
112,4,155.18046696802048
112,5,144.26079981822113
112,6,135.91379900287575
112,7,120.3454649657142
112,8,128.00922546254878
112,9,114.23135500287026
112,10,159.41577771891025
112,11,124.92409768464859
112,12,124.4862792713975
112,13,133.22430116046598
112,14,129.64977618791454
112,15,103.50222038922948
112,16,126.67239730655274
112,17,127.13826398585661
112,18,149.46773168492655
112,19,143.21701534104068
112,20,130.08131369536568
112,21,119.50649461932335
112,22,142.48687079863157
112,23,128.73693642096623
112,24,124.6222995150165
112,25,144.86810558241996
112,26,140.94780107036786
112,27,142.36289641744952
112,28,142.0430977203796
112,29,124.73989072185941
112,30,129.6090613092747
112,31,125.80580944400572
112,32,121.40444102311449
112,33,118.17905593442993
112,34,133.34411442068813
112,35,109.0801640248319
112,36,128.22823569634784
112,37,118.6119433011554
112,38,125.38838424137066
112,39,135.78997811151203
112,40,123.15642271096294
112,41,109.97401381562668
112,42,161.98676202914066
112,43,157.0645912032851
112,44,129.6745891745304
112,45,122.01260509553686
112,46,141.0943915312091
112,47,121.64227220302564
112,48,121.41130141318718
112,49,128.00702890190587
112,50,143.7275150109199
112,51,121.47199136779818
112,52,124.25135361088905
112,53,115.6379100678605
112,54,135.86229327289766
112,55,141.21112818994152
112,56,126.11853420548869
112,57,106.33408621780836
112,58,131.04745323187672
112,59,113.44709217596392
112,60,109.4784570971824
112,61,118.67554760594794
112,62,87.34457010225742
112,63,106.7287825530293
112,64,93.00998477359099
112,65,117.58002083901374
112,66,125.25776373261033
112,67,109.72921840086929
112,68,116.24423836006463
112,69,100.18201089797367
112,70,123.88347580481786
112,71,122.75362239365495
112,72,107.1593188288025
112,73,95.73853934014915
112,74,124.87612882416579
112,75,104.2447060985869
112,76,120.77784147007333
112,77,93.30591209928389
112,78,106.001534885414
112,79,113.4840402818736
112,80,111.48667065438349
112,81,91.71167970429815
112,82,103.14328555284737
112,83,114.41886211399833
112,84,123.82080823160504
112,85,105.13941204591538
112,86,111.82694141349202
112,87,94.0098082302211
112,88,83.8007229970317
112,89,118.17593207379832
112,90,120.33221133452025
112,91,141.75459491396032
112,92,90.32291761451052
112,93,103.36723831442214
112,94,94.82188487380336
112,95,92.23250890416966
112,96,112.18382375052897
112,97,78.09284857263992
112,98,107.37145407673233
112,99,98.89858505277516
112,100,104.79973008405068
112,101,96.32185832279356
112,102,82.50671134337608
112,103,72.60799997580762
112,104,83.6309050137861
112,105,86.3308921959615
112,106,109.57044712164497
112,107,91.21898693643743
112,108,98.75384882454819
112,109,94.13090625879704
113,1,164.7060508325667
113,2,173.63914016470517
113,3,180.36041917891998
113,4,151.26279017663182
113,5,151.28846583582344
113,6,175.4062810924297
113,7,183.2258337136882
113,8,145.90848834223289
113,9,192.09219013720576
113,10,163.7120962000481
113,11,184.98340099347115
113,12,180.87761390125524
113,13,183.08669437740173
113,14,155.08844517107354
113,15,168.45704166371434
113,16,155.24975345758867
113,17,170.79885924364498
113,18,161.87756030568562
113,19,168.43604715671972
113,20,151.50413360656967
113,21,155.55852831844823
113,22,162.8143599969626
113,23,177.5686868261546
113,24,169.097241999385
113,25,162.6099046035306
113,26,144.92283585721452
113,27,174.16746593070275
113,28,163.46057508172817
113,29,163.5795685343328
113,30,188.3065059235014
113,31,190.70140437244845
113,32,174.91211050827405
113,33,175.8291979248752
113,34,155.5991319870809
113,35,146.20515371359215
113,36,158.06222036266263
113,37,167.5593863223039
113,38,169.42620997287304
113,39,162.34923908748897
113,40,173.11803854638856
113,41,168.72691942731763
113,42,158.81517355141114
113,43,174.71855826162937
113,44,164.14818985910824
113,45,175.71565901409485
114,1,143.97442812776717
114,2,131.6903901609694
114,3,156.87990738736698
114,4,141.0711272448898
114,5,134.42020594411588
114,6,139.48218147160514
114,7,136.95838414295577
114,8,119.81959526365245
114,9,159.2127828795492
114,10,135.3264268460407
114,11,134.23661784114665
114,12,147.09579739368928
114,13,118.41759002124309
114,14,146.99216627597343
114,15,99.09844089618127
114,16,126.84352671069792
114,17,139.49833719425806
114,18,141.0935163151953
114,19,159.2717737778803
114,20,131.41224186865293
114,21,142.99265560709318
114,22,123.48673511835659
114,23,140.37480635971588
114,24,128.42713561399432
114,25,152.16387929602206
114,26,124.88140174787986
114,27,149.3789962056835
114,28,138.76930906360212
114,29,142.1528492158759
114,30,116.41794941746775
114,31,116.02343213984568
114,32,128.0329046620609
114,33,136.3621609464317
114,34,131.82946326909587
114,35,134.35497824170307
114,36,140.12779476582364
114,37,137.73223254863115
114,38,129.22032579420193
114,39,147.5884878991128
114,40,116.52676795136358
114,41,136.0305571963545
114,42,135.6984731389748
114,43,128.50697084431886
114,44,133.864388575028
114,45,117.46319302035408
114,46,120.6617353311085
114,47,125.31845317205443
114,48,141.90874106317642
114,49,132.35284022580163
114,50,133.82793255919387
114,51,124.6429067019053
114,52,124.99756169181637
114,53,140.2856491788698
114,54,125.0606263341906
114,55,134.5232730392163
114,56,136.29463805149135
114,57,140.5040934445642
114,58,129.66305442773591
114,59,140.67684147137334
114,60,109.95704655906593
114,61,141.54494522044843
114,62,153.1724223630954
114,63,120.34640824229427
114,64,113.71438184046565
114,65,144.93049605683336
114,66,137.9011825321868
114,67,132.7709825533966
114,68,100.96982818530523
114,69,122.99943540069216
114,70,101.17413092334755
114,71,83.58235946040077
114,72,131.67943342139188
114,73,126.80638086036197
114,74,136.39180886078248
114,75,140.98572048974893
114,76,97.49953436008946
114,77,122.76115855472744
114,78,117.88783788726869
114,79,132.60574156850635
114,80,142.04824923473643
114,81,137.7226322452334
114,82,120.34628497182712
114,83,121.96714560805412
114,84,140.99619949355838
114,85,111.59197108520311
114,86,119.9786122351652
114,87,121.1719305457591
114,88,128.73316016296303
114,89,118.33968725253362
114,90,118.90507914369664
114,91,134.39128642746073
114,92,119.52488838524005
114,93,134.97205926043534
114,94,116.3141522262813
114,95,128.70983745180274
114,96,122.25829445223644
114,97,135.53373847606417
114,98,124.25142640322156
114,99,117.2734931826999
114,100,98.50688162084407
114,101,126.66980258956755
114,102,104.39940365342045
114,103,120.00953045410279
114,104,112.21248114658374
114,105,119.58700979733112
114,106,104.87767523880757
114,107,111.36938178633136
114,108,115.55099134828197
114,109,114.8461933954386
114,110,107.70735896453698
114,111,106.39705972201045
114,112,111.46426976400107
114,113,92.03219639253075
114,114,104.77362093429838
114,115,115.86227756922744
114,116,98.70701332966564
114,117,99.9480749939612
114,118,110.820049715403
114,119,100.86040796698217
114,120,127.40230702956615
114,121,98.47967728455114
114,122,100.04744324838248
114,123,97.2654614054336
114,124,100.00018604681827
114,125,136.36003916944173
114,126,140.43626979970577
114,127,112.58229025993205
114,128,103.31229053733114
114,129,98.6646736486
114,130,98.88978736615536
114,131,99.40871962831443
114,132,105.40697903277032
114,133,110.19232870297128
114,134,74.89414245890657
114,135,105.28958631346904
114,136,97.56703754690534
114,137,92.80225545225403
114,138,113.4689541283733
114,139,102.90046663270186
114,140,105.4446823262042
114,141,129.20937284254614
114,142,98.30595376914425
114,143,124.51587209040736
114,144,96.54463842266705
114,145,98.98862426669803
114,146,83.18156702110718
114,147,94.46159017548052
114,148,93.30232241001067
114,149,110.88130424136762
114,150,89.94252019919077
114,151,107.74422883849911
114,152,97.6231459153787
114,153,81.83625257493259
115,1,128.29620724140113
115,2,127.71484010459244
115,3,118.48119819413114
115,4,160.27152510532324
115,5,130.81562270127324
115,6,133.49906541928794
115,7,110.83138126316044
115,8,148.44238819561724
115,9,128.1478460812723
115,10,112.62464998102223
115,11,124.88544487419858
115,12,149.36793595412018
115,13,130.12757791621698
115,14,133.9981991386012
115,15,141.62734241080761
115,16,140.0051002097025
115,17,127.63359771652176
115,18,136.59614808829792
115,19,118.77379945376015
115,20,133.22764728390757
115,21,137.92782261176035
115,22,148.81860656446224
115,23,116.64441517460364
115,24,110.57057049304422
115,25,143.63976523451856
115,26,138.38498346253618
115,27,121.46153626679734
115,28,112.39020847613574
115,29,144.07002023978566
115,30,122.68974438833538
115,31,161.36555010308075
115,32,133.66191730383434
115,33,128.8976582719406
115,34,128.17544830671977
115,35,143.74987767622224
115,36,154.29497927366174
115,37,108.23093837934721
115,38,134.06892597427213
115,39,126.96908173357951
115,40,142.877489057013
115,41,118.67668936755217
115,42,132.57795003130013
115,43,116.08210956466064
115,44,146.83995664100803
115,45,128.2639810180117
115,46,130.52592776923848
115,47,107.96954357984214
115,48,143.91135947983275
115,49,141.0997855751848
115,50,116.6663832723425
115,51,129.84356928656052
115,52,120.72760516484414
115,53,123.6787232991046
115,54,136.4865675540641
115,55,112.29991485137725
115,56,130.76632562965824
115,57,134.28439004217944
115,58,142.7157470170423
115,59,110.80173553973145
115,60,143.25668678867805
115,61,131.10736094098684
115,62,141.66350076924573
115,63,136.7658201844606
115,64,99.14273184272315
115,65,123.76865958194685
115,66,115.81654281540978
115,67,120.88232630921266
115,68,131.68326918613457
115,69,128.14461297466187
115,70,128.16278326333122
115,71,133.7959723246895
115,72,125.94148004730232
115,73,141.11940225948638
115,74,110.65419577784633
115,75,124.14673422525084
115,76,135.81836911007122
115,77,126.02103573906788
115,78,116.93102428307611
115,79,113.65834045141673
115,80,120.02054219911952
115,81,128.3858375727068
115,82,126.47684178131021
115,83,118.93975532055629
115,84,126.22764261550037
115,85,140.65942125768197
115,86,129.8199532574945
115,87,119.2124093895327
115,88,141.05879639964405
115,89,112.74766844746046
115,90,120.93130536942044
115,91,120.59657321710984
115,92,133.19929749874427
115,93,118.64192669451586
115,94,125.54967157773353
115,95,116.86110129318695
115,96,113.38757362224715
115,97,138.7788874089747
115,98,120.25131030555349
115,99,129.69825524695625
115,100,121.31738962433155
115,101,110.27106821013876
115,102,124.83757866307133
115,103,106.92191252871271
115,104,127.03963230088266
115,105,133.30973502893175
115,106,131.42328996454307
115,107,124.60871009914263
115,108,111.20175580575597
115,109,113.05524246864661
115,110,110.7396301255867
115,111,123.17167157193762
115,112,125.53616119189974
115,113,120.77572518102534
115,114,117.54278846128727
115,115,121.24798685445421
115,116,97.51056330588472
115,117,133.2591701433994
115,118,111.79689030897862
115,119,127.61767386673455
115,120,111.17047974880552
115,121,93.33961815911607
115,122,137.1355171983596
115,123,145.94610444385762
115,124,124.94926650170964
115,125,99.09199634531251
115,126,94.89927776732657
115,127,114.02153364719561
115,128,104.7342418778353
115,129,111.16755387422018
115,130,127.38057729869615
115,131,136.90605382565263
115,132,124.65791564877873
115,133,121.41032123937475
115,134,115.40767112454341
115,135,122.9977696063579
115,136,142.73267207384197
115,137,120.63235354470089
115,138,132.81188869078323
115,139,91.5072475594643
115,140,91.42485158714408
115,141,133.20512822989986
115,142,113.12619340902165
115,143,105.88345150237001
115,144,117.54968843201641
115,145,107.57588610570383
115,146,133.5862352852564
115,147,111.57795162143157
115,148,113.93093816987675
115,149,109.01320341531391
115,150,113.46819439939281
115,151,104.43247237770993
115,152,103.96521436683543
115,153,95.4258797674629
115,154,100.15614335936698
115,155,115.53004282317852
115,156,131.11992156643828
115,157,89.45428508321493
115,158,112.02472879502602
115,159,115.42098154748965
115,160,105.84150131783099
115,161,112.19143980029185
115,162,124.31501166086673
115,163,112.83356390019617
115,164,100.56679618386988
115,165,85.90733061220817
115,166,110.71682382652943
115,167,91.68327674442116
115,168,109.85800766753528
115,169,105.26850752062455
115,170,96.53703454716742
115,171,123.19419039040804
115,172,99.02825138300977
115,173,109.05191893156007
115,174,97.70620550173044
115,175,111.74475330506539
115,176,108.83492849162576
115,177,107.25579932709661
115,178,106.84154888927878
115,179,132.6722660034211
115,180,88.27633333736594
115,181,105.63894763286953
115,182,99.68206146472949
115,183,118.37024025671417
115,184,80.788744231897
115,185,74.35147710098681
115,186,85.73795186215284
115,187,86.74273239158356
115,188,87.19371738993505
115,189,96.93093839271751
115,190,78.38675108833559
115,191,102.51529692365875
115,192,104.08301011600997
115,193,110.38549503433023
115,194,97.70866217521689
115,195,93.4833444863034
115,196,114.05302676688007
115,197,95.23647013808659
115,198,81.13761314977455
115,199,88.04280156985624
115,200,91.27039661681192
115,201,79.31727958175907
115,202,85.40088498312252
115,203,92.63730454391771
115,204,82.5916533772106
115,205,84.22774549037422
115,206,85.58366947786999
115,207,81.20776890058914
115,208,83.44466691293928
115,209,60.904122275278496
115,210,70.96161983939965
116,1,110.55862687982153
116,2,115.13682583841728
116,3,139.16885653817735
116,4,130.98726182062092
116,5,119.47612001710513
116,6,113.65881115265074
116,7,90.48547445968143
116,8,101.20902248879429
116,9,116.32545313028822
116,10,110.55578174129914
116,11,104.9782626271408
116,12,134.64888776329462
116,13,112.37603673543344
116,14,108.47031204305677
116,15,135.12923049565143
116,16,114.75952669455728
116,17,130.81775414531148
116,18,118.4251596443064
116,19,119.1649688227044
116,20,119.3113936662412
116,21,140.02057685050386
116,22,114.05247748977854
116,23,105.95023870209843
116,24,131.71978101992863
116,25,138.20090911182342
116,26,126.08255467587878
116,27,102.14285613747052
116,28,111.58249993307254
116,29,116.84106520665227
116,30,131.40628701604146
116,31,106.4593571743535
116,32,109.8463772163741
116,33,113.62010188764543
116,34,82.96521412305447
116,35,104.03591831396625
116,36,109.5118916118663
116,37,107.47995623639144
116,38,113.36546159199497
116,39,136.68039785813016
116,40,105.1577317781921
116,41,98.01366553346452
116,42,114.27635003762407
116,43,94.49643208641646
116,44,102.58405230980861
116,45,119.85051320312778
116,46,110.39634804202069
116,47,105.44213494444557
116,48,89.94525991105183
116,49,99.15472903281625
116,50,110.23724598581612
116,51,124.05890780646587
116,52,103.43829975211702
116,53,102.58600597318582
116,54,123.63515261980501
116,55,108.7524658271941
116,56,126.24269776086294
116,57,94.26308095656714
116,58,111.25238999356225
116,59,120.4106859063686
116,60,100.79224004599382
116,61,106.9911421803481
116,62,86.69913440309756
116,63,104.8230206182925
116,64,103.06330436865392
116,65,88.99353554084519
116,66,119.67545334592432
116,67,97.06707422740146
116,68,117.769254532388
116,69,108.6434183793026
116,70,99.24734261410777
116,71,95.47814450398437
116,72,116.22964924362168
116,73,91.63199789169448
116,74,83.66446216534678
116,75,90.05272026241437
116,76,89.59733556333231
116,77,87.540785979465
116,78,102.07094352199783
116,79,133.51263007737725
116,80,117.19451406083681
116,81,111.98175234267546
116,82,106.32478962434834
116,83,101.27046982123284
116,84,75.97680017670791
116,85,98.31879302889865
116,86,116.49504137808253
116,87,102.21431830826623
116,88,91.22102423342585
116,89,115.20998265313392
116,90,110.22182013263955
116,91,112.3698027611099
116,92,99.01528488156328
116,93,81.71584169384005
116,94,103.88442490878515
116,95,82.26222661707288
116,96,93.27476342330192
116,97,93.02322855034436
116,98,85.62662079527945
116,99,91.32800841517746
116,100,88.53949310405005
116,101,103.8292143773142
116,102,108.94561256256566
116,103,88.77476207980362
116,104,73.70477485960146
116,105,96.27617841784377
116,106,97.96911014253419
116,107,81.13229719249648
116,108,85.63298606596072
116,109,61.56461654622399
116,110,79.61838360715046
116,111,99.18233849702665
116,112,102.47255101969495
116,113,81.82464122698002
116,114,89.9456070684173
116,115,81.30098720129172
116,116,103.39654887128563
116,117,58.59322682153288
116,118,76.90235372124152
116,119,83.99861111308564
116,120,67.39482115011197
116,121,90.77314535907499
116,122,87.15092489244853
116,123,71.25948606790189
116,124,77.1389387258605
116,125,66.61120249176747
116,126,72.30621334066382
116,127,81.69762229988555
116,128,78.97982418701577
116,129,84.45550862939126
116,130,45.664091917074984
116,131,51.52192819304037
116,132,45.225437845838314
116,133,74.79513973166468
116,134,78.09485441549623
116,135,71.84116371057462
116,136,68.15726406014437
116,137,71.22396698338707
116,138,41.53131682756066
116,139,73.1852338914905
116,140,54.668889252105146
116,141,59.37148706550215
116,142,49.08227752218954
116,143,55.09361860671925
116,144,61.612831037447904
116,145,55.931366496530245
116,146,60.089312386473466
116,147,64.28734629342216
116,148,41.498236319297575
116,149,44.503739314881386
116,150,47.39600303896077
116,151,29.04198381842434
116,152,12.176619050842419
116,153,20.704800572013482
116,154,78.29286611975112
116,155,44.89952792216718
116,156,38.38614912366029
116,157,30.609951915525016
116,158,41.862510587518045
116,159,17.507263108280313
116,160,47.354309464215476
116,161,16.8449190697429
116,162,30.625723448523786
116,163,27.032387788618507
116,164,-4.646569405384071
116,165,-12.692547097438364
116,166,26.47689661209006
116,167,-17.58052044271608
116,168,-12.839733611348493
116,169,12.572073150397046
116,170,2.835738040645083
116,171,6.608550789387664
117,1,138.7183368936967
117,2,114.13941305159096
117,3,117.11195072498958
117,4,126.35964329446142
117,5,95.57637348084245
117,6,119.45984822628088
117,7,132.2459637251086
117,8,99.38775123794767
117,9,132.93635721665487
117,10,118.64510187564883
117,11,128.42226344475785
117,12,136.07704543870204
117,13,92.42590467214177
117,14,113.75068004038621
117,15,98.78211555541202
117,16,106.80455398821505
117,17,137.09861609427753
117,18,121.29384543599008
117,19,138.17968192290573
117,20,129.1079590954978
117,21,104.51665673922253
117,22,117.11205950642761
117,23,119.80448843676277
117,24,101.41096584602928
117,25,125.49637044181873
117,26,118.14341406580934
117,27,116.10111116428743
117,28,123.3624075274929
117,29,92.59423746164975
117,30,88.62172368297615
117,31,100.91505335392867
117,32,101.17516318526032
117,33,111.62077212997974
117,34,93.15653004903288
117,35,122.5600593279014
117,36,112.81932881870307
117,37,117.35533266382845
117,38,118.17057727641804
117,39,93.76182295540639
117,40,134.65426763350843
117,41,97.86129165717284
117,42,127.88854874997196
117,43,103.7947266090705
117,44,132.3279339465298
117,45,92.19295531867101
117,46,108.67492063401733
117,47,98.959850078827
117,48,94.90582594705484
117,49,100.04528585650405
117,50,135.4589870257696
117,51,127.27626247306762
117,52,111.39014213615155
117,53,96.2556904663943
117,54,122.43439666476479
117,55,106.69709718610102
118,1,170.49726642453606
118,2,160.8999884899822
118,3,173.110017623163
118,4,163.2011186890595
118,5,185.43461867309088
118,6,137.98102555666264
118,7,171.50340827566106
118,8,166.25003661487426
118,9,146.16708521293913
118,10,149.59516265786806
118,11,179.15892840869492
118,12,166.02376389972778
118,13,166.60451717207616
118,14,173.4456635829556
118,15,156.12258526543883
118,16,162.56254570196324
118,17,163.82821324362158
118,18,180.52214989904314
118,19,185.9533315124936
118,20,188.8329970509658
118,21,155.95833908428904
118,22,149.625545450981
118,23,167.8334575371191
118,24,181.52275954111246
118,25,149.5957772735128
118,26,155.51674139820534
118,27,157.1960293948141
118,28,174.6424055214884
118,29,158.0766820188146
118,30,151.1917829607046
118,31,159.1499386201176
118,32,152.09177862697834
118,33,164.9063821534146
118,34,140.50713230085967
118,35,159.16820873167308
118,36,174.07083294253243
118,37,142.08948443502595
118,38,148.95443382325175
118,39,146.06517420883029
118,40,163.72448136398452
118,41,178.43257760702545
118,42,165.7656003429729
118,43,165.56080629814824
118,44,126.53119804191374
118,45,153.50694432298042
118,46,164.4681179457839
118,47,156.09567783898092
118,48,183.7530027215762
118,49,158.98664310822642
118,50,158.72080347875453
118,51,160.97201374998986
118,52,155.4003658164802
118,53,144.83987670595525
118,54,146.6043295133859
118,55,162.85862428400287
118,56,153.61610359824408
118,57,185.40140232423437
118,58,147.33264300163864
118,59,141.14768753489625
118,60,153.0969796946738
118,61,171.03376424202725
118,62,152.1945397915406
118,63,186.2507879466648
118,64,164.64289473253302
118,65,156.42753226811328
118,66,135.5392485445118
118,67,127.54389764700318
118,68,162.530473678642
118,69,149.85575069075276
118,70,131.9115250840914
118,71,154.77588526767067
118,72,163.7003813070769
118,73,155.38337815588602
118,74,146.34650677719765
118,75,143.19376223721338
118,76,151.3967490840514
118,77,147.2818337901117
118,78,155.05216355682933
118,79,158.27732546668267
118,80,174.30603995906858
118,81,159.14920158033055
118,82,154.70443270435499
118,83,142.8746731686988
118,84,160.21949453554407
118,85,147.27129988332308
118,86,154.70730929679848
118,87,133.60423731583433
118,88,142.41065773581795
118,89,166.10318164206546
118,90,150.87632612363814
118,91,150.02293526546418
118,92,155.49984207828675
118,93,133.53539695804648
118,94,123.82619452557992
118,95,149.63133998893318
118,96,138.83346949983388
118,97,134.63426711985812
119,1,162.7212550462864
119,2,169.256296382875
119,3,172.3769385895066
119,4,201.2632091894411
119,5,176.68603728886228
119,6,186.5278580616432
119,7,180.58880644662713
119,8,192.42238927071594
119,9,169.6247714090714
119,10,185.27269798427733
119,11,163.7734693488601
119,12,169.4670609620589
119,13,185.6571361358001
119,14,173.6578834073589
119,15,163.3984198910257
119,16,158.73463666636962
119,17,175.32606062359264
119,18,196.91610597656108
119,19,185.07503177675244
119,20,150.70962822537695
119,21,169.64762918330234
119,22,154.0187106616504
119,23,174.71930935260752
119,24,152.56310572193615
119,25,179.4779515914488
119,26,157.5629469795822
119,27,176.1571641484552
119,28,171.06253428596392
119,29,168.79282712683198
119,30,166.51637459390622
119,31,159.17433818400605
119,32,179.9384740871028
119,33,176.54777459219622
119,34,168.79516410491487
119,35,175.57212551559496
119,36,188.36767703197256
119,37,174.77719928057923
119,38,188.44836613425286
119,39,192.8153970377025
119,40,157.61901643774763
119,41,144.9922970946427
119,42,167.17537705590075
119,43,185.11628245432075
119,44,168.43594740358094
119,45,184.32781207273365
119,46,144.20193715461937
119,47,186.12171670529642
119,48,163.81067530548899
119,49,185.0168001139391
119,50,151.72666012759146
119,51,189.42139001867326
119,52,186.45662439045554
119,53,195.19275631701748
119,54,163.25758895081526
119,55,157.29270143335452
119,56,192.9628796908073
119,57,184.476400304884
119,58,181.97665248405247
119,59,149.71945595165016
119,60,176.7933051455766
119,61,166.50563321672962
119,62,191.69016698718042
119,63,161.57130634839268
119,64,180.22938083005283
119,65,165.63043780582666
119,66,170.8667193149522
119,67,128.88949045529444
119,68,175.1995361880181
119,69,169.20950550585985
119,70,171.89266679461434
119,71,155.65497113942547
119,72,179.80460959827906
119,73,146.97182641648396
119,74,186.21763587952591
119,75,146.35739356608246
119,76,194.32590861515928
119,77,186.30200194282952
119,78,167.83352434927656
119,79,163.70030871796916
119,80,155.00362440403114
119,81,159.8366904577706
119,82,164.19472404095723
119,83,177.41069959320157
119,84,169.4822970069872
119,85,168.028590926755
119,86,167.65648761044577
119,87,185.76753949514386
119,88,163.72191054886207
119,89,176.52398939807608
119,90,170.8264699673091
119,91,170.9982626534329
119,92,169.30116383974382
119,93,147.64665377219353
119,94,169.62766835249204
119,95,140.86444762344763
119,96,165.77664726125658
119,97,157.79338745692803
119,98,165.5215521809514
119,99,166.04912842794874
119,100,158.10506448199158
119,101,166.34924983133533
119,102,166.36357838749973
119,103,156.50743040609086
119,104,158.30572021054104
119,105,143.93176152506203
119,106,167.39618982929824
119,107,156.69280170845013
119,108,163.60295579550439
119,109,159.22651971769665
119,110,162.8501642434785
119,111,126.79479498695582
119,112,170.77926741549163
119,113,147.259465260453
119,114,158.48898345695488
119,115,176.23863381514093
119,116,182.86533398376923
119,117,180.2574857120926
119,118,151.10870854976383
119,119,163.2374350002574
119,120,167.74278086766572
119,121,174.53340218065568
119,122,157.368046796415
119,123,171.87724286157754
119,124,145.68564891618735
119,125,147.91213346488075
119,126,191.62882212445402
119,127,159.76767473678046
119,128,130.58473959827097
119,129,148.5161364237283
119,130,152.63402129869064
119,131,134.76028604926978
119,132,133.0243590654718
119,133,135.5958153327956
119,134,168.83838695326267
119,135,154.65870345797885
119,136,139.01233583450812
119,137,170.20817795408948
119,138,175.25702135760366
119,139,157.74783828172804
119,140,148.09447723827907
119,141,152.06023103679763
119,142,166.4574122092672
119,143,124.50093789180391
119,144,150.86911384207633
119,145,137.15036801480164
119,146,167.2728052323073
119,147,149.01028416615736
119,148,140.4116017487031
119,149,165.30637844022567
119,150,159.1552170777286
119,151,170.4130691719547
119,152,169.58602097342373
119,153,140.08309451979585
119,154,146.18254991640424
119,155,151.33128165280505
119,156,156.83662058928894
119,157,135.0968992246344
119,158,151.42345746665524
119,159,156.38250094404066
119,160,174.671242584227
119,161,147.23975632576912
119,162,107.22912348922546
119,163,159.78235274785402
119,164,139.7583906653308
119,165,146.73743944119633
119,166,129.64288472032786
119,167,144.27268655374064
119,168,115.23422724016564
119,169,129.6149854825926
119,170,139.55286852722202
119,171,127.39716604181012
119,172,118.20573523846542
119,173,130.19930545796524
119,174,148.123951811991
119,175,138.88586988813768
119,176,124.4158605496923
119,177,148.73723851955583
119,178,118.09403988850681
119,179,117.15422357477655
119,180,143.4043926947561
119,181,120.05191348396329
119,182,134.12808931861946
119,183,123.53356388906832
119,184,126.42121849358227
119,185,137.3428790671096
119,186,112.71108183058823
119,187,131.4559067754235
119,188,125.94358994148934
119,189,115.09534002422151
119,190,126.81170643455698
119,191,131.76025434484472
119,192,142.19479488804063
119,193,125.12238762820925
119,194,144.59418134385487
119,195,122.90705909550888
119,196,138.52293130147882
119,197,119.7513829642703
119,198,122.71674935466581
119,199,135.98726432432886
119,200,137.83076063663611
119,201,102.59425812504924
119,202,126.94412103361537
120,1,191.27048984925204
120,2,192.24006750083208
120,3,174.17786896944745
120,4,176.0448476357342
120,5,154.4921243585486
120,6,158.34455869584053
120,7,172.5223446841992
120,8,190.0425173589465
120,9,171.7186410978611
120,10,162.51479206280783
120,11,160.6793417243316
120,12,168.33292069389427
120,13,167.68692201484373
120,14,177.5132934379726
120,15,159.60491098779312
120,16,180.57893688441982
120,17,173.63401545135275
120,18,178.47442062231858
120,19,156.7391064102485
120,20,183.88214625122055
120,21,166.39915110523725
120,22,193.8121824673508
120,23,177.18931733824866
120,24,181.28421755702584
120,25,166.15250663971528
120,26,172.65179600683769
120,27,161.44142738463415
120,28,192.51861914713663
120,29,161.3075654971326
120,30,168.39716141900135
120,31,181.0818964005448
120,32,172.9831122581818
120,33,172.02997215547657
120,34,166.96826632670127
120,35,171.4470365661182
120,36,170.2593867371179
120,37,170.80186489380867
120,38,183.31682399060082
120,39,173.78697039229155
120,40,148.34705909001786
120,41,214.08971496635786
120,42,173.4966434676171
120,43,188.9612472791705
120,44,147.36451897084044
120,45,187.78965917751339
120,46,186.0584925595249
120,47,195.68235594413272
120,48,177.55712352530827
120,49,171.31826601705689
120,50,162.34573184481997
120,51,166.78341453395115
120,52,177.36035233603616
120,53,167.70834601648676
120,54,149.05121880245133
120,55,151.12782834471
120,56,186.50309147190274
120,57,174.42551272239507
120,58,176.15483174355177
120,59,133.66040434989554
120,60,177.03121822535468
120,61,177.56343129469315
120,62,192.24266196358076
120,63,149.52392815757048
120,64,164.83996820360335
120,65,149.2313781440389
120,66,137.93482816899632
120,67,161.2141258552656
120,68,162.2379612855584
120,69,160.44236945743614
120,70,154.07476248499734
120,71,158.25082968120842
120,72,163.21607326240337
120,73,166.5420976957248
120,74,163.92362021817098
120,75,156.12926770542254
120,76,120.51276172458165
120,77,161.41956185526942
120,78,155.2274218160528
120,79,156.4875990097571
120,80,167.22594210608077
120,81,153.66270681490278
120,82,145.21307406164124
120,83,167.85834562262608
120,84,168.69078978141624
120,85,143.3320290407937
120,86,158.86488741754874
120,87,132.0030710234205
120,88,152.24615350108797
120,89,140.61416391673993
120,90,170.7161892886361
120,91,177.90196501088212
120,92,148.68795397853683
120,93,154.69523942826345
120,94,140.46884233201854
120,95,154.85198132914957
120,96,150.40287867668667
120,97,167.37162345290562
120,98,155.80613221317617
120,99,130.25007165999705
120,100,153.81419253249624
120,101,139.1089439540374
120,102,138.24916207088972
120,103,147.94804022191965
120,104,135.6002005901537
120,105,144.87644020211883
120,106,159.42587860573258
120,107,135.3918464759481
120,108,120.90059581528476
120,109,128.76495769849134
120,110,140.03236243689753
120,111,145.70602926196443
120,112,127.09711489031179
120,113,156.24292805465666
120,114,128.63626171361102
120,115,139.3100131117244
120,116,112.19099861917493
120,117,110.21579265753826
120,118,120.36708348380489
120,119,118.53598474718456
120,120,138.7438017285749
120,121,122.43046113911987
120,122,114.49597890085715
120,123,134.32543894180708
120,124,110.81009285627806
120,125,123.35713591353124
120,126,116.2000151417451
120,127,99.34268019579758
120,128,106.69471139369125
120,129,109.92437642085133
120,130,113.51812478024658
120,131,85.82416433929757
120,132,138.56875233016763
120,133,122.5354615318065
120,134,111.23398600790097
120,135,97.58213092454389
120,136,100.8961185608423
120,137,101.32254193595145
120,138,75.6864521437019
120,139,82.49802874415036
120,140,72.07849132746196
120,141,105.13696292472014
120,142,90.40167408066918
120,143,70.55164753533609
120,144,89.20769788202597
120,145,112.13331368882791
120,146,116.83555709094799
120,147,78.48237257752771
120,148,76.4000486906225
120,149,108.65774678924936
120,150,97.74270339441136
120,151,73.35862178095704
120,152,42.32814649967622
120,153,76.62304307222075
120,154,52.26097087944072
120,155,62.472376968944445
120,156,61.80835831066361
120,157,44.62510421212937
120,158,55.78943187688856
120,159,46.91457507688028
120,160,30.92690028736979
121,1,111.99251056840149
121,2,117.009855342003
121,3,124.96834134391975
121,4,121.45666386556695
121,5,131.82394096324424
121,6,128.17241522901895
121,7,151.3573833845876
121,8,136.69552440638654
121,9,131.06739464669226
121,10,133.49263159830298
121,11,127.82067588769132
121,12,99.31465463909262
121,13,113.67509186765528
121,14,122.98970712969458
121,15,118.99504556062311
121,16,112.90015047630732
121,17,136.3527926633251
121,18,111.85267568763084
121,19,139.92620752807852
121,20,105.51730276759918
121,21,134.96770965222822
121,22,119.86036626865098
121,23,128.2320851868717
121,24,121.07309606983472
121,25,115.74483576597413
121,26,128.0896558908571
121,27,134.36976272823813
121,28,146.9104036914796
121,29,130.16488208799274
121,30,120.85579570510163
121,31,114.71049726975616
121,32,135.16007184060436
121,33,125.8746673842179
121,34,134.41227355699084
121,35,115.9556178327257
121,36,135.14331290585687
121,37,117.46829927612998
121,38,114.99753526625136
121,39,111.11380647886108
121,40,119.3446478105252
121,41,135.94916995343374
121,42,139.26579726476484
121,43,107.14217281351011
121,44,108.78306468124356
121,45,110.03043231589254
121,46,130.71271898029954
121,47,114.12813376710255
121,48,118.13397147823707
121,49,112.00312372388726
121,50,129.52717877611576
121,51,107.37187131922838
121,52,109.04047045389598
121,53,116.43308822760446
121,54,112.12212411213841
121,55,116.99999200303137
121,56,93.27582721201179
121,57,101.9481932337294
121,58,134.8087040813989
121,59,89.93631594609906
122,1,159.17454602821817
122,2,158.81023605077644
122,3,166.27103632293438
122,4,204.46887954814883
122,5,158.03076899957523
122,6,146.95516606935416
122,7,156.81984491945332
122,8,169.12966240532842
122,9,147.5203365191046
122,10,146.2093527662728
122,11,155.73257165846735
122,12,145.12535700353328
122,13,147.03448874455353
122,14,141.94796427390247
122,15,169.90531170635222
122,16,163.4604504100207
122,17,185.79945292596676
122,18,159.92420648469852
122,19,164.914048865292
122,20,159.11974747560453
122,21,140.92878179580293
122,22,148.23425580887124
122,23,149.25416081163712
122,24,150.89481838326174
122,25,152.05721521622036
122,26,162.936868815239
122,27,163.664984134899
122,28,156.90963788288354
122,29,140.42217908867315
123,1,170.30933238179568
123,2,125.02797152712446
123,3,139.50952527487243
123,4,135.18627606462542
123,5,161.36754275643034
123,6,140.36235688529268
123,7,121.06352472858998
123,8,147.41191168299702
123,9,128.80314189225464
123,10,133.31135217440897
123,11,130.0778916918498
123,12,117.21017785622826
123,13,129.96235663465632
123,14,147.4511579881364
123,15,143.98835676928866
123,16,164.8230066055403
123,17,149.82843027061608
123,18,172.9216279824468
123,19,134.71379723197606
123,20,143.59544576863118
123,21,145.77262925765535
123,22,146.36313443173276
123,23,146.79063495973242
123,24,132.99498742909054
123,25,138.9622492099952
123,26,162.8920446029224
123,27,149.55424307069916
123,28,135.41061130163143
123,29,135.77599577890214
123,30,148.25037104486546
123,31,123.43635524724232
123,32,146.39008189160813
123,33,133.07165895558865
123,34,158.91851760562713
123,35,149.02532006237743
123,36,139.43765100774908
123,37,138.13083896406897
123,38,151.2386859085891
123,39,163.38970729628636
123,40,131.75260642827925
123,41,151.37429107894422
123,42,132.6713813997194
123,43,141.13296544387413
123,44,128.37716381141217
123,45,137.40912486692832
123,46,162.70559606807365
123,47,139.82570212033897
123,48,156.42281672282115
123,49,137.22720090315852
123,50,137.59434836853325
123,51,141.5631278284054
123,52,155.362790807485
123,53,115.79143415881845
123,54,148.70784211231512
123,55,130.15083286700974
123,56,137.17121184914868
123,57,132.58783962987945
123,58,126.354125607475
123,59,166.14019954981632
123,60,130.43027313050698
123,61,125.92186516121001
124,1,117.16833641605626
124,2,112.33123514937324
124,3,116.99805982876569
124,4,131.10075950500323
124,5,122.1764389253949
124,6,123.19469310728891
124,7,109.72182373372198
124,8,137.09783066109958
124,9,129.59115008712251
124,10,126.04140599125094
124,11,112.83320321697101
124,12,98.36428507704113
124,13,134.60938491495472
124,14,140.31079808797222
124,15,123.0657474037871
124,16,123.24483999984659
124,17,109.63013172487263
124,18,134.5945785343647
124,19,111.43393357213063
124,20,121.42018013253255
124,21,106.5422297433106
124,22,109.1444273810921
124,23,112.6186237104921
124,24,119.88102457561035
124,25,95.35217592077242
124,26,146.5856205273667
124,27,123.9979274792131
124,28,126.02740049566637
124,29,108.7823857469557
124,30,121.02911464331555
124,31,120.88602033215284
124,32,129.93177496208955
124,33,93.28677554332535
124,34,115.98353354953724
124,35,95.10717392909282
124,36,100.29860411128902
124,37,115.14468899822532
124,38,102.87951764873287
124,39,106.32248692372377
124,40,126.40657731280226
124,41,130.70487442360172
124,42,109.30791709152982
124,43,121.23356155722286
124,44,109.85432265597046
124,45,125.34545325215731
124,46,121.1524509221199
124,47,113.82215467233618
124,48,115.41489953791461
124,49,84.17734838709293
124,50,117.77772747971176
124,51,126.46320021565043
124,52,135.62051149910258
124,53,101.32169920296292
124,54,108.20364951051306
124,55,104.93273586605937
124,56,102.44880778146035
124,57,107.23826296430343
124,58,108.88715616786067
124,59,125.89221196257131
124,60,102.06783981672925
124,61,111.34808300176519
124,62,92.30450546592328
124,63,105.47715831080859
124,64,83.71635982357839
124,65,100.5335385603612
124,66,76.37163352582138
124,67,101.71810462934809
124,68,109.01540638365259
124,69,110.11778282764863
124,70,93.38602927478496
124,71,90.84456718528963
124,72,93.85311059866217
124,73,97.76311275178159
124,74,98.36478819149488
124,75,91.6413065579618
124,76,103.64817284512537
124,77,104.23149540935992
124,78,100.96276215975377
124,79,104.77755714223895
124,80,97.60484257197822
124,81,110.83466531139129
124,82,92.39200813936623
124,83,94.84802689741628
124,84,83.51166533390642
124,85,111.19342580730881
124,86,93.76401136669301
124,87,84.69560027559783
124,88,82.66797127982863
124,89,99.22712156912166
124,90,97.73319460696803
124,91,110.32947633569711
124,92,68.72817181680148
124,93,84.4632108693113
124,94,101.0395757672668
124,95,93.64239397260826
124,96,105.29119442228694
124,97,68.57577054532157
124,98,91.40230254342896
124,99,91.11427489802736
124,100,57.924868993854034
124,101,87.46958216814528
124,102,83.36735346938804
124,103,78.34464834164828
124,104,81.1080310344696
124,105,46.297614611976314
124,106,83.20397979453264
124,107,95.71344348226557
124,108,67.81134454327548
124,109,63.9622133337034
124,110,78.32688466126274
124,111,61.36026631376444
124,112,76.2048910478843
124,113,87.67589432240493
124,114,73.60270714054059
124,115,31.935643575336144
124,116,67.02995016629575
124,117,90.44430881481821
124,118,69.31475215528917
124,119,80.18045408445323
124,120,74.38145173619705
124,121,74.00318845745642
124,122,49.5334054895211
124,123,90.88400971898955
124,124,73.99672655191534
124,125,43.78362670747447
124,126,42.98285209920505
124,127,53.64189124054974
124,128,39.986659451489686
124,129,52.20470597172243
124,130,39.2445922257175
124,131,58.33524088036211
124,132,36.281874545391474
124,133,28.582994204618444
124,134,22.663953000228503
124,135,33.077093681975384
124,136,37.319353070466605
124,137,10.762104598274163
124,138,18.662923535433947
124,139,27.516459737751575
124,140,11.957208022213308
124,141,34.220564214498154
124,142,24.84263533912599
124,143,53.27344616409391
124,144,6.252116207651852
124,145,-4.093397806187568
124,146,9.014773856943066
124,147,-10.295854896728997
124,148,-21.59574688506109
124,149,-14.72951726597239
125,1,154.47275577406253
125,2,113.60984260495025
125,3,120.51983255776577
125,4,134.37191204771807
125,5,106.7091645774126
125,6,115.73289066151483
125,7,132.14885502192192
125,8,126.22717403236311
125,9,120.37337235722225
125,10,129.68069585910416
125,11,130.94025323294773
125,12,129.21699750165862
125,13,126.36265155374713
125,14,139.65160560923687
125,15,115.69772113100771
125,16,112.17964280492015
125,17,109.32208267039823
125,18,119.72814741786715
125,19,137.16240547462075
125,20,136.28241082686145
125,21,105.52657305743924
125,22,134.63168050916283
125,23,121.18789055956586
125,24,112.41172026873392
125,25,114.32416443387774
125,26,109.25738172021374
125,27,116.19559361108259
125,28,132.9844202736349
125,29,127.58852529009164
125,30,101.16247224633116
125,31,143.20763189424906
125,32,138.026477473235
125,33,131.94203102264873
125,34,102.58267424093356
125,35,134.5323414749946
125,36,123.54966568690725
125,37,109.91694040384755
125,38,126.04423139544815
125,39,114.3322544393086
125,40,129.16801338806545
125,41,123.89670081993245
125,42,121.60298885859811
125,43,113.01865344566613
125,44,99.90734154546954
125,45,96.63516093904036
125,46,114.36876125691197
125,47,148.3400982263047
125,48,132.85805980374425
125,49,117.11876994049817
125,50,121.46756850415841
125,51,104.76163833872124
125,52,103.4031768348359
125,53,114.22984070175153
125,54,99.27516118139465
125,55,125.78082030964288
125,56,145.36274574459094
125,57,122.13117100614181
125,58,123.85220132686663
125,59,130.29085594965
125,60,99.9795691250547
125,61,141.75852742949792
125,62,100.33545574119489
125,63,91.25306725139671
125,64,89.50667639563471
125,65,136.31385341675195
125,66,140.5881041797329
125,67,118.08845584042137
125,68,127.56921482826147
125,69,117.39188184733212
125,70,104.26868328493583
125,71,126.77771523083356
125,72,118.4141460434912
125,73,119.16888361572637
125,74,104.45431351094885
125,75,103.04850145950331
125,76,100.49801192980522
125,77,117.35494194432977
125,78,119.48214938564342
125,79,129.48705656455422
126,1,190.96074886921997
126,2,168.43276616576622
126,3,181.95307445709477
126,4,175.9389155126919
126,5,152.67364985765744
126,6,168.41205187518062
126,7,176.0655540578373
126,8,173.47310401055438
126,9,152.04922326824453
126,10,193.6932074053111
126,11,170.38739266752964
126,12,175.53600925738283
126,13,193.85270202886022
126,14,165.48020680531044
126,15,175.53022882274672
126,16,162.41861256257107
126,17,176.41548912459257
126,18,181.87413864403788
126,19,150.09386206476483
126,20,180.46863755869708
126,21,179.51934993961186
126,22,156.5431588165011
126,23,154.24404056916683
126,24,160.80038163467543
126,25,144.27958161066636
126,26,141.52590087005956
126,27,164.18540624700108
126,28,182.94661168265884
126,29,157.85232997350977
126,30,184.34921848024533
126,31,169.72064886389853
126,32,145.72813491371198
126,33,174.3942396323837
126,34,151.31027145871485
126,35,150.83023939109262
126,36,161.8511206116309
126,37,173.77124034918234
126,38,153.12449480233045
126,39,175.97835972793837
126,40,148.1478432738004
126,41,169.46865645520302
126,42,163.28260514628346
126,43,156.79676313935488
126,44,174.42302938564535
126,45,168.1772585790095
126,46,173.82368004461023
126,47,161.14007909793145
126,48,162.83655515014834
126,49,165.91634902703663
126,50,166.30403415761975
126,51,172.46602832881763
126,52,174.3616636717852
126,53,154.58095052400313
126,54,187.06700014538364
126,55,149.20372940372908
126,56,171.5510787273888
126,57,138.69915923386725
126,58,140.05583787772775
126,59,175.52514822654484
126,60,148.6001566435807
126,61,155.24961290492502
126,62,144.9720444501654
126,63,156.61918484565103
126,64,166.7715764825116
126,65,173.57262435868324
126,66,140.38083432786516
126,67,166.0163028156967
126,68,148.0156406308597
126,69,160.69242933978967
126,70,154.17395531327202
126,71,151.11851171834132
126,72,151.4606751665924
126,73,177.46037587059254
126,74,180.5506764546153
126,75,149.5929727758048
126,76,142.9615133139887
126,77,151.5812059286036
126,78,160.72579715121537
126,79,158.77470145050756
126,80,150.64897822033527
126,81,158.31766495543707
126,82,176.82888033948984
126,83,140.87781964602618
126,84,147.7678194869295
126,85,148.83699448651896
126,86,146.81580539103015
126,87,155.74294615918916
126,88,133.6838088314471
126,89,143.6938765510422
126,90,140.80767752085376
126,91,136.59112813550018
126,92,134.97846230485447
126,93,159.24462843710353
126,94,148.48657193638064
126,95,146.0677603080403
126,96,146.9522409229321
126,97,158.73062804811343
126,98,161.5880152636164
126,99,139.98086083964154
127,1,138.02661088675086
127,2,136.89963432150398
127,3,110.25381871086574
127,4,158.26252434674097
127,5,117.84043440496316
127,6,118.13736026746483
127,7,114.57148706205771
127,8,114.33878175909194
127,9,114.24540748121944
127,10,131.6725415753317
127,11,123.55207402155793
127,12,131.47223746730015
127,13,122.51224495597125
127,14,134.534861050357
127,15,137.33000621987594
127,16,140.12167352911638
127,17,124.3813886384014
127,18,162.81799918918114
127,19,148.6385974704972
127,20,134.09114677694743
127,21,134.58863221215142
127,22,110.39045151523169
127,23,118.95065181155223
127,24,156.39439190117264
127,25,140.33281680693472
127,26,125.38689039333258
127,27,118.99938147460489
127,28,95.95834380493034
127,29,130.1279909389341
127,30,133.8857015259564
127,31,108.20685813439195
127,32,119.48592753139383
127,33,144.82877093859133
127,34,122.60589067900582
127,35,141.30677632577863
127,36,143.05181832359085
127,37,117.55238966365141
127,38,131.39084187841217
127,39,110.84446296761598
127,40,139.40001870647393
127,41,125.65735063832108
127,42,128.77779096076847
127,43,156.32143204066233
127,44,125.70196312434564
127,45,118.44018467306887
127,46,130.42862766798498
127,47,126.64213320827548
127,48,118.26250078650628
127,49,107.46156998119113
127,50,119.03139372905571
127,51,108.34692025851109
127,52,134.5331445398915
127,53,110.58644067581918
127,54,112.73656975919585
127,55,143.12890816425352
127,56,131.96654843624856
127,57,121.67268850265827
127,58,116.52859310244094
127,59,123.09601298907364
127,60,117.55004416923475
127,61,115.64443747063342
127,62,103.24246186202072
127,63,101.47512873652158
127,64,113.20205180916673
127,65,118.30963675503153
127,66,124.60651433511521
127,67,134.4877483337914
127,68,115.59096908156062
127,69,117.07528222788824
127,70,114.19533196029079
127,71,116.0605412830846
127,72,103.26231464220473
127,73,112.51525602501351
127,74,107.52625062628795
127,75,95.34348442318151
127,76,116.20278643639904
127,77,99.39410053255415
127,78,108.28292626078473
127,79,130.2561784043719
127,80,118.58083383581834
127,81,118.3092932173895
127,82,122.99381656657351
127,83,110.96954086047481
127,84,113.61999344477954
127,85,95.91599030506768
127,86,127.11267986828898
127,87,118.93930441111297
127,88,108.35675864557561
127,89,105.88475599031517
127,90,105.58196830141242
127,91,107.29981560453598
127,92,101.90846873260307
127,93,117.28748257050029
127,94,99.22052260443888
127,95,91.86632112969528
127,96,110.57698482596606
127,97,121.78823630441184
127,98,86.73491330743127
127,99,103.05826939352119
127,100,121.25483816657652
127,101,115.13281588715472
127,102,111.74537913746462
127,103,107.39807462882891
127,104,88.38798399899679
127,105,110.49578313589882
127,106,97.97349195284187
127,107,113.89927315754903
127,108,103.86493051593425
127,109,102.9378016787523
127,110,109.33657018149825
127,111,113.01997485300672
127,112,113.84156203566818
127,113,73.35371710126492
127,114,90.92887002896168
127,115,98.59236874159251
127,116,83.65594101417082
127,117,96.49680418112985
127,118,106.0428591144373
127,119,110.3640566484246
127,120,101.52437596424716
127,121,83.86174800133449
127,122,73.74377410131274
127,123,96.94049961689598
127,124,65.44379729776847
127,125,85.13531257120485
127,126,75.88231813289894
128,1,170.9651309351466
128,2,142.25151243430446
128,3,138.2361150791112
128,4,153.99376890096755
128,5,151.92512700858788
128,6,162.30970707369124
128,7,126.57047154735483
128,8,153.87424638187076
128,9,154.9661089447036
128,10,167.55179744082852
128,11,156.16721983155003
128,12,142.38060909863998
128,13,163.13259151564125
128,14,142.63992165462696
128,15,168.61599031496007
128,16,152.12448910676903
128,17,150.22035710351338
128,18,137.98275455272233
128,19,139.36324358615093
128,20,139.0881133805815
128,21,158.03101784046157
128,22,127.01281305206794
128,23,140.81803526752628
128,24,157.707035879881
128,25,156.57607780340186
128,26,152.37517593109078
128,27,143.78057164570055
128,28,147.37298125952657
128,29,146.21229336521355
128,30,154.45601502805948
128,31,150.32705022781738
128,32,159.46016465678986
128,33,150.54394848734955
128,34,155.7455703715168
128,35,125.92428643420862
128,36,163.84797516144317
128,37,136.50730927741824
128,38,153.4661054337921
128,39,138.63560674923792
128,40,180.19500031975622
128,41,138.03366984768945
128,42,139.06751949356112
128,43,156.95970416393538
128,44,135.87735262247588
128,45,156.17729262975627
128,46,139.09178140819859
128,47,146.31952214802004
128,48,145.00888081538142
128,49,156.41729272147495
128,50,139.86692533182213
128,51,135.41379049055104
128,52,164.6311678014972
128,53,168.8488737027801
128,54,160.77108623695676
128,55,157.8705760413577
128,56,163.37040492236702
128,57,143.8391242556827
128,58,144.23117169306352
128,59,148.34349979586113
128,60,159.11274306273117
128,61,161.6121619822443
128,62,141.01316691383545
128,63,146.05468711023423
128,64,155.456373966932
128,65,147.41450902359793
128,66,164.42770174614998
128,67,158.9550627698918
128,68,152.0376926838071
128,69,148.55243822193006
128,70,133.97083541824395
128,71,147.02043562886684
128,72,123.34202759797336
128,73,142.295682606833
128,74,139.05703414995514
128,75,144.8248473931235
128,76,133.43393031275627
128,77,137.61854250876786
128,78,133.40508852318453
128,79,114.69397475193546
128,80,141.0263426592137
128,81,154.51570878987695
128,82,132.71438657215185
128,83,140.21226365602342
128,84,138.64363153214072
128,85,137.78581818212842
128,86,156.91749900970171
128,87,136.04799414862646
128,88,136.6022744782167
128,89,139.53902624031616
128,90,122.53952738857333
128,91,119.03564303636813
128,92,145.04994288908347
128,93,110.51827051715372
128,94,166.2119222465917
128,95,130.26366226762912
128,96,135.87914200766681
128,97,147.05169589875004
128,98,106.52906735252327
128,99,142.7088242764803
128,100,130.8165174554233
128,101,122.02808714527782
128,102,143.14129146663618
128,103,117.46126692023245
128,104,133.82131596629188
128,105,156.8638902615785
128,106,114.99050453691598
128,107,119.1300259479467
128,108,111.2606709271713
128,109,120.9523387232257
128,110,127.67933113010804
129,1,208.42981386041356
129,2,194.96639193964802
129,3,163.785769793074
129,4,160.502194083223
129,5,202.62722856377513
129,6,204.06224604209274
129,7,202.25088332944142
129,8,181.60275929603813
129,9,224.37932537016604
129,10,210.09878065386874
129,11,183.4528294740885
129,12,200.41586938728142
129,13,193.2698452084951
129,14,223.73948640208255
129,15,209.61870523169637
129,16,197.0488141915339
129,17,233.44827331663691
129,18,213.44252843365393
129,19,193.65344612903573
129,20,191.23143126741343
129,21,175.17070600587613
129,22,186.26723450278223
129,23,183.9567378227439
129,24,177.29463201641192
129,25,190.83136865798588
129,26,184.4134962422322
129,27,178.0902194365699
129,28,188.0085917325414
129,29,221.068829888638
129,30,184.0949995933115
129,31,153.19796221245633
129,32,204.12207809132087
129,33,190.36751058907248
129,34,179.5317523509657
129,35,205.25008423490362
129,36,176.17939508432028
129,37,185.46002091247647
129,38,174.18308461183915
129,39,204.6119479758272
129,40,213.31162538572244
129,41,188.3456159685884
129,42,174.5937637526149
129,43,192.24205695585988
129,44,206.167253378866
129,45,183.2971366970014
129,46,194.1213645982425
129,47,213.36285675306863
129,48,195.3562434406267
129,49,192.59124241807876
129,50,173.38789460888802
129,51,187.63791124437557
129,52,191.44964368347428
129,53,184.13222357565974
129,54,190.6879187510931
129,55,190.95028728559555
129,56,214.8532640992562
129,57,199.81878898439754
129,58,176.9878179054358
129,59,176.38912617962342
129,60,158.64781308419333
129,61,209.59354299686674
129,62,181.37040520373557
129,63,184.36183744917798
129,64,225.49343088611204
129,65,172.0992094476169
129,66,184.6132064274134
129,67,185.0479521452071
129,68,169.36917761492077
129,69,190.66099152893003
129,70,199.95871032767172
129,71,191.86745264612546
129,72,186.09181484081637
129,73,181.67191870607348
129,74,168.40528390544932
129,75,172.09072128603293
129,76,184.81154192641407
129,77,181.7510141465682
129,78,188.29017810307414
129,79,195.8668902588979
129,80,204.30676537630643
129,81,185.45724756105483
129,82,146.61731193418382
129,83,185.26194344188116
129,84,198.45214493865933
129,85,164.20170942803088
129,86,185.41270555312076
129,87,178.8597835773253
129,88,166.89223379002215
129,89,184.0743831363361
129,90,187.17698672401457
129,91,174.08080078139028
129,92,198.52876802066748
129,93,162.25093704637402
129,94,167.54023014796985
129,95,182.97809575969586
129,96,173.30586768430658
129,97,193.6981288607276
129,98,145.43051507658674
129,99,193.64323692052858
129,100,186.228272572087
129,101,153.22185841456667
129,102,172.01977675089438
129,103,159.95076393100317
129,104,145.99262258982344
129,105,184.50288282411202
129,106,174.3240931278633
129,107,158.3416292729744
129,108,167.4952172308549
129,109,189.9045704639284
129,110,192.08961059975263
129,111,167.40916008454224
129,112,170.81734551484988
129,113,183.24182552740967
129,114,186.5428681903577
129,115,182.40897470102936
129,116,180.50670896323572
129,117,171.77412647486926
129,118,174.37427639867383
129,119,167.72938536462607
129,120,179.97207373961282
129,121,140.39817277126713
129,122,160.2052350553131
129,123,183.45091881699045
129,124,173.35385450148897
129,125,170.40691672950197
129,126,179.30058629873383
129,127,172.62357233637158
129,128,179.57584738301375
129,129,174.20073482565203
129,130,168.36929195336415
129,131,159.36481486749108
129,132,180.8377710124114
129,133,186.63657904932916
129,134,160.93692131391435
129,135,150.4894071017552
129,136,155.54878859496966
129,137,162.05571259748103
129,138,151.83365535118355
129,139,160.09434592787875
129,140,179.32600480341353
129,141,168.16049794203718
129,142,162.73468425205647
129,143,176.2073677086737
129,144,157.9954243948232
129,145,157.74380808486603
129,146,176.3392670461326
129,147,171.60643606059602
129,148,166.5252275306484
129,149,155.83134384275763
129,150,170.31833719021233
129,151,171.40564241961692
129,152,165.76386258199636
129,153,157.28198241163773
129,154,151.67415766156773
129,155,148.52029002660856
129,156,154.19198478621547
129,157,142.73549229099444
129,158,187.75352188694524
129,159,163.95366583579016
129,160,159.94790437799384
129,161,169.43395966516982
129,162,166.42227870903298
129,163,162.12996952248068
129,164,167.7353924387353
129,165,194.86106872654636
129,166,170.10765542272566
129,167,184.3425139813844
129,168,158.99525523828197
129,169,169.5697696417992
129,170,149.81464787404548
129,171,173.59378170829586
129,172,139.78177326604782
129,173,149.2542888170574
129,174,148.6966938133337
129,175,151.3011622515769
129,176,164.52712815392442
129,177,163.45840649124148
129,178,149.42137415937032
129,179,188.99569496179902
129,180,153.58418305857776
129,181,148.27209066319483
129,182,154.1855491921524
129,183,147.80607509603578
129,184,148.1215611951484
129,185,154.8900926291608
129,186,124.24307660477643
129,187,140.7692688477473
129,188,126.72301550301927
129,189,138.64169943268644
129,190,149.56258142586012
129,191,150.5675330316517
129,192,148.99996354639734
129,193,149.89177994943748
129,194,147.3877065628476
129,195,132.63239191306639
129,196,129.4551124905047
129,197,111.69337928258756
129,198,146.21383994932694
129,199,148.0400721553524
129,200,132.28013517610816
129,201,146.47198018339986
129,202,138.20101139717735
129,203,139.067653705446
129,204,115.72009281752253
129,205,127.11436001359834
129,206,139.5352704051329
129,207,144.03107478751917
129,208,139.96311767498264
129,209,123.6101993566117
129,210,132.95070124259655
129,211,138.74764829216292
129,212,127.5734932146006
129,213,133.75174156628054
129,214,119.84252119720622
129,215,101.11731707142462
129,216,126.28911029332085
129,217,126.86604827300471
129,218,113.14662992651574
130,1,119.80405830653035
130,2,114.70952457660314
130,3,128.31678355771146
130,4,118.56611141181202
130,5,97.04792616274062
130,6,130.78883447373664
130,7,141.74073857582698
130,8,147.933585152874
130,9,145.13039644745731
130,10,122.27611055878515
130,11,133.91946590176667
130,12,145.1658292254142
130,13,125.63811631279532
130,14,137.2730387860356
130,15,127.9429013605768
130,16,146.55318675433227
130,17,120.82131920078245
130,18,133.96181329150568
130,19,137.1587600757921
130,20,134.28784774182714
130,21,151.1589376519405
130,22,129.1416957436013
130,23,113.46956690029037
130,24,99.26388703745761
130,25,145.7558539543752
130,26,137.41067112487508
130,27,125.91946795560943
130,28,116.52654873871506
130,29,118.10665440409502
130,30,110.71869712101034
130,31,120.6303211423292
130,32,136.10830074459955
130,33,133.646388257519
130,34,123.84457302775263
130,35,118.65797489911347
130,36,123.41013439355447
130,37,138.92872094697668
130,38,153.2586814055976
130,39,155.9954966653604
130,40,131.76587277743965
130,41,120.44429406649579
130,42,136.57478690866265
130,43,132.44756154737843
130,44,117.59432344461675
130,45,123.7284105836734
130,46,112.85227308792673
130,47,117.18321934641426
130,48,121.64554436911567
130,49,129.94663292616315
130,50,136.88049310920178
130,51,143.81402525514568
130,52,109.85116839096008
130,53,136.6485766854821
130,54,131.34668236582365
130,55,125.73456820794672
130,56,127.08487388328649
130,57,113.17710237239953
130,58,123.75524800653511
130,59,154.7127966404223
130,60,130.80796235219168
130,61,125.83656813058042
130,62,116.60932362305903
130,63,126.17221870020876
130,64,148.7566922854312
130,65,152.51245707977796
130,66,119.84426084045117
130,67,128.357003951176
130,68,120.11642144124198
130,69,112.90754580726934
130,70,106.11226620054367
130,71,105.15655262063956
130,72,156.2881834870932
130,73,122.3104799931316
130,74,132.36023709346773
130,75,116.76656236990675
130,76,118.7376448051582
130,77,145.09566545678535
130,78,117.25927736896847
130,79,127.26263719436974
130,80,139.21598923658166
130,81,125.09684776927315
130,82,115.30935847875662
130,83,114.13516204770713
130,84,122.58085460498842
130,85,130.26687445727293
130,86,120.62636196587846
130,87,127.67392533525708
130,88,96.94284751031955
130,89,114.24529824160709
130,90,126.72647178207262
130,91,95.95729874835524
130,92,96.3507961604264
130,93,120.2388588814938
130,94,114.95000769730541
130,95,105.03393815411255
130,96,125.22638210543664
130,97,139.8136157908084
130,98,127.27079002796381
130,99,142.48644429892738
130,100,119.9088485182292
130,101,116.22242030147754
130,102,119.21307218087168
130,103,146.84335322285187
130,104,107.91829317319207
130,105,119.86153780343739
130,106,70.83018825080217
130,107,119.0985925738205
130,108,98.21234793486656
130,109,129.5368161374863
130,110,121.95625269411539
130,111,96.15766487903602
130,112,110.3152819081588
130,113,118.5534060449063
130,114,111.02513107720733
130,115,122.05161015724298
130,116,124.15529446262371
130,117,116.36283358670335
130,118,127.48217768246104
130,119,104.00096022642538
130,120,97.85722173334216
130,121,98.99735820605565
130,122,105.62544260293362
130,123,108.9624875933223
130,124,108.56901081287651
130,125,134.437867063476
130,126,105.21730940033012
130,127,116.75298824520723
130,128,121.6520841870879
130,129,121.74130709599558
130,130,114.0753220403858
130,131,96.62336480735394
130,132,114.74265874289995
130,133,89.0337577212631
130,134,106.59756059550273
130,135,121.34419548592996
130,136,109.68740775631159
130,137,114.83851448370115
130,138,120.56422579315404
130,139,111.25251198013575
130,140,100.26989845999924
130,141,103.89812757269101
131,1,136.23099806846585
131,2,173.1925946655465
131,3,177.20278341823723
131,4,144.6800065314892
131,5,188.6884612269423
131,6,152.29570103111473
131,7,166.9722043315196
131,8,147.3373483299365
131,9,135.92101505500614
131,10,153.80162064467004
131,11,143.94629859137058
131,12,175.85046325479925
131,13,185.96373369717912
131,14,139.5401373697896
131,15,164.36067480709607
131,16,145.806747369832
131,17,185.08422451571823
131,18,161.06233659078134
131,19,174.42012808659638
131,20,179.7606447682847
131,21,173.16636054030823
131,22,168.24894502140523
131,23,142.47198010886495
131,24,139.1587590239651
131,25,162.20776055198075
131,26,151.4773881518704
131,27,177.95810444139352
131,28,167.66428851419914
131,29,166.34163694900053
131,30,130.08887196217984
131,31,177.77024133240047
131,32,164.2059144487066
131,33,191.4304374105268
131,34,159.47262457474426
131,35,141.72733455385605
131,36,152.9978956933046
131,37,156.35479438730545
131,38,151.61134058624157
131,39,145.50099645536102
131,40,139.76472378343897
131,41,148.79461823808379
131,42,150.8859579905402
131,43,129.3175923536255
131,44,161.28910655534855
131,45,165.40381853266445
131,46,161.75482124879636
131,47,160.8810696911387
131,48,160.5672625515581
131,49,169.2508490129694
131,50,157.68067729311588
131,51,136.00068566972914
131,52,151.03432313563098
131,53,134.96390968700143
131,54,152.14338860433782
131,55,163.4098510931217
131,56,157.3926866194015
131,57,143.76168191453326
131,58,143.95539664839453
131,59,161.36634726128977
131,60,164.45882325468847
131,61,168.84077126256307
131,62,142.40607723373978
131,63,169.1715167470029
131,64,146.02162172696262
131,65,159.6630987275421
131,66,146.81779860621464
131,67,148.23270312926616
131,68,131.75820898779784
131,69,136.48939100526331
131,70,141.6553085709893
131,71,164.16544561590854
131,72,130.0824485077028
131,73,155.32107120230648
132,1,136.4302364613468
132,2,130.12497964718204
132,3,153.34128403857903
132,4,130.27414939858863
132,5,157.602192321443
132,6,133.02265870649717
132,7,109.70150469293003
132,8,113.30042124993633
132,9,155.07111097688903
132,10,126.50111573991308
132,11,170.8617474712155
132,12,126.83435757983534
132,13,119.05442667227908
132,14,147.39700697572698
132,15,155.47614049151161
132,16,113.19775588165066
132,17,151.07397684440366
132,18,131.85093454123853
132,19,106.10226033668732
132,20,136.68961044981552
132,21,135.68371976063645
132,22,129.5009820815103
132,23,130.3137487446511
132,24,118.2041669769169
132,25,106.93915816960362
132,26,122.40908218717232
132,27,128.02632685153367
132,28,113.82823416173778
132,29,127.7503323002893
132,30,138.0674751378465
132,31,139.0537921567593
132,32,127.91963586644124
132,33,119.95733479611954
132,34,105.67188884071948
132,35,148.3276459874687
132,36,150.53554659440852
132,37,126.18234935717192
132,38,135.06317723054235
132,39,128.2258048615986
132,40,155.02594285506348
132,41,120.92089419435797
132,42,126.10737047049042
132,43,149.93335463260883
132,44,141.97034214231098
132,45,116.8136825865804
132,46,95.8272527338122
132,47,90.59130359363917
132,48,120.53513905773434
132,49,140.82120775562362
132,50,114.26177663094859
132,51,130.0817403402616
132,52,111.61151349395368
132,53,128.4503314754038
132,54,135.40229074254603
132,55,121.46430422789854
132,56,100.95500759786228
132,57,136.65268352966814
132,58,107.46927496827266
132,59,119.41120998974657
132,60,113.47087355853728
132,61,120.1035750282972
132,62,119.99176882884785
132,63,125.20952591701644
132,64,122.00471835606004
132,65,109.8157161142808
132,66,138.26209817055496
132,67,118.58831703259784
132,68,105.31353809183202
132,69,119.82537309936743
132,70,113.10939067764411
132,71,89.0357909953891
132,72,117.9495833602341
132,73,137.66673974259174
132,74,105.01684759739146
132,75,112.85687881676131
132,76,90.598711467479
132,77,116.23752818939829
132,78,117.88770766117523
132,79,94.35435090788815
132,80,97.12222225503501
132,81,118.81016219130834
132,82,88.01611080978182
132,83,103.13147692448547
132,84,121.21711006845726
132,85,102.57013978148461
132,86,90.4609569161621
132,87,87.01997402211418
132,88,101.33186959940213
132,89,114.79139483362815
132,90,112.80596227848582
132,91,89.94834374047787
132,92,99.59611968175886
132,93,105.72265613942
132,94,100.0559740857716
132,95,110.097439934274
132,96,95.70525174125214
132,97,101.5989482383302
132,98,101.20671632498852
132,99,81.65084103570553
132,100,99.93504019022657
132,101,71.50361372072803
132,102,100.93647601272096
132,103,105.71485201100586
132,104,101.04315213458176
132,105,89.07518510152295
132,106,95.15812115286099
132,107,80.2555631739524
132,108,104.81859556478594
132,109,85.02619783980481
132,110,110.31907822901849
132,111,93.7135860291819
132,112,68.20227399891155
132,113,75.89154889795464
132,114,86.39270737926563
132,115,84.55046404300083
132,116,60.036721383352415
132,117,53.25343291705212
132,118,94.22539906416205
132,119,58.312006721163925
132,120,72.6428128093321
132,121,82.48336383761489
132,122,87.04372895766573
133,1,162.3360594949845
133,2,156.0451531267172
133,3,161.22778769894649
133,4,151.70689540064632
133,5,135.91716010286473
133,6,163.64506532149971
133,7,145.34215158345614
133,8,139.62364647325012
133,9,134.78104338669073
133,10,150.6598133383959
133,11,158.67347173806775
133,12,149.68679062792216
133,13,149.16539845352236
133,14,137.85035067797435
133,15,159.44560174386424
133,16,141.7847645470174
133,17,173.40569582867465
133,18,163.63145068137237
133,19,146.57829236297403
133,20,152.20306769006856
133,21,148.90051214172854
133,22,135.91440228105057
133,23,155.22989460706594
133,24,157.66671234418027
133,25,150.0632072258304
133,26,159.10872617915447
133,27,136.85121422661905
133,28,154.35518103966024
133,29,147.53498630153626
133,30,132.21111664974887
133,31,161.52444915964588
133,32,151.07285003590368
133,33,161.3773834495587
133,34,170.45897691462596
133,35,161.1386206179959
133,36,142.68028595477517
133,37,147.59977217683627
133,38,149.45415136396332
133,39,142.778246680733
133,40,161.57109689534263
133,41,162.6051909320813
133,42,156.66715631588886
133,43,151.61108604134643
133,44,156.01803597674734
133,45,160.69461068763485
133,46,143.23996201041155
133,47,142.0046803022342
133,48,160.34132751361176
133,49,149.51739410256414
133,50,162.3824076528981
133,51,148.91999028700957
133,52,124.12351866015524
133,53,149.46176417819515
133,54,157.40829931860208
133,55,152.4837302183878
133,56,152.9798026243443
133,57,179.83182277496962
133,58,142.80041123792034
133,59,141.01263121017837
133,60,166.8485105012951
133,61,142.03246098195086
133,62,154.9593314904414
133,63,147.6493413449498
133,64,152.82095263654628
133,65,156.40548026864417
133,66,144.52919632681005
133,67,127.20934502076852
133,68,159.26147207887698
133,69,151.5738655935711
133,70,154.0569475830198
133,71,156.16337217218825
133,72,139.0667691352137
133,73,156.5943994767149
133,74,147.14837606682704
133,75,144.17406727047637
133,76,134.7313520355674
133,77,148.28491792164277
133,78,150.35392461092852
133,79,142.05193270596646
133,80,145.1231335860066
133,81,158.74008043154026
133,82,158.28636371971515
133,83,163.83965757887927
133,84,156.85741732384486
133,85,147.39608567699906
133,86,151.5448723400259
133,87,129.77710584452143
133,88,142.59549157726724
133,89,152.13013671935914
133,90,137.9363906737126
133,91,149.14047787672462
133,92,149.8137934677361
133,93,136.72247875291214
133,94,151.9492138101341
133,95,136.52772335198097
133,96,143.70515818290733
133,97,160.1621415658592
133,98,141.73370134098514
133,99,123.5119358027514
133,100,126.608465766687
133,101,131.00989733570896
133,102,143.51859168025112
133,103,131.13496229164593
133,104,142.64731404242048
133,105,121.84691703842691
133,106,138.06124103676848
133,107,139.33596690028207
133,108,128.6274339397205
133,109,132.55035704301554
133,110,130.62603616472916
133,111,141.4733130088498
133,112,124.75037170167343
133,113,144.79815424021217
133,114,128.24833004972606
133,115,128.8244727892161
133,116,137.4946466284673
133,117,126.7758194110429
133,118,127.0198385986223
133,119,128.49250295598176
133,120,129.3181552728638
133,121,119.09126180141175
133,122,147.72990230317373
133,123,142.90447805083386
133,124,110.42753367470141
133,125,128.94560615192313
133,126,128.78013243828173
133,127,116.30964568779746
133,128,126.723513172612
133,129,116.88787768772454
133,130,92.91902935603139
133,131,119.77866254359833
133,132,130.94335246270202
133,133,126.09693300883373
133,134,121.82144289614371
133,135,122.16515055955097
133,136,102.26018375798594
133,137,142.15518766717287
133,138,121.66995759257406
133,139,139.0002804313117
133,140,113.06873764517513
133,141,118.72798064697417
133,142,116.89110989429173
133,143,126.2290394945594
133,144,128.76247611796134
133,145,126.24781799497578
133,146,111.67985666068853
133,147,131.68082797599345
133,148,102.19814360750752
133,149,109.41434344054869
133,150,123.72430954260199
133,151,128.371353054441
133,152,107.48952615671442
133,153,89.7499299787014
133,154,90.15412762745837
133,155,93.89677253925038
133,156,95.00396933475713
133,157,106.09143810421665
133,158,95.18353453189775
133,159,90.02082845354016
133,160,93.90494884201325
133,161,67.14594192605728
133,162,78.79615237772668
133,163,90.16441989206214
133,164,96.37388701794407
133,165,88.03303627466812
133,166,73.4174006682806
133,167,82.56032765623968
133,168,99.046580302449
133,169,84.03867592058668
133,170,85.30161164129095
133,171,88.41934040868364
133,172,75.35222302701004
133,173,92.39148891284276
133,174,106.43662884682271
133,175,75.79913140491408
133,176,84.06943547149422
133,177,90.6126076041619
133,178,70.4425779208832
133,179,87.62713340376649
133,180,77.0992770193916
133,181,75.98451012452279
133,182,71.99434314402606
133,183,81.0839807976954
133,184,119.68100318385405
133,185,63.33262111878139
133,186,82.11464516713022
134,1,166.10334905828495
134,2,162.43237499455427
134,3,169.2548331116268
134,4,170.0769104008359
134,5,178.21272039727046
134,6,170.53058561620128
134,7,173.6219907332852
134,8,168.95726887397177
134,9,162.5736092887746
134,10,192.42886450995138
134,11,177.61817655094637
134,12,170.91263247653842
134,13,156.1600409464154
134,14,146.2938684684632
134,15,153.12275515114015
134,16,164.76221534337674
134,17,167.84140735190158
134,18,179.30302973429934
134,19,143.04261215406586
134,20,170.19840161031607
134,21,160.421827245882
134,22,167.77743382898916
134,23,188.26812086914288
134,24,182.85402846491343
134,25,169.99278562572727
134,26,163.3086764802647
134,27,177.41308195413148
134,28,171.96902717771445
134,29,149.53889255899412
134,30,162.41259263054235
134,31,175.50871656733943
134,32,163.23469305434992
134,33,148.26700799488754
134,34,182.20077480055625
134,35,158.12145583786332
134,36,157.14435276969016
134,37,167.18278105622448
134,38,185.6800328940517
134,39,184.4920124383716
134,40,150.65417293564678
134,41,159.55193167073594
134,42,154.921681400745
134,43,150.80446437767387
134,44,161.60807327398652
134,45,177.0926919333142
134,46,204.4417022384223
134,47,157.64024308689113
134,48,168.35366138339305
134,49,161.2820711955137
134,50,138.448188600727
134,51,148.43574461348908
134,52,157.28999201491388
134,53,162.61573136610969
134,54,177.80650539765338
134,55,157.94729976626695
134,56,160.3993566033314
134,57,166.39720595110703
134,58,166.14153722333867
134,59,160.26040622152505
134,60,181.72446887820843
134,61,177.9260627113108
134,62,183.31109964926145
134,63,176.07262847451784
134,64,151.41740265209228
134,65,149.84861098360125
134,66,173.20056047964317
134,67,147.07875274263642
134,68,135.39647422304552
134,69,176.70591283850808
134,70,145.1597948397175
134,71,158.93265031639748
134,72,137.8719938820068
134,73,152.42798997839418
134,74,146.65144833132217
134,75,161.26849658779975
134,76,162.452072013446
134,77,156.18153398131835
134,78,155.3254616124832
134,79,133.01647039229283
134,80,153.8316062568847
134,81,151.72208967252664
134,82,156.42831088856474
134,83,147.56581580014608
134,84,153.63406135249534
134,85,159.98095848173398
134,86,155.48466580762033
134,87,147.50741028726043
134,88,160.45882184449147
134,89,161.53256107617926
134,90,161.11771159724594
134,91,148.84395732670237
134,92,157.74127130401757
134,93,164.00521926483634
134,94,153.4732280593962
134,95,150.50242067577346
134,96,141.40542363188433
134,97,142.74534846658207
134,98,172.2602834605641
134,99,158.34694166102418
134,100,142.52697508356505
134,101,130.08588226388383
134,102,133.28935898438795
134,103,129.30698540278536
134,104,142.1092199785635
134,105,121.37063205636514
134,106,154.77167940825893
134,107,150.93566856945836
134,108,145.72374715231126
134,109,159.7451629895004
134,110,143.84062719150097
134,111,130.21287441495951
134,112,125.03877487969294
134,113,145.77821255720482
134,114,132.57667579717963
134,115,160.9253730502096
134,116,132.9612127170767
134,117,135.0437719786205
134,118,119.15660596699308
134,119,137.64760425160057
134,120,152.3342447525065
134,121,150.3134669264764
134,122,143.54659600496962
134,123,134.00993403563916
134,124,137.31128942871146
134,125,124.1914504082888
134,126,134.06501155101432
134,127,155.3556665305805
134,128,131.01753708936303
134,129,105.26184397988254
134,130,124.63369044068531
134,131,119.94134541544918
134,132,115.92849119147286
134,133,121.8091295967024
134,134,129.31829464963812
134,135,110.13968601101806
134,136,111.03168093138083
134,137,117.30460052486887
134,138,112.164502380474
134,139,139.97382717621804
134,140,120.47247397086176
134,141,109.63000381738675
134,142,93.24517836324958
134,143,123.43191093446512
134,144,95.77888675693248
134,145,109.85081012015144
134,146,107.66881237545749
134,147,118.34696419921966
134,148,103.61892357836768
134,149,103.60279036536667
134,150,102.81698508716363
134,151,125.71957178268349
134,152,87.6882629016327
134,153,103.19631535584631
134,154,96.3387597167748
134,155,70.53221376583679
134,156,94.7532682746969
134,157,108.44407064180996
134,158,92.21998029345559
134,159,94.5376283422811
134,160,88.70279259303061
134,161,86.89732630985964
134,162,86.77832932178717
134,163,70.15881881047972
134,164,71.3879452158144
134,165,60.93168983446958
134,166,62.15709644459275
134,167,62.799532895485754
134,168,67.16636730212485
134,169,68.18642974799877
134,170,43.51113713038649
134,171,51.26651871766808
134,172,44.63940831764194
134,173,43.54411642116611
134,174,27.842217653422267
134,175,28.38768490080838
134,176,41.336427344700496
134,177,9.712144298755447
134,178,-5.004210808190692
134,179,-17.587355417395884
134,180,3.693000834035047
134,181,-7.186194867681479
134,182,-44.43215338997106
134,183,-10.312542990373913
134,184,-44.90287900482508
134,185,-29.98353650754143
134,186,-35.04552698874613
135,1,190.05178479065216
135,2,197.62594939514383
135,3,179.31341098084522
135,4,175.50885365007707
135,5,168.16402987898618
135,6,162.64621679835545
135,7,185.41711309311358
135,8,192.18189681980584
135,9,187.19162388650147
135,10,199.10844823115622
135,11,192.96235531462298
135,12,208.05644496002787
135,13,161.13439028574794
135,14,179.85280666576
135,15,191.6901676855705
135,16,171.57891849467705
135,17,183.9856038017897
135,18,149.68082187054824
135,19,198.17818547142087
135,20,206.66240945121535
135,21,195.49530509445322
135,22,205.97168478165986
135,23,175.29222138346086
135,24,172.82329446465155
135,25,184.3195022742948
135,26,165.44429753776058
135,27,182.89871252531157
135,28,186.46274536901183
135,29,197.37544742190948
135,30,191.99165772744163
135,31,153.88133103461587
135,32,171.98197828952834
135,33,207.049409279869
135,34,167.1232716597151
135,35,173.603635877138
135,36,194.87587051639275
135,37,183.2902900433619
135,38,166.01183340187708
135,39,195.01822489152255
135,40,167.56689485590323
135,41,171.62953390401526
135,42,180.92514127970935
135,43,198.134083844634
135,44,193.9540691514485
135,45,172.8266576682363
135,46,187.61649168031727
135,47,153.84530246559734
135,48,183.01522949215723
135,49,164.45923170076276
135,50,167.743779217657
135,51,144.86675148379436
135,52,188.03388006710884
135,53,181.6074251324826
135,54,159.04578264807787
135,55,185.89198514441523
135,56,164.99525379666738
135,57,193.14172974308167
135,58,175.12542777358613
135,59,188.44361662334995
135,60,178.16226247695886
135,61,176.65760340092675
135,62,187.0783587183687
135,63,179.8269816775428
135,64,165.34453844717063
135,65,171.31972785972903
135,66,156.41016199526348
135,67,171.5649059319694
135,68,165.4502991325353
135,69,165.72908444813947
135,70,168.63155965980695
135,71,176.05573971725244
135,72,187.21562047564657
135,73,198.26233429292915
135,74,186.33299592237745
135,75,174.1053138297866
135,76,159.6122085095776
135,77,126.78822939729434
135,78,194.81375613970886
135,79,154.45145769501687
135,80,174.59956535458332
135,81,161.78686797379487
135,82,183.68877290764794
135,83,186.04915406634973
135,84,175.2717510636503
135,85,159.02552927009674
135,86,149.80799006576854
135,87,163.00022769666248
135,88,159.66947939641977
135,89,178.38536142278463
135,90,165.59965185619512
135,91,154.7914661539471
135,92,158.2481851034172
135,93,193.23658394850645
135,94,176.7309591111698
135,95,152.29283805125306
135,96,164.81872215418116
135,97,155.70040341345884
135,98,178.27501975381892
135,99,152.93832515362737
135,100,171.46470936905826
135,101,179.25094352346787
135,102,181.97114156078896
135,103,145.6744221290719
135,104,183.92182871766272
135,105,148.4473433867097
135,106,184.13238281683152
135,107,154.4527352581572
135,108,181.26298380238586
135,109,160.52310949631647
135,110,133.01521857507032
135,111,163.08634264176362
135,112,148.937030475121
135,113,157.36421799176605
135,114,180.16794826762634
135,115,164.47010430552473
135,116,171.99436455788236
135,117,156.7331224940499
135,118,170.9123216950611
135,119,140.52298531458655
135,120,176.54988660452364
136,1,83.27665018894913
136,2,108.00580945969705
136,3,99.69815929561446
136,4,119.86381198634626
136,5,116.13608116290561
136,6,87.17500160316558
136,7,85.37661570715863
136,8,101.97065939923777
136,9,103.47838865568337
136,10,100.87865272682393
136,11,101.75607993837912
136,12,105.7146409364068
136,13,93.71588929148129
136,14,122.82124193554773
136,15,99.91062883975246
136,16,91.34578860031615
136,17,101.78058255207725
136,18,105.57919458573451
136,19,89.53739914119069
136,20,99.12863496261707
136,21,107.27368512543035
136,22,97.92555838920816
136,23,69.87456874315103
136,24,105.93010379255429
136,25,87.35532045354194
136,26,115.72689243212517
136,27,109.59835770009522
136,28,109.49929934214742
136,29,118.41402430617745
136,30,113.25264144549874
136,31,124.15644334274111
136,32,92.36548480959755
136,33,116.26730990831129
136,34,94.94227997558482
136,35,84.20933309448446
136,36,125.78769022803317
136,37,91.83559485670412
136,38,99.13819750632683
136,39,127.0649409663456
136,40,135.89087461701274
136,41,105.14059586223448
136,42,91.93287055809924
136,43,110.3165788928236
136,44,87.57769356080098
136,45,104.62729554188991
136,46,96.09836756507138
136,47,109.92223372775334
136,48,98.94990259057522
136,49,69.35225887364504
136,50,109.0340613576409
136,51,86.88646139339835
136,52,90.23508020838926
136,53,109.97099174006871
136,54,111.95928964610357
136,55,109.26842640637915
136,56,93.82077682964155
136,57,99.86829612540896
136,58,111.22756082120031
136,59,108.97803923990432
136,60,99.38504553462553
136,61,77.60978831618559
136,62,94.06749651265272
136,63,91.05412714558042
136,64,107.31796836177818
136,65,88.54571083735209
136,66,85.59788508433849
136,67,109.6193537458239
136,68,82.63146727095591
136,69,96.67377573873819
136,70,99.21789387552417
136,71,92.01355494753807
136,72,92.1428564709422
136,73,93.15914307146159
136,74,80.32149539975217
136,75,85.91971170169563
136,76,106.26169114466757
136,77,82.31297977203212
137,1,193.13102069897286
137,2,164.9621155522982
137,3,176.22999382817216
137,4,164.998969582688
137,5,171.38321517153236
137,6,203.0463706674709
137,7,163.43914557480457
137,8,149.27445770875784
137,9,160.47336552601337
137,10,149.73116145579843
137,11,166.32084675390797
137,12,179.43236760003492
137,13,168.26943850263342
137,14,168.16678064685402
137,15,165.15215236258518
137,16,134.96850206195086
137,17,164.46743704282562
137,18,165.77961314294225
137,19,193.88795370718435
137,20,181.82283238079253
137,21,141.78098824875633
137,22,153.41303619063547
137,23,176.25324079997517
137,24,158.46511410793755
137,25,168.73117614885996
137,26,160.98610582060792
137,27,176.9567008856975
137,28,165.29963425695314
137,29,182.21093167473737
137,30,158.88270480112988
137,31,176.3096852543531
137,32,170.24325221475738
137,33,147.3245615419146
137,34,158.37883413034433
137,35,150.6790097499761
137,36,160.03735576548206
137,37,198.97538879828062
137,38,158.45076614756545
137,39,154.9224415533099
137,40,167.36892469596933
137,41,155.75063985925226
137,42,170.17229314890574
137,43,149.57115159925888
137,44,139.71178738056915
137,45,155.20821956726286
137,46,140.9438095423102
137,47,176.13408305255143
137,48,174.06061820397008
137,49,174.70898536425375
137,50,141.7712403146288
137,51,177.95348270407703
137,52,155.42261605133535
137,53,156.8040716550895
137,54,181.19973041133926
137,55,152.57634135324042
137,56,147.03595520873932
137,57,161.2619022534127
137,58,181.33561965465196
137,59,192.60669109543232
137,60,162.9564385738995
137,61,144.96875749208266
137,62,165.7725319885576
137,63,191.38051193192223
137,64,178.2422017780409
137,65,172.03049970381835
137,66,164.73139149877534
137,67,172.0585625510139
137,68,164.41278754954692
137,69,159.30815298426023
137,70,143.83693143104028
137,71,140.60133109032904
137,72,173.5473942098106
137,73,161.88555972860195
137,74,176.7316361621124
137,75,131.26104039284837
137,76,143.42753351922147
137,77,154.22620893614658
137,78,161.62452688544
137,79,164.58918767901923
137,80,163.16667467468505
137,81,182.46583936709067
137,82,154.55934056053957
137,83,159.81946203330153
137,84,179.38301497081557
137,85,165.10344539106882
137,86,157.62638701838296
137,87,156.19822407526954
137,88,170.13017200820468
137,89,177.10455611945508
137,90,143.8874883279277
137,91,203.38128903193137
137,92,146.8735962245628
137,93,151.99038936282886
137,94,156.8169502634628
137,95,145.5996338315963
137,96,144.77475034712552
137,97,188.89604306003457
137,98,164.29897956518107
137,99,165.8810140126152
137,100,150.11002321248088
137,101,174.62975998641923
137,102,162.2096723325012
137,103,182.2971257193276
137,104,141.84097502863733
137,105,164.5041758953812
137,106,160.00625979471806
137,107,168.66806169720076
137,108,154.7917577684275
137,109,141.80788110363937
137,110,158.749722035398
137,111,154.5307218332964
137,112,147.5028334317467
137,113,138.6768367011755
137,114,158.1478296491914
137,115,141.98877168108447
137,116,153.51924459423753
137,117,153.77885057761887
137,118,151.85472067642695
137,119,158.03785437651823
137,120,159.2309273212668
137,121,142.3350770196048
137,122,145.81029248977575
137,123,183.54758681265957
137,124,121.20554170644755
137,125,153.53681469828007
137,126,139.3646431444431
137,127,165.9426301852218
137,128,143.13333198890905
137,129,170.52487833080522
137,130,162.62231989923748
137,131,126.02248563241301
137,132,154.4439619666009
137,133,143.5074295999366
137,134,165.56253195570025
137,135,125.24986210130737
137,136,151.27470513091976
137,137,144.09653967170743
137,138,142.54698031319276
137,139,126.84152115658799
137,140,145.40244783095113
137,141,152.27143030230945
137,142,155.18838595900888
137,143,136.06377914424957
137,144,145.016151522359
137,145,150.46965180148982
137,146,144.97895652000443
137,147,161.4683909182786
137,148,160.11087933564704
137,149,155.32315204399492
137,150,136.37753039792005
137,151,159.30153171348502
137,152,136.59862262068782
137,153,115.22875804403157
137,154,119.31051406649931
137,155,144.49137058632186
137,156,134.2502815685948
137,157,138.21455259085633
137,158,146.11652911286365
137,159,133.02493736842007
137,160,126.61225384627323
137,161,130.0455930488024
137,162,124.09739190722757
137,163,138.6429076696877
137,164,135.90735585588845
137,165,144.68908957786334
137,166,139.8346001479149
137,167,116.67075055294117
137,168,110.03448907683196
137,169,132.78914859840734
137,170,131.67882219923194
137,171,144.30672855390003
137,172,151.42567625141237
137,173,123.89310438121174
137,174,136.2286134888709
137,175,126.22561129880341
137,176,146.96030998860078
137,177,119.8353494768744
137,178,153.65059808181104
137,179,132.84545336179144
137,180,135.7828861761809
137,181,148.37377828322496
137,182,155.85120951971476
137,183,125.6490590111207
137,184,125.52274154501356
137,185,123.56600719532435
137,186,115.61314054408285
137,187,146.08712312419811
137,188,125.79634570602502
137,189,131.55980762725085
137,190,131.7635533526627
137,191,103.87519861392502
137,192,139.5038480070216
137,193,126.86244421753509
137,194,119.87836914831132
137,195,134.1592136278341
137,196,134.61801736172492
137,197,127.74349159688427
137,198,113.67506980899634
137,199,115.09895389110898
137,200,129.39409985048405
137,201,122.19773409685149
137,202,102.9312152809216
137,203,106.66494560911815
137,204,135.64421699578816
137,205,106.46642306169815
137,206,123.89604519949353
137,207,122.63612196364556
137,208,107.10001522833045
137,209,119.25807011232246
137,210,113.62883413187228
137,211,103.47872904966789
137,212,91.04910647615179
137,213,105.17970511748717
137,214,94.06232046501827
137,215,105.10037885516067
137,216,99.42795962363743
137,217,98.54780444822245
137,218,103.73318372228096
137,219,107.63051332134637
137,220,107.90445672057103
137,221,125.86721046821913
137,222,117.44129184660414
137,223,118.83492946540355
137,224,101.92359400098212
137,225,114.5736385979908
137,226,86.92289611899469
138,1,141.1978819874421
138,2,140.50862807000522
138,3,124.12620749333291
138,4,111.46073153091129
138,5,125.61073294455127
138,6,141.2042492061737
138,7,139.83193555829348
138,8,136.8324247968194
138,9,130.33256614425045
138,10,117.51365999293193
138,11,133.00071636559733
138,12,130.75259411716252
138,13,145.98455847158039
138,14,142.58198703618837
138,15,139.39998781517352
138,16,122.43692908285448
138,17,117.32590797555167
138,18,134.06195195939654
138,19,146.23299195997242
138,20,144.1209578607377
138,21,109.77050504485669
138,22,135.22639315160632
138,23,131.68941057947086
138,24,146.6187669908686
138,25,135.91117030727037
138,26,131.84243848145707
138,27,128.50884690699604
138,28,128.41705828009435
138,29,139.82897963644064
138,30,114.23028813196288
138,31,148.37566380180215
138,32,151.14110734268615
138,33,140.2846225135072
138,34,121.74914895022812
138,35,130.77070052581257
138,36,122.36411968072207
138,37,134.7229859917643
138,38,125.5269980238154
138,39,123.8018647945064
138,40,134.65725461093825
138,41,127.57255455199629
138,42,144.30867433186359
138,43,131.01995228557644
138,44,115.20447728158615
138,45,137.24059479485732
138,46,131.6770123389142
138,47,115.45587154840905
138,48,108.37624718381994
138,49,131.29297400804353
138,50,119.73852422033087
138,51,124.50764940593945
138,52,139.8083608747329
138,53,122.84368542434095
138,54,114.9695714076006
138,55,121.96526390098734
138,56,131.31645230489084
138,57,132.14072471296095
138,58,133.45220186341612
138,59,111.31375618965103
138,60,121.67356688000291
138,61,109.59714946643362
138,62,103.34851279434224
138,63,124.84381014998507
138,64,117.55654301286995
138,65,145.07618409495626
138,66,111.22182706079911
138,67,125.3115141358503
138,68,109.1432759589079
138,69,120.23979217335
138,70,126.51242724952317
138,71,119.87327090942563
138,72,120.64076440667122
138,73,147.290842361901
138,74,125.48532881872961
138,75,111.87943089957116
138,76,115.54018212079245
138,77,115.87161139190721
138,78,147.04352726435172
138,79,118.59063199604861
138,80,123.34526230051415
138,81,132.20395497872232
138,82,125.72604602765205
138,83,116.57371523036272
138,84,113.88510098784172
138,85,107.93609526660293
138,86,115.64776409745537
138,87,131.49652028390847
138,88,100.27929147937539
138,89,125.60869496436499
138,90,133.09597397324978
138,91,117.87990767838346
138,92,126.25303576645092
138,93,124.86716686993168
138,94,105.5960138167502
138,95,105.47570608216483
138,96,115.98527549910068
138,97,118.25826195688569
138,98,104.61302268900909
138,99,123.28966354731529
138,100,97.46046982443659
138,101,102.53689374410169
138,102,96.75650429902453
138,103,130.34743691723997
138,104,118.56553059895668
138,105,112.23870709900075
138,106,108.05193009292998
138,107,112.51617706641991
138,108,112.91621665866842
138,109,106.07446543755941
138,110,110.59561552332161
138,111,69.76067268614861
138,112,130.50893751369586
138,113,101.75814229101525
138,114,92.02148662066611
138,115,91.10597906228213
138,116,110.42704566702741
138,117,109.93792331998702
138,118,96.90093215456727
138,119,116.9083013736963
138,120,91.25867325108266
138,121,117.84956481664267
138,122,80.44037547282642
138,123,99.8307283000322
138,124,123.32366408438247
138,125,101.46165759838186
138,126,93.04199895769125
138,127,73.24444926941214
138,128,115.66896950425871
138,129,93.3945191906896
138,130,77.87983297745086
138,131,90.31004725686944
138,132,111.63547055320669
138,133,93.09733872507786
138,134,109.20695669296401
138,135,93.24688308834448
138,136,82.91156060059438
138,137,76.27908189847949
138,138,91.42208953641239
138,139,79.73576158852666
138,140,91.70147713331244
138,141,82.63323658202717
138,142,71.74594562814309
138,143,105.38749274749716
138,144,75.13743016043736
138,145,87.55107729751762
138,146,87.24066612369643
138,147,73.75218358609709
138,148,75.56355136667844
138,149,91.35954959505762
138,150,45.61680492364394
138,151,72.93019473343156
138,152,95.75363607388135
138,153,71.14458506231313
138,154,70.96216287533025
138,155,70.94817813757254
138,156,44.41576051327138
138,157,105.66493708952476
138,158,91.19326789805928
138,159,77.75402159161604
138,160,69.74099791549816
138,161,76.40416643712524
138,162,44.473618455471296
138,163,61.592075374443084
138,164,95.7070160345611
138,165,59.060805971355876
138,166,62.36174913167633
138,167,48.363614333189616
138,168,40.250543712754734
138,169,48.18203077558428
138,170,72.74658388472744
138,171,65.681134434868
138,172,53.2406633937062
138,173,39.33166639713454
138,174,49.87871832076053
138,175,76.00175221557583
138,176,58.138994783534145
138,177,51.853159317572135
138,178,37.15303106826468
138,179,43.14630277019751
138,180,39.878059747941734
138,181,48.98050870480802
138,182,11.532901966369536
138,183,27.361986296113173
138,184,37.71325095590146
138,185,43.19930349477363
138,186,9.468553788770805
138,187,51.01253034856927
138,188,28.491520091021812
138,189,50.87793754591257
138,190,34.25225979609968
138,191,55.051284992885485
138,192,-5.615625948747038
138,193,26.265379207274236
138,194,11.446243180711463
138,195,17.181804902735166
138,196,19.049331792630255
138,197,-3.8901118009380298
138,198,42.62240615990595
138,199,-23.05349151059636
138,200,12.038496342363942
139,1,147.63283196397242
139,2,134.04223013235605
139,3,142.80843246299628
139,4,148.8090483114138
139,5,139.83084989837516
139,6,141.13358069689275
139,7,144.50735921913292
139,8,122.70577003747894
139,9,143.11383456623298
139,10,150.72679533880728
139,11,122.6970741624682
139,12,131.90286398546596
139,13,130.3967083414318
139,14,151.34902567526296
139,15,145.33952793805656
139,16,136.13931978272012
139,17,136.9559670917588
139,18,144.913921938547
139,19,153.42877637332276
139,20,161.43674252586788
139,21,133.98879898304585
139,22,133.3424311618728
139,23,154.58272634956666
139,24,135.6336167207337
139,25,131.1293896192583
139,26,144.9431583103942
139,27,163.23044703806954
139,28,132.4891175229277
139,29,147.8417218926843
139,30,135.18047828390263
139,31,146.98100598729798
139,32,143.6475464226096
139,33,145.1070224764626
139,34,151.35246063354134
139,35,132.89670964108518
139,36,151.13484715305822
139,37,139.85977628709952
139,38,159.2352257912862
139,39,139.81543071568012
139,40,126.61984569337801
139,41,142.6074934004282
139,42,116.35168444398732
139,43,138.11441661068966
139,44,156.34019081406586
139,45,151.45564284889406
139,46,123.86840868749277
139,47,147.28315335558727
139,48,148.73918813541968
139,49,125.48065915890038
139,50,138.87283910474798
139,51,124.6781907941695
139,52,134.2661156668255
139,53,145.64495770472422
139,54,122.13567546373088
139,55,157.26686974250333
139,56,139.08196882489574
139,57,122.23909755711065
139,58,133.14616434561322
139,59,157.5563159627054
139,60,133.68977050467947
139,61,146.300457118974
139,62,134.91574716667674
139,63,130.31879349974042
139,64,121.71106793326908
139,65,126.78249343131029
139,66,146.8221953405009
139,67,113.79699194389104
139,68,132.61497884017444
139,69,110.83014263091172
139,70,126.11048775914242
139,71,131.95103976097016
139,72,131.24069196968776
139,73,146.37815763089748
139,74,133.78623700169555
139,75,129.8994412046668
139,76,138.41766293672845
139,77,139.78918320249795
139,78,105.07457390006311
139,79,131.8837083428225
139,80,137.0909751025756
139,81,127.68106954089308
139,82,127.31169437902281
139,83,115.64922900918464
139,84,130.75670999513386
139,85,111.03292410832364
139,86,120.80611305509228
139,87,123.23453438447177
139,88,117.31014043749019
139,89,126.24955652462813
139,90,136.27001164225658
139,91,105.12098643598438
139,92,100.73591896975995
139,93,127.4304269459899
139,94,107.46400256031484
139,95,117.15607523774088
139,96,108.99336152827163
139,97,96.72964151375345
139,98,119.78879809805221
139,99,129.99296230161417
139,100,112.36271408851462
139,101,111.58080817510199
139,102,117.44019160862808
139,103,103.98113590810681
139,104,104.55111800218583
139,105,85.46210757875815
139,106,102.78654099016421
139,107,133.82685474969185
139,108,90.31829549898248
139,109,117.35236737771629
139,110,103.84117752347083
139,111,92.54350502085435
139,112,87.3818074717201
139,113,111.6958193581595
139,114,101.89950510616472
139,115,98.34010196944291
139,116,93.81193291694944
140,1,190.41504610600532
140,2,153.03340072605351
140,3,151.3941116707938
140,4,162.26429741977336
140,5,175.90561461188918
140,6,186.41950718017324
140,7,166.53293448617478
140,8,172.78033786310698
140,9,157.20439767830976
140,10,175.83320334171003
140,11,190.3780718180933
140,12,182.7275259233138
140,13,193.21093250789272
140,14,200.67321996627288
140,15,175.8506475508184
140,16,186.2434189541964
140,17,152.80093973550538
140,18,175.07848853445466
140,19,190.07546813842055
140,20,179.66847953873366
140,21,170.18907139024668
140,22,176.66326423852297
140,23,153.9773540775641
140,24,173.48362770823587
140,25,146.58049630867026
140,26,175.65254446968902
140,27,156.85990311117348
140,28,206.73027343448484
140,29,145.0625903568216
140,30,166.65029758321907
140,31,176.46302549548273
140,32,168.3064286196095
140,33,184.53077464812668
140,34,166.25942059227964
140,35,181.33944684027665
140,36,153.8779174729716
140,37,160.77346203124762
140,38,154.59261028688343
140,39,168.4354387272906
140,40,148.8989247320278
140,41,142.0564994982924
140,42,182.32405633606686
140,43,172.72448172022996
140,44,167.03812479822955
140,45,190.70548789948225
140,46,167.14113024169637
140,47,157.60521852283273
140,48,159.4121748842881
140,49,186.86535948319943
140,50,156.809637921353
140,51,155.9108880988788
140,52,170.61068562584842
140,53,176.8665939834391
140,54,171.46772755225538
140,55,165.76863179167412
140,56,158.273373879907
140,57,168.26008338225074
140,58,180.35049428615457
140,59,154.26011075008137
140,60,165.1656211313457
140,61,152.52751677769993
140,62,157.23503843516664
140,63,177.65302136654645
140,64,187.80848748633434
140,65,164.31196538113
140,66,175.85323544461426
140,67,167.16000743586483
140,68,155.9310129305377
140,69,157.00341672565992
140,70,167.14953657983278
140,71,169.87643561411096
140,72,163.52106955314957
140,73,167.424460336646
140,74,192.7896710560235
140,75,159.53544168994995
140,76,154.00208591076807
140,77,185.34663355293742
140,78,180.36886044355924
140,79,179.2642802899718
140,80,183.6371275737838
140,81,188.8578842821371
140,82,163.93608030298492
140,83,153.69856580461783
140,84,157.63400219204777
140,85,171.6730573585519
140,86,168.46986097620538
140,87,178.82148031205725
140,88,157.77537883411424
140,89,169.13166456706676
140,90,161.29769667283836
140,91,173.2842426190764
140,92,184.62154661771638
140,93,165.76799219560053
140,94,173.2965919679118
140,95,169.76428440553718
140,96,171.7803909175709
140,97,159.44985079624166
140,98,163.05860862682312
140,99,143.55708715033688
140,100,138.73789331680018
140,101,185.33820522302995
140,102,144.20958399204392
140,103,167.32263281871565
140,104,151.806292778856
140,105,168.99705099547282
140,106,149.70707383435365
140,107,162.48290795106732
140,108,149.53231073000643
140,109,181.4534659327328
140,110,161.41305074693082
140,111,151.23421741487982
140,112,162.84928442429373
140,113,160.02411512699473
140,114,162.09397288633772
140,115,155.9828474587339
140,116,147.60835792464786
140,117,160.74324096396595
140,118,187.04632079616567
140,119,161.26199050739524
140,120,144.81937822204782
140,121,146.7768874035828
140,122,156.02788977220916
140,123,155.16946815503616
140,124,189.2887940677756
140,125,170.52491639905202
140,126,146.89615550044255
140,127,169.48807199631847
140,128,174.23579783030436
140,129,147.5675296269983
140,130,158.90743872154417
140,131,176.93762444497406
140,132,167.1062542123109
140,133,174.18588214275223
140,134,146.99680356251338
140,135,187.69001848030166
140,136,172.68207926113246
140,137,157.9931892577224
140,138,183.29562583870575
140,139,145.75598581034137
140,140,181.8235909975774
140,141,162.15008090472838
140,142,146.68580524716526
140,143,174.6463397743646
140,144,156.08146959389705
140,145,165.02239814106724
140,146,161.0620710858202
140,147,165.89915887131065
140,148,177.60701236371096
140,149,145.9756721179001
140,150,183.23257015446143
140,151,163.2329599548466
140,152,156.30496419371775
140,153,138.6552954809522
140,154,156.4303569703552
140,155,142.1452845041713
140,156,163.32622438854014
140,157,178.66047789151344
140,158,150.64012555987574
140,159,133.70602574348595
140,160,156.14064842747757
140,161,146.5950926241494
140,162,151.24306165591406
140,163,130.62011670000356
140,164,123.95251507592911
140,165,170.932774337125
140,166,145.38860198729526
140,167,158.6838477420897
140,168,147.8168746945521
140,169,156.36378738108033
140,170,163.37099145520915
140,171,137.25849905347422
140,172,132.95843291554047
140,173,150.67450365785044
140,174,168.9098341168501
140,175,155.05200905305537
140,176,143.89848631215864
140,177,151.208744097843
140,178,134.4372476338176
140,179,149.02613772173936
140,180,137.6987117224853
140,181,140.94290139818622
140,182,136.0337330069451
140,183,136.50240404021315
140,184,144.83663265867654
140,185,130.6108541464564
140,186,141.36231558627333
140,187,136.9984739477586
140,188,129.4943619342739
140,189,125.23733395244199
140,190,142.35451063699293
140,191,128.1785166307891
140,192,158.21569398582506
140,193,144.80227525044756
140,194,128.1357909059443
140,195,135.2725489154036
140,196,134.65737916557555
140,197,148.11244698087103
140,198,112.63097011766513
140,199,144.12791097231093
140,200,138.92734701008885
140,201,137.05891457081452
140,202,158.91815714984114
140,203,137.59242686468497
140,204,164.1743991867479
140,205,137.0289349175291
140,206,130.72382805361121
140,207,159.59525185162056
140,208,139.58862102062994
140,209,149.71147966206627
140,210,153.05141203821404
140,211,152.40429472079268
140,212,137.77125971701025
140,213,150.00161655691045
140,214,112.13044736417214
140,215,129.84549048716144
140,216,131.8899074974761
140,217,140.58908336768945
140,218,134.75558068657847
140,219,124.43292700790334
140,220,141.61323486996844
140,221,115.92301235321793
140,222,121.73138025485969
140,223,106.528983478398
140,224,119.49324935975892
140,225,115.7437103532211
140,226,125.21554156117054
140,227,116.71968479978386
140,228,120.3333292360403
140,229,137.4597315862411
140,230,97.99854317974678
140,231,122.19338238021737
140,232,99.14348025437357
140,233,106.49283924168412
140,234,124.03907643295679
140,235,119.0408965163806
140,236,120.66185272128496
140,237,132.18711198985693
140,238,101.62912999610126
140,239,124.65203421316983
140,240,126.55330148020585
140,241,116.25045453473285
140,242,130.81041036221723
140,243,105.0462957318523
140,244,101.38411479655042
140,245,110.78083610107569
140,246,130.2497119719119
140,247,121.5919043692993
140,248,90.91089721451863
140,249,113.82346570617665
140,250,103.76612770537758
140,251,98.9287832731934
140,252,120.22932859115826
140,253,132.18637101649074
140,254,124.43777086148475
140,255,113.8724912042162
140,256,108.9502342863052
140,257,93.6129727617299
140,258,114.72317491268768
140,259,96.54870533629582
140,260,108.76790940474166
140,261,107.20546165833366
140,262,99.58142241408495
140,263,96.92504521235242
140,264,102.81352635501389
140,265,95.6207276298228
140,266,88.87142166461854
140,267,101.49814199331013
140,268,63.39826368960348
140,269,90.5847650155265
140,270,96.34953542369476
140,271,76.45304813438997
140,272,76.00076654252189
140,273,115.05445218645764
140,274,90.17416718258755
140,275,108.60638286067115
140,276,98.81628508846916
140,277,112.2181679977075
140,278,67.17610044313187
140,279,62.78952237274643
140,280,95.49595669310656
140,281,79.8333620823687
140,282,93.01252696780284
140,283,48.70152830448205
140,284,78.27401847331203
140,285,74.53194230949885
140,286,78.57566843380482
140,287,72.4244315742908
140,288,87.12424851632386
140,289,69.1733481244446
140,290,77.21533865269157
140,291,74.56397747169831
140,292,71.51729809090466
140,293,52.89795976598543
140,294,77.5801228310811
140,295,87.84726226662315
140,296,61.91795490880031
140,297,93.93830995489407
140,298,59.30496894931275
140,299,51.95712419558549
140,300,63.84474931995646
140,301,56.0643794710777
140,302,48.441312263094005
140,303,58.10171436440578
140,304,68.56667615525657
140,305,71.74529683636501
140,306,69.78191518278618
141,1,148.35433076960908
141,2,163.46079263345746
141,3,150.5858901470492
141,4,145.784502976363
141,5,165.60830955002166
141,6,181.887314851243
141,7,167.13477773667546
141,8,172.18296184796782
141,9,161.8035167155831
141,10,169.31708517043444
141,11,139.75171329314617
141,12,148.22188899754838
141,13,153.0640577630984
141,14,132.64291386905097
141,15,148.2756034512713
141,16,155.6681056324087
141,17,169.5976458723817
141,18,146.1497515525043
141,19,146.12834807124455
141,20,152.23079536746081
141,21,169.69210105898674
141,22,161.3609647406338
141,23,150.01328131615446
141,24,162.49791625306534
141,25,152.72793736684253
141,26,153.51808916313166
141,27,153.95980382229754
141,28,163.31708729497768
141,29,153.48108041952946
141,30,149.97650914913538
141,31,141.26722457546566
141,32,139.7587874626406
141,33,159.7248762241652
141,34,147.27071953105042
141,35,144.2842477113445
141,36,147.85270786378533
141,37,146.42559622852423
141,38,156.66308742619003
141,39,151.95437287362438
141,40,154.71491040890396
141,41,135.77594444787974
141,42,138.87259630450717
141,43,180.3407009932198
141,44,147.0671771810812
141,45,159.21107422951172
141,46,165.65044302443857
141,47,146.09162681060843
141,48,144.77659628028778
141,49,170.4436153699644
141,50,146.68704055810667
141,51,139.17891381175286
141,52,148.05804822989012
141,53,157.03162043295015
141,54,146.62942864368233
141,55,138.30158329979895
141,56,145.51432381915947
141,57,152.9618223464422
141,58,121.1214668538596
141,59,147.8096656081616
141,60,150.6827291373338
141,61,160.0241966213216
141,62,132.20403536407684
141,63,135.32387814096728
141,64,157.86741649940086
141,65,140.29760297819303
141,66,144.89534190555423
141,67,163.19406011654792
141,68,130.0077635153866
141,69,136.12426502408198
142,1,133.9669658931889
142,2,116.61516045151802
142,3,142.86050683649228
142,4,125.38866513528774
142,5,102.91722917189327
142,6,98.81362682824692
142,7,124.81125340388098
142,8,116.98858378198202
142,9,120.79849526361068
142,10,117.46624452065589
142,11,110.44210387804196
142,12,119.03397234093427
142,13,96.3412723299407
142,14,122.32007646384591
142,15,132.79338821577403
142,16,122.78954203076864
142,17,110.8526642985089
142,18,121.23419046978961
142,19,133.53790752379427
142,20,133.87688822282507
142,21,115.18210847764567
142,22,136.54311467673688
142,23,131.45025943316432
142,24,116.10519506835408
142,25,101.1886742711431
142,26,144.57511569340568
142,27,116.15250344401284
142,28,136.44340484931308
142,29,126.52864573196712
142,30,101.40813508902647
142,31,116.16980635550135
142,32,95.01493967462739
142,33,96.52750995648239
142,34,102.66273539333633
142,35,100.29378918959992
142,36,106.36271583689086
142,37,124.599063425223
142,38,95.34093786976155
142,39,143.4679792778843
142,40,107.68681633426604
142,41,122.55338833398127
142,42,99.71838470131479
142,43,130.7358848369331
142,44,94.93974359358981
142,45,100.6100727272642
142,46,128.78903456643457
142,47,109.72068093615962
142,48,90.5970360533538
142,49,121.89998113532783
142,50,111.94343215313711
142,51,113.22448075023567
142,52,130.37546136551828
142,53,131.59414142096648
142,54,127.96465458185412
142,55,99.88426928743866
142,56,133.62817592085048
142,57,124.51850143810589
142,58,92.41578149996349
142,59,131.9960156583693
142,60,100.6784257338877
142,61,96.7060101262905
142,62,107.90474758729397
142,63,140.42243845552002
142,64,100.12181049587525
142,65,110.00554047994228
142,66,86.96116577821522
142,67,93.86942183604697
142,68,122.30808799523948
142,69,116.52387046723743
142,70,113.51981681568577
142,71,104.91498462988966
142,72,110.38566273041943
142,73,108.91568239902699
142,74,102.77427157962666
142,75,115.0421154742362
142,76,107.73112993285758
142,77,114.4412088767931
142,78,105.35364539296279
142,79,103.4781131712225
142,80,98.93290896472172
142,81,105.84879288484808
142,82,126.5906969092539
142,83,115.4811154982599
142,84,134.78331110345607
142,85,78.75225765405776
142,86,89.01592738830368
142,87,113.76453644166759
142,88,108.98007154770312
142,89,94.55767654826195
142,90,111.22640190594393
142,91,90.63573460846965
142,92,79.39524220961903
142,93,89.37251640314935
142,94,88.09913744512596
142,95,104.86226895680738
142,96,93.41993657668354
142,97,112.90746318800666
142,98,81.8103034941596
142,99,87.0588646669712
142,100,107.69631657198624
142,101,89.72653665909456
142,102,84.68937780781562
142,103,130.25865099881776
142,104,120.29565718267258
142,105,92.00104392860521
142,106,86.49075367875048
142,107,108.40258387599897
142,108,98.92977750536375
142,109,85.20324123127648
142,110,76.07292487641826
142,111,90.74089052918134
142,112,100.58821116174659
142,113,111.32062854262767
142,114,95.99441521064728
142,115,73.89649411976279
142,116,72.59415981703933
142,117,94.03776712475519
142,118,88.51573413218284
142,119,106.89295221189968
142,120,111.10289327330975
142,121,100.87887992682226
142,122,105.1700006182873
142,123,107.777778926662
142,124,83.65172956833703
142,125,91.11338699352928
142,126,79.01309665841836
142,127,91.876519828249
142,128,91.61476407400187
142,129,92.22023824058851
142,130,89.57333188958728
142,131,46.15349100784806
142,132,65.83084540513664
142,133,81.35913306188013
142,134,100.5581193698672
142,135,95.31529915763531
142,136,89.07135011414357
142,137,79.54749962973438
142,138,63.74599799839052
142,139,78.5175859671217
142,140,80.16579483169335
142,141,71.51686252336367
142,142,90.77694486738619
142,143,58.2916448053802
142,144,82.87223901986727
142,145,63.12586346525495
142,146,82.77160095947329
142,147,97.93932451264118
142,148,67.06958585359098
142,149,78.2177714029167
142,150,77.63828042351088
142,151,70.30298947411211
142,152,97.77417430348578
142,153,60.54427883622702
142,154,85.19683567977336
142,155,62.428085817577085
142,156,73.47030732999701
142,157,72.74715009122156
142,158,52.30452511553449
142,159,81.80912736423488
142,160,86.30877144049009
142,161,50.45319176465273
142,162,41.246076179602824
142,163,48.267372763031744
143,1,145.19269419320335
143,2,167.50468279607594
143,3,178.36373722123972
143,4,173.82484232870047
143,5,190.33795638059382
143,6,192.13516661597532
143,7,187.82488165840186
143,8,162.45321330423758
143,9,181.8391577106595
143,10,173.27842759228952
143,11,145.63321456262202
143,12,178.14883039560664
143,13,174.90009442239534
143,14,182.99203658580518
143,15,161.87007701947005
143,16,160.91503639346047
143,17,171.57005912994646
143,18,179.9940450434442
143,19,180.65131124138134
143,20,173.54351874032
143,21,161.8264382809939
143,22,181.5437116970279
143,23,167.42427470378607
143,24,173.2686292989165
143,25,185.25665387038316
143,26,170.93798368404532
143,27,170.52021445745777
143,28,165.22290928720759
143,29,178.48262611842802
143,30,183.05343637231272
143,31,158.51756816159468
143,32,180.95198231350514
143,33,180.16701071864372
143,34,160.05279155424068
143,35,166.14543619943288
143,36,178.37149674435204
143,37,191.7609157245024
143,38,175.45639379362547
143,39,169.34835467209632
143,40,176.2381125208849
143,41,175.19981899447885
143,42,171.54402999487502
143,43,173.3902376431579
143,44,180.210160619019
143,45,167.26875213110907
143,46,167.61067630478647
143,47,182.24143474015727
143,48,181.00001507179695
143,49,172.94480262742582
143,50,169.97725739998714
143,51,185.6940312680381
143,52,189.54929128140793
143,53,181.77753312879213
143,54,195.5728866801146
143,55,170.87414507458743
143,56,154.7005672490559
143,57,177.50393413027632
143,58,166.92802707985538
143,59,174.90014436397905
143,60,173.84050564277277
143,61,152.8495626187505
143,62,172.04178959909768
143,63,171.1905184842617
143,64,163.04252032568183
143,65,189.48872348849545
143,66,171.38316529247095
143,67,172.3712707543309
143,68,184.13341915579076
143,69,144.5014496288568
143,70,189.36237492840883
143,71,167.98405311370152
143,72,167.17210546851857
143,73,165.59365906091261
143,74,148.92378216658108
143,75,172.2701731214329
143,76,168.0943702440709
143,77,164.54466780526855
143,78,177.63157005597895
143,79,177.92137946137518
143,80,143.55924168002093
143,81,151.11878727911972
143,82,150.94948215576733
143,83,170.95478958747117
143,84,155.58497049152356
143,85,180.8985121994483
143,86,149.41604778395413
143,87,173.2050725700101
143,88,166.13154699475854
143,89,163.84448851201887
143,90,195.5791614236441
143,91,171.66831926217856
143,92,174.75589406296785
143,93,155.37316202132934
143,94,152.45875573812373
143,95,160.6390226804433
143,96,157.4919813183442
143,97,163.00450758537045
143,98,177.3358852472229
143,99,169.66468293671642
143,100,152.54324368914968
143,101,170.5151508211129
143,102,175.15719182876637
143,103,165.66969619157317
143,104,176.15910344252916
143,105,162.5367445066222
143,106,165.046084200505
143,107,161.347538989663
143,108,171.79437484045775
143,109,175.77174457671208
143,110,154.5628232900781
143,111,170.15327050843916
143,112,159.79610928377951
143,113,169.1288317535218
143,114,181.02103619658737
143,115,152.2475771842728
143,116,148.53216720787896
143,117,137.308152343212
143,118,172.16044684626831
143,119,135.0955570650549
143,120,171.55617795604485
143,121,165.710558418039
143,122,163.4791582568796
143,123,160.04354339517158
143,124,155.10641245163424
143,125,164.12679010030115
143,126,167.17501908166741
143,127,139.1926185358534
143,128,164.50764901124785
143,129,144.42988244228036
143,130,155.18813984697044
143,131,123.22462277737213
143,132,175.15835132101347
143,133,150.71049689265055
143,134,155.95142237892287
143,135,135.8233777552523
143,136,168.9006041430548
143,137,152.62781710189302
143,138,160.23304590365296
143,139,145.31949799780705
143,140,157.3891099448374
143,141,157.6030494339575
143,142,140.86172100668773
143,143,152.73668428647943
143,144,133.70739407857036
143,145,170.84283376949315
143,146,147.2804658752866
143,147,153.4274088701277
143,148,143.61535770236515
143,149,170.9493828485356
143,150,168.62524817342637
143,151,160.06881802310818
143,152,156.93883339482272
143,153,143.01564714394772
143,154,160.43472091016883
143,155,159.66169479586097
143,156,153.96535460201994
143,157,146.00412910551677
143,158,149.7976301135568
143,159,139.96005327318562
143,160,137.0249040956478
143,161,174.21725441744638
143,162,143.56498717708018
143,163,134.24892413284397
143,164,147.407785101037
143,165,127.33223234573961
143,166,118.60461833749287
143,167,150.27429426054005
143,168,147.08419143102947
143,169,120.24147297466698
143,170,151.75977003197477
143,171,131.74725252444478
143,172,121.00667580935988
143,173,128.11291534065094
143,174,157.99464582887595
143,175,160.40038468907005
143,176,125.45428803839604
143,177,119.14699471055792
143,178,135.76632560407597
143,179,150.18856634433178
143,180,153.86779872009356
143,181,132.8982000335236
143,182,133.5383473283946
143,183,121.8345251729188
143,184,132.2471411407896
143,185,127.31425882050098
143,186,132.04483437103772
143,187,105.77457217616029
143,188,132.0378298900905
143,189,138.863749695578
143,190,99.95569793981849
143,191,131.22256277687848
143,192,118.14027932859608
143,193,108.49142461603333
143,194,131.64622871306346
143,195,150.81785066366865
143,196,114.62945362372557
143,197,123.27449111909664
143,198,113.16228007069003
143,199,121.40482461896318
143,200,136.90815316880617
143,201,133.71690147450863
143,202,129.7329905075385
143,203,110.10852105607773
143,204,111.52583277055965
143,205,130.1775422517676
143,206,112.25219898400246
143,207,107.3799596053941
143,208,95.06657461787836
143,209,126.17022945630015
143,210,99.30885932859383
143,211,136.1178497925357
143,212,126.67768289134983
143,213,122.20837707368628
143,214,104.21346167620504
143,215,99.8131362873246
143,216,112.78199157758354
143,217,108.32009892656788
143,218,130.99641878395778
143,219,100.68442800551566
143,220,110.1999272704852
143,221,115.34086955259409
143,222,103.02515731879976
143,223,110.8692935954532
143,224,93.53276692539657
143,225,101.78226406999602
143,226,99.28386972811131
144,1,170.04266139180982
144,2,168.454079958261
144,3,150.37832062454981
144,4,140.4991695824865
144,5,142.45358436882088
144,6,159.8296353609112
144,7,149.0266900611241
144,8,150.34310906846804
144,9,174.45823372665473
144,10,144.50806742282293
144,11,138.14307930809446
144,12,158.3206813847719
144,13,170.24140885979432
144,14,152.5334359366243
144,15,134.77126537135337
144,16,143.68236496220925
144,17,143.50038796976878
144,18,170.77495721508603
144,19,129.11651998746675
144,20,163.80464785039658
144,21,126.70837338570709
144,22,152.3034078672572
144,23,148.92121578923252
144,24,170.94774895024602
144,25,162.48011005182343
144,26,147.20504016802442
144,27,151.1074782866126
144,28,132.9640796771273
144,29,154.22053029937524
144,30,144.2259510906806
144,31,166.42479548518895
144,32,144.800559004776
144,33,136.44859057433496
144,34,147.87475042908045
144,35,158.4767480310038
144,36,159.15447801377013
144,37,131.873176698944
144,38,141.9173916330983
144,39,137.8457788172309
144,40,151.27910984443588
144,41,169.1762401934684
144,42,142.57655702818738
144,43,145.2942808392545
144,44,149.0448601195676
144,45,142.97495152641932
144,46,155.1108788933925
144,47,153.42090136527986
144,48,142.1387210147368
144,49,159.25503986502736
144,50,169.39721063052275
144,51,136.9241894482111
144,52,132.24430839066918
144,53,148.30207855486515
144,54,152.66022592388617
144,55,142.7566610824506
144,56,156.41371472093306
144,57,141.0723873614843
144,58,161.86105613131804
144,59,138.01815196489042
144,60,163.4173453245603
144,61,153.12796878304653
144,62,125.39446624195261
144,63,167.87180898874794
144,64,144.1479334833857
144,65,129.8329911269975
144,66,166.22007839647267
144,67,141.27704733782593
144,68,126.34422370274842
144,69,109.10460241488181
144,70,131.90424334625277
144,71,138.35182984540734
144,72,122.26968283944734
144,73,140.27613343195117
144,74,134.13974552084983
144,75,141.37933343568147
144,76,124.75524960272014
144,77,141.73464455320936
144,78,135.84126141946763
144,79,137.4051069379566
144,80,121.61732960572408
144,81,136.30872712683777
144,82,136.24828616420564
144,83,123.56548224054859
144,84,121.80534965242259
144,85,144.78352465530043
144,86,135.65972134759068
144,87,138.64757987274788
144,88,145.972850564307
144,89,137.88146117938595
144,90,130.20046294497297
144,91,162.48567885790544
144,92,116.85183040807897
144,93,128.1007121539733
144,94,139.1198053492917
144,95,130.111168990843
144,96,133.88485055709316
144,97,133.05925652039878
144,98,117.79827085902798
144,99,143.906778884324
144,100,125.94442467409681
144,101,146.68504207323713
144,102,136.71705309725803
144,103,116.55041642354627
144,104,140.545362091696
144,105,119.75665881366876
144,106,111.28206087632861
144,107,119.92564877851692
144,108,102.84076935270423
144,109,77.62703555529151
144,110,116.09051481012284
144,111,124.31290074084245
144,112,104.7544100450541
144,113,140.77363982527459
144,114,118.77828459650482
144,115,118.93714324748726
144,116,104.88029604554322
144,117,114.4178370868467
144,118,107.36116248138569
144,119,111.15412989012111
144,120,117.04765541487723
144,121,121.84306446027767
144,122,108.42619585358625
144,123,127.57793999816204
144,124,126.10598718762776
144,125,126.50738202695356
144,126,129.71349921009096
144,127,94.96014937892323
144,128,91.21895842114463
144,129,98.44820876901213
144,130,109.27881550652819
144,131,110.60314801974891
144,132,114.26196399633773
144,133,100.64533715901052
144,134,100.84613942552824
144,135,108.03759813203214
144,136,93.56335660300829
144,137,102.39175835565402
144,138,102.53618906348129
144,139,84.66618193942122
144,140,67.6048601262737
144,141,65.43396463274257
144,142,80.70418312548281
144,143,78.95401390211919
145,1,164.26839332751842
145,2,192.7425223377213
145,3,164.80444149771938
145,4,169.6411215433618
145,5,164.32217700568435
145,6,164.2303700027769
145,7,157.37786389389657
145,8,165.96853040190763
145,9,167.39317733067583
145,10,181.35510852558946
145,11,183.12895272644528
145,12,182.22390998709307
145,13,156.1469455494298
145,14,167.6983125575207
145,15,179.111303584883
145,16,185.39120538466523
145,17,185.32759765709488
145,18,171.72038038237224
145,19,159.72930933579482
145,20,209.02898053484387
145,21,162.00931921887968
145,22,151.84490097841626
145,23,198.0394249239689
145,24,182.3278505257913
145,25,172.48650269885547
145,26,181.78612745719147
145,27,153.81928744012112
145,28,160.19489851759863
145,29,169.01787644283468
145,30,172.24638051308284
145,31,176.74224852983752
145,32,186.8376157832754
145,33,156.06222232646542
145,34,183.26447761786403
145,35,174.29983686030027
145,36,180.912067806501
145,37,167.4875035380246
145,38,186.10437434061168
145,39,178.3306995110761
145,40,178.72378063570795
145,41,181.37147395688953
145,42,153.84206914580864
145,43,174.37878203968285
145,44,179.06584969280811
145,45,175.0900191757828
145,46,177.00162798435485
145,47,161.3382707658311
145,48,161.3343400265585
145,49,152.1236716116473
145,50,177.424452823514
145,51,172.28463725267648
145,52,153.62973446372052
145,53,150.01072898021084
145,54,134.14047844955348
145,55,175.05581441307004
145,56,152.77061208137457
145,57,159.23014892981882
145,58,174.16175006628328
145,59,182.72567779145174
145,60,151.95494027761015
145,61,183.74793838523328
145,62,190.57639867829857
145,63,165.34438468525332
145,64,171.2513657611562
145,65,178.39470137367607
145,66,160.73268589867075
145,67,177.76925316766574
145,68,153.21927281107492
145,69,158.7089956833952
145,70,183.47238588793698
145,71,162.33113707070152
145,72,174.1384982188829
145,73,178.76834942303685
145,74,178.4684314265687
145,75,154.71086334944994
145,76,162.07769916085817
145,77,163.56941483817354
145,78,156.65348888974404
145,79,173.71461263961828
145,80,165.44867351259745
145,81,180.51077501628606
145,82,159.43151868166024
145,83,134.52065048556688
145,84,145.11521279736917
145,85,156.4273723106453
145,86,155.65962271041644
145,87,153.5042912815843
145,88,158.93620148045738
145,89,163.59644781683164
145,90,156.60505203354114
145,91,154.49583205222734
145,92,150.176501088019
145,93,141.01716751745698
145,94,171.9488589103712
145,95,155.05305555196537
145,96,153.92061254999135
145,97,184.078250802806
145,98,161.50659288357565
145,99,168.0501200143044
145,100,157.71765840735316
145,101,163.09728227857704
145,102,176.6810000253172
145,103,163.9089585345573
145,104,159.9528213422891
145,105,168.77251303511002
145,106,157.10904252943146
145,107,138.51646779185103
145,108,145.18170757612097
145,109,154.9677026549616
145,110,155.3987074378456
145,111,146.75254118401062
145,112,133.292592139107
145,113,128.52448256971547
145,114,150.8263744810174
145,115,174.02095594042476
145,116,150.5080894172861
145,117,151.3520352454725
145,118,148.56026770207973
145,119,144.3632889937362
145,120,163.8472777869465
145,121,171.50233040014427
145,122,149.29898048909672
145,123,126.8999816093492
145,124,146.0223753875398
145,125,158.46143205448607
145,126,128.68332509287575
145,127,152.63887611040263
145,128,144.71256450994406
145,129,114.43007297501754
145,130,124.08530778656859
145,131,138.85714019228908
145,132,131.6677808684617
145,133,143.76957301889342
145,134,155.09680610275245
145,135,139.45518130166602
145,136,156.49310693318694
145,137,132.68745006412064
145,138,117.90942096338404
145,139,139.3068065221596
145,140,159.59392473970365
145,141,137.35418804780056
145,142,154.12148954939767
146,1,166.36085354532406
146,2,146.814268700291
146,3,164.0814567917987
146,4,165.2733312627024
146,5,157.97606395321782
146,6,156.42418148009892
146,7,174.88087906160217
146,8,181.96015089464345
146,9,158.8649449898512
146,10,172.65432201654767
146,11,181.15943775299093
146,12,185.89333523720416
146,13,140.75885184779327
146,14,167.30827030542423
146,15,166.39789728423784
146,16,161.76864915202896
146,17,181.64133235721965
146,18,150.19258770067972
146,19,180.91159919022903
146,20,156.35032335340657
146,21,172.0104513960614
146,22,178.07297984563775
146,23,179.09154260050855
146,24,160.36212332930882
146,25,147.6361737031184
146,26,171.3590538703429
146,27,155.88647366024816
146,28,169.01190199588746
146,29,169.04928892718453
146,30,179.79082235712121
146,31,169.09061435930926
146,32,155.93438341156434
146,33,172.22066667950276
146,34,162.32621059670782
146,35,151.59409200248047
146,36,141.04882974462816
146,37,152.88492305679392
146,38,139.58028452536382
146,39,177.54098905280262
146,40,170.27435006749147
146,41,167.81105393808684
146,42,183.75551673430164
146,43,170.6078226779282
146,44,165.22789667947654
146,45,163.12344314630172
146,46,126.10192522784928
146,47,147.17374988945085
146,48,160.10712158652314
146,49,168.2748302344844
146,50,145.1228095637416
146,51,126.16267488487938
146,52,164.72387661658286
146,53,132.11600096599432
146,54,167.2200442479807
146,55,167.75597290063888
146,56,163.83918345908023
146,57,156.50509829730436
146,58,157.39429666630167
146,59,168.66065860950766
146,60,149.87314667188912
146,61,179.37491565219534
146,62,137.12018936235108
146,63,146.27987573180144
146,64,164.67120413882367
146,65,136.09332120788167
146,66,156.43692153956363
146,67,150.65400417459023
146,68,155.41996855269826
146,69,134.8755018966258
146,70,119.69433382149145
146,71,126.82928473291395
146,72,132.4421338560569
146,73,147.6374737961669
146,74,141.7655434075641
146,75,128.65017453738255
146,76,153.2152674330864
146,77,143.1025041975081
146,78,144.8803743069293
146,79,144.44708578146674
146,80,138.41282097960357
146,81,149.1154471715272
146,82,144.2302018590999
146,83,127.6733253581333
146,84,147.21756165573606
146,85,118.63921940463479
146,86,121.76375440853735
146,87,138.40947082955972
146,88,136.072140790915
146,89,138.9471972402389
146,90,138.8321706507777
146,91,137.16919458717894
146,92,113.89965307156672
146,93,150.30926518102206
146,94,145.33061315058148
146,95,148.02086424207664
146,96,128.86618648513831
146,97,112.9773758903757
146,98,116.94025795416383
146,99,102.22516536652256
146,100,113.13685322588572
146,101,122.59988289405737
146,102,122.42087140172953
146,103,110.44529190158937
146,104,116.65829333836155
146,105,111.51861762924818
146,106,111.75429747666931
146,107,112.2314283638625
146,108,131.08059688459616
146,109,109.13539164151734
146,110,122.59853879402363
146,111,116.23203167274187
146,112,124.21973694369808
146,113,111.35565884087555
146,114,77.68045905869076
146,115,114.99896296974475
146,116,84.10506649554009
146,117,70.31990254517586
146,118,82.06602404708974
146,119,115.14387543655175
146,120,93.69164043071214
146,121,83.35950464340567
146,122,96.175202332146
146,123,81.09848464978859
146,124,72.79476996920857
146,125,104.21184431541042
146,126,56.98430377797922
146,127,64.24203150807443
146,128,71.39688798089628
146,129,74.321408812335
146,130,83.16854513710132
146,131,64.69905475365522
146,132,65.59344512863026
146,133,55.07221148894314
146,134,46.18920992305357
146,135,54.530430007958785
146,136,57.45198175036785
146,137,44.75242705753044
146,138,62.33331208042364
146,139,26.958610793029948
146,140,8.900410230729904
146,141,20.847964343527565
146,142,27.01383093043114
146,143,37.023703778781055
146,144,22.53130355279427
147,1,123.21724338934291
147,2,126.24633387312497
147,3,120.37756150800851
147,4,117.68272680819064
147,5,125.25593265917269
147,6,135.75278938209522
147,7,114.32153390424355
147,8,127.40297780956462
147,9,141.00894887122558
147,10,115.87914834255935
147,11,124.90441593865398
147,12,128.0327343668323
147,13,125.4577898126081
147,14,129.20859158305393
147,15,119.64150873279141
147,16,116.95546623932023
147,17,114.7979300831721
147,18,136.28156539784686
147,19,137.78304677470442
147,20,106.87982657926477
147,21,100.49341636537429
147,22,130.99883829630562
147,23,133.7372991663069
147,24,123.58696714149846
147,25,133.58700517975376
147,26,131.98189583218482
147,27,112.07035150066076
147,28,108.00053507176926
147,29,111.18681281259342
147,30,118.77805489965976
147,31,122.71648947055655
147,32,115.33787251394824
147,33,101.93419398599508
147,34,108.76321409119555
147,35,106.7268198575839
147,36,135.858051568488
147,37,124.0684434850773
147,38,128.3854144163488
147,39,106.27437523045955
147,40,138.65863763474044
147,41,91.47623001145257
147,42,100.92631035071827
147,43,95.54150139701233
147,44,122.48854436152033
147,45,126.95886572427844
147,46,117.44355025046389
147,47,138.09927795286785
147,48,107.71967461021995
147,49,129.83844291805872
147,50,133.33512639701075
147,51,127.05365310865454
147,52,126.88941000727937
147,53,107.09251869439322
147,54,118.70776780715096
147,55,130.21149289647292
147,56,122.64847794225352
147,57,114.67052092045924
147,58,130.30907450422092
147,59,132.10056716440158
147,60,109.04875755801186
147,61,105.9153413738386
147,62,113.48638009501155
147,63,95.70774926852027
147,64,110.60200891059503
147,65,116.20231596144731
147,66,123.71588553486072
147,67,127.53668720441783
147,68,125.24112641860847
147,69,111.83392482753698
147,70,105.00846926055965
147,71,134.733928013462
147,72,109.38345176143048
147,73,114.32021177709248
147,74,105.42846321751131
147,75,110.06283653158607
147,76,124.00940225701925
147,77,83.0499467813861
147,78,110.13268769426213
148,1,137.27782176662004
148,2,136.39642683399143
148,3,154.10009766777512
148,4,156.19674938089156
148,5,150.806872228437
148,6,133.45220145945495
148,7,150.32000074940152
148,8,182.8871902963001
148,9,159.2558380119881
148,10,151.61730685125076
148,11,151.58077593239432
148,12,161.55496117501025
148,13,135.69083209995006
148,14,164.75863489540643
148,15,151.40281094234524
148,16,116.1481772652769
148,17,142.45382769880234
148,18,156.88872519286087
148,19,173.95652196158335
148,20,163.72493554875837
148,21,154.1457206998457
148,22,146.39786625419947
148,23,175.3887400702297
148,24,144.46819550315558
148,25,151.55958124706376
148,26,167.70961840731616
148,27,144.99494319592486
148,28,168.24808006038802
148,29,177.65830627677497
148,30,167.45580344443442
148,31,146.33058891678957
148,32,184.11573569074972
148,33,143.13523261758382
148,34,165.96302523760096
148,35,140.5987618966392
148,36,143.99755673337495
148,37,138.60374138038605
148,38,123.98073175734316
148,39,156.4049261831824
148,40,179.06521928524307
148,41,159.6855938236913
148,42,140.0878913274937
148,43,157.20554591249675
148,44,153.70076164402417
148,45,165.9236656691064
148,46,153.15242772841884
148,47,150.97256410999398
148,48,149.16084496821713
148,49,138.6405824430185
148,50,161.07065533479908
148,51,160.7488972075662
148,52,163.27553211338818
148,53,168.16360931796225
148,54,149.9562957709495
148,55,160.7157358320037
148,56,178.9588495793214
148,57,135.99551035234617
148,58,156.49346475102357
148,59,145.36461322174
148,60,131.63224876307504
148,61,158.09878824758925
148,62,156.95005801390653
148,63,134.30561858987494
148,64,151.47022327101877
148,65,164.56215075456566
148,66,152.21245386329974
148,67,130.78020683083014
148,68,132.48142073091003
148,69,149.88242461223854
148,70,137.43292161038698
148,71,143.63278977407026
148,72,129.5828721510843
148,73,120.77144608797244
148,74,142.67004905845533
148,75,153.12851884696283
148,76,123.12525237082446
148,77,129.77043852032511
148,78,111.38472860337788
148,79,122.71378094141255
148,80,136.1560990759972
148,81,136.43015325100714
148,82,144.03374486684334
148,83,141.29716435310547
148,84,125.53961634320876
148,85,133.02755464971415
148,86,144.7432300141445
148,87,137.07927665035095
148,88,143.07538917197235
148,89,115.6244351167843
148,90,122.00497490612906
148,91,134.96229271790799
148,92,106.26365217386774
148,93,130.7531379238062
148,94,120.47077683197858
148,95,119.40919761212717
148,96,113.75359588646825
148,97,142.32643680587353
148,98,138.81332248330727
148,99,125.04366621089139
148,100,97.56857322505675
148,101,115.26022854669282
148,102,114.8944742752501
148,103,103.59608620875224
148,104,107.34806503639265
148,105,128.30797242718836
148,106,102.04090962292685
148,107,106.43799938148004
148,108,116.75474896343076
148,109,113.70349181860365
148,110,107.55480844646809
148,111,102.75368076143786
148,112,103.09588706131035
148,113,115.04705945998285
148,114,97.13109670508857
148,115,107.42775256777531
148,116,97.2857572702851
148,117,59.53740917610412
148,118,98.73792558065179
148,119,87.6328558254827
148,120,90.5712863081717
148,121,64.1982435663158
148,122,70.22484538237768
148,123,72.63489322847454
148,124,95.4416504394685
148,125,112.77550418014289
148,126,102.50991439644713
148,127,93.85709925218544
148,128,98.45165601438202
148,129,73.25149282921484
148,130,102.19583929468354
148,131,78.84468797537556
148,132,75.94152751690854
148,133,69.23290253487357
148,134,57.870162873121444
148,135,86.86038878058025
148,136,72.90807375274017
148,137,69.88170435449865
148,138,49.27558422756556
148,139,55.13002177542512
148,140,55.145308241655584
148,141,47.66304096522799
148,142,23.375165462784935
148,143,46.852331167632656
148,144,46.79446815320989
148,145,42.20958102613804
148,146,44.00768444649293
148,147,20.975121235635015
148,148,23.61726348209777
148,149,60.130037418184656
148,150,20.19201433757553
148,151,26.289937983761774
148,152,26.7648282653754
148,153,27.116206823622633
148,154,14.514027509325388
148,155,15.710529610107187
148,156,-5.957777696385165
148,157,3.8011975916233496
149,1,131.70719539117272
149,2,123.93303546185052
149,3,138.57647630836436
149,4,149.2752351864474
149,5,127.20421427567635
149,6,111.44349067978328
149,7,164.00334607272816
149,8,155.6360549975725
149,9,133.479331120805
149,10,155.77746870981355
149,11,117.20947880970198
149,12,144.79825405702286
149,13,138.83542858291912
149,14,138.58310955311754
149,15,141.56282213649683
149,16,148.26352022802166
149,17,133.8168601441721
149,18,147.63659450001433
149,19,130.4171442641673
149,20,136.6753163976755
149,21,127.52769874448859
149,22,141.15516893438325
149,23,120.69294678454025
149,24,158.7066739389702
149,25,144.2250639887934
149,26,141.4239107275789
149,27,150.06838179549231
149,28,136.1433341294396
149,29,113.17929839904536
149,30,125.17949809038691
149,31,155.18837053788593
149,32,129.41421413169883
149,33,124.71155448793434
149,34,154.79775788862753
149,35,144.6989633165067
149,36,147.71548668061587
149,37,165.96115704113618
149,38,128.31889249005326
149,39,149.3300232061374
149,40,110.79692570713087
149,41,151.42479818201537
149,42,159.38510271316773
149,43,144.9567600704686
149,44,152.5106523444556
149,45,142.5296003833355
149,46,136.64355849294952
149,47,130.40398352601187
149,48,136.97489843043877
149,49,135.8146452514775
149,50,129.9738744134229
149,51,150.8762120796673
149,52,138.41776572514937
149,53,139.84228384918242
149,54,140.1832272130414
149,55,131.46544427183107
149,56,121.02768110700708
149,57,118.52391895775509
149,58,134.02576314816542
149,59,152.2582937141633
149,60,134.2622925479809
149,61,126.10658410801989
149,62,166.82148014454287
149,63,89.82256217370741
149,64,134.89652601178386
149,65,136.23167067650502
149,66,132.71193510739977
149,67,162.718003318696
149,68,129.25913949320966
149,69,135.24138642406615
149,70,134.48771223552467
150,1,153.30407293084863
150,2,163.05368067906238
150,3,142.24265969855333
150,4,177.77819467024528
150,5,134.61845893783175
150,6,144.96632096030953
150,7,152.836801946396
150,8,153.43708741360751
150,9,188.19241583935946
150,10,148.51096772187884
150,11,178.55013742815208
150,12,145.91280058488337
150,13,169.3345820858449
150,14,157.62047167167475
150,15,150.3037206839217
150,16,171.5957484742612
150,17,148.85456659550982
150,18,171.0079435953594
150,19,145.48379664796812
150,20,169.37899234968063
150,21,162.1073451379125
150,22,177.7091880202497
150,23,166.500072493669
150,24,162.1165152831818
150,25,153.15973705736542
150,26,154.00347679270635
150,27,174.8924834386562
150,28,177.69961740877625
150,29,173.36287261021062
150,30,164.88905465696007
150,31,168.09058940850082
150,32,139.28865045373095
150,33,163.22713991179626
150,34,173.06972128518828
150,35,182.35162065190525
150,36,144.00321654388244
150,37,158.4248386514373
150,38,186.2918774918944
150,39,151.38861868847744
150,40,173.86431682150578
150,41,140.13892487351404
150,42,157.1077174844104
150,43,163.91637937285122
150,44,135.7732994516191
150,45,143.3218168961539
150,46,139.8114125052889
150,47,147.70495822931116
150,48,183.5907473039333
150,49,160.49508390948176
150,50,146.18454375847796
150,51,167.92593415210285
150,52,177.15296679994208
150,53,169.76728583335353
150,54,162.1587982802157
150,55,144.78701285823627
150,56,150.06340941581584
150,57,166.34664405338845
150,58,166.22501236816606
150,59,144.5864455181145
150,60,164.41121994956484
150,61,176.98508608157863
150,62,178.33870916994783
150,63,145.79960403106816
150,64,147.67318241520843
150,65,161.24543930570508
150,66,147.46703394392534
150,67,158.68276734314713
150,68,146.73928392813104
150,69,164.8341907633585
150,70,164.15710858461534
150,71,131.38928500912152
150,72,150.48734470424824
150,73,164.28030777371896
150,74,162.5195379004581
150,75,146.6709980524247
150,76,168.613797691105
150,77,175.5874162661712
150,78,128.85543390638486
150,79,148.02822942269268
150,80,165.12184028110642
150,81,140.85304988107237
150,82,137.835139824223
150,83,114.85189929250919
150,84,149.9590648073281
150,85,155.2135898299166
150,86,154.31513171634288
150,87,143.21620697923208
150,88,154.07596923011442
150,89,167.8346992279112
150,90,127.47376361415081
150,91,160.83838744652894
150,92,138.64339234383806
150,93,149.43293050091597
150,94,144.57015687564126
150,95,151.4341086468703
150,96,145.48535246401298
150,97,132.22509169740806
150,98,169.47755317054543
150,99,129.1634378734816
150,100,160.27083063538885
150,101,148.2791244787004
150,102,132.70757201506785
150,103,138.89764451792144
150,104,144.2792094929755
150,105,118.87877912062686
150,106,148.55628954160056
150,107,147.5854987312705
150,108,140.7614218482122
150,109,125.90421070545563
150,110,126.57181635221059
150,111,152.16989427492808
150,112,121.9795903299455
150,113,131.97876566012565
150,114,159.3001585692764
150,115,146.8404002919633
150,116,127.56935693177365
150,117,145.83804642693576
150,118,151.21338859530806
150,119,116.41568975260452
150,120,151.5146368501155
150,121,157.4032321784034
150,122,139.2446737545106
150,123,117.84841804052849
150,124,122.27818427756574
150,125,121.10775675595505
150,126,142.15464040362713
150,127,115.34151728010329
150,128,111.367042903541
150,129,119.57217001975368
150,130,135.18626048033912
150,131,127.6162605765785
150,132,141.96491613191756
150,133,145.01706501765148
150,134,126.4725959487987
150,135,125.79045196418883
150,136,120.76631397553138
150,137,123.65260740543454
150,138,116.6876139568194
150,139,140.9091214475775
150,140,122.97941866971087
150,141,104.62306372213061
150,142,118.93708699934359
150,143,136.45380042050965
150,144,106.86679045260098
150,145,103.90648079905077
150,146,118.76953126431181
150,147,139.8921211837005
150,148,116.07988560791273
150,149,111.3121534771999
150,150,133.1764168041118
150,151,107.04834937478881
150,152,106.12917451590329
150,153,100.51832653603924
150,154,102.80047044040111
150,155,120.24857186892768
150,156,82.11360222193616
150,157,106.14201785252226
150,158,118.47188712781644
150,159,102.47322615174926
150,160,99.14832700388797
150,161,100.3417680054772
150,162,128.81275925611408
150,163,106.94463425730646
150,164,118.00485816801665
150,165,99.85027876734239
150,166,109.67979387878586
150,167,102.7596669610648
150,168,70.40273957833415
150,169,87.02518939096626
150,170,102.36442771089787
150,171,102.1124167674352
150,172,85.23405926748819
150,173,75.95640646898391
150,174,83.93659429879335
150,175,92.0743771815105
150,176,76.31345760419936
150,177,82.2227320764141
150,178,99.68999603791599
150,179,107.34664451133722
150,180,87.3571191284791
150,181,84.09403800274595
150,182,75.08477778440283
150,183,87.82891357008339
150,184,69.82273872019869
150,185,73.7229030558592
150,186,62.085489567849436
150,187,77.18442655339459
150,188,52.32485498108872
150,189,65.68040785712219
150,190,68.6215150643693
150,191,34.47568224140559
150,192,54.98971246837027
150,193,54.35286515583721
150,194,66.43216768159618
150,195,45.18314738229674
150,196,61.51273501956166
151,1,149.17036689071392
151,2,139.90128491882933
151,3,171.15889990978758
151,4,190.89709907075303
151,5,160.0589828863158
151,6,126.75718949326256
151,7,169.33557779964758
151,8,161.42849800085241
151,9,151.7819829054497
151,10,166.10773349097872
151,11,177.32148861659516
151,12,177.66937020013575
151,13,154.6573041561278
151,14,145.18338284859783
151,15,158.8002137771473
151,16,158.64464923332707
151,17,159.87851847699494
151,18,152.50806868326617
151,19,151.51603891138802
151,20,171.29914940323215
151,21,168.68794831267587
151,22,175.7298290765757
151,23,153.96761260640778
151,24,181.28827351194195
151,25,137.49051456613233
151,26,178.0173678495412
151,27,163.28620479528036
151,28,136.96801294072066
151,29,151.15661941142753
151,30,167.57733916886355
151,31,166.41589522393042
151,32,153.67160270534077
151,33,152.73251718120446
151,34,156.42137616110267
151,35,158.6516900434217
151,36,155.7288954974647
151,37,174.17782695274946
151,38,153.37286330923962
151,39,148.5472900508321
151,40,166.7914213551412
151,41,163.63495662360947
151,42,161.91775252853404
151,43,139.88093760582706
151,44,168.6953094573837
151,45,135.1200335627218
151,46,150.50892550190474
151,47,128.2345326227587
151,48,144.65424511989113
151,49,153.1543952951106
151,50,138.18063380139938
151,51,154.31960770254227
151,52,156.79158421461034
151,53,150.08846156638174
151,54,131.32163201578805
151,55,184.7006343603207
151,56,152.26464349767775
151,57,154.08228627734934
151,58,183.89229322064784
151,59,146.64275734101102
151,60,154.10727277063415
151,61,153.9179168861956
151,62,154.78124593127723
151,63,137.90767387438973
151,64,166.7527601086258
151,65,144.32095498654235
151,66,149.8099385578971
151,67,178.33109005928418
151,68,148.01462272803474
151,69,138.17628072331718
151,70,155.18412508225447
151,71,148.78854748030426
151,72,122.229623305313
151,73,142.6739019835295
151,74,139.59483278353582
151,75,154.2129830560807
151,76,142.93128731603065
151,77,167.60650764502498
151,78,138.08298162039137
151,79,151.68027432187228
151,80,159.34804046810314
151,81,148.06112822196155
151,82,124.1988721023663
151,83,153.96449495242996
151,84,144.56248010995478
151,85,142.0739156351483
151,86,149.16228333688196
151,87,135.53027235458285
151,88,133.20281514625822
151,89,154.56654585932847
151,90,140.96137620806985
151,91,131.97249547578394
151,92,162.39759414345463
151,93,133.4498890616669
151,94,142.4049487696975
151,95,140.49473987698002
151,96,151.18848704593256
151,97,150.36963121543522
151,98,138.6900489447944
151,99,124.51944858759816
151,100,142.01326583634363
151,101,136.4005772689925
151,102,160.2372565756741
151,103,121.76402829005383
151,104,134.09879134874063
151,105,145.6768001562159
151,106,138.77650907694624
151,107,114.20679254660354
151,108,159.7873432765773
151,109,144.94065853473148
151,110,137.24731799693836
151,111,140.78109454615333
151,112,145.4845431157446
151,113,119.99829325455357
151,114,128.35064961542957
151,115,142.3750384701052
151,116,121.2117258849321
151,117,151.56344555738906
151,118,131.44772075521905
151,119,157.42832419410843
151,120,102.88324170729175
151,121,165.21958955403534
151,122,125.06777839454298
151,123,114.25589302168373
151,124,131.14713358470908
151,125,134.40455854767788
151,126,99.73339738568757
151,127,133.71360385177832
151,128,108.8574604020032
151,129,132.279292442945
151,130,135.25213015546615
151,131,126.81327336637332
151,132,112.58862980025151
151,133,129.6302794645817
151,134,99.90640873419034
151,135,121.46646743299789
151,136,101.40698636126763
151,137,138.54227061425627
151,138,118.61496322004677
151,139,142.75139080576628
151,140,118.6872382143847
151,141,117.81302231979498
152,1,179.3026436092332
152,2,183.3955620207562
152,3,160.3628208770897
152,4,161.7243129535491
152,5,154.43918988595397
152,6,158.6847759894663
152,7,183.76275408358197
152,8,176.6942997332153
152,9,174.25722540883726
152,10,164.91358385826607
152,11,163.41840485293505
152,12,198.41598535548837
152,13,175.18642819046363
152,14,167.60413514314132
152,15,149.60653572993033
152,16,140.36491823627875
152,17,190.23910839008022
152,18,151.8299663930593
152,19,179.20104699757212
152,20,167.67697636459343
152,21,186.20261413095432
152,22,163.62001580646756
152,23,168.0755030116925
152,24,179.45210861686064
152,25,168.6010917392996
152,26,162.26934489119594
152,27,194.62991903682996
152,28,169.54055974927178
152,29,179.69336620547256
152,30,163.26616500848468
152,31,173.0651080931275
152,32,159.05515807120537
152,33,143.07992872274917
152,34,173.02930625674344
152,35,171.8211377790576
152,36,202.8509018201803
152,37,186.84912809751404
152,38,158.11084793677583
152,39,177.94578538656788
152,40,174.14295379795658
152,41,167.68601951910387
152,42,159.59020994869206
152,43,149.28338985919981
152,44,162.53503128845477
152,45,160.55874862443306
152,46,170.72229006223643
152,47,173.76168016871816
152,48,139.63045953774417
152,49,155.399885331135
152,50,167.4827623018282
152,51,163.8346722405986
152,52,148.06639988563984
152,53,145.43576952139847
152,54,161.96874235197174
152,55,197.2070597079728
152,56,182.9002222563504
152,57,158.7568298303595
152,58,150.6446098414017
152,59,167.310435934407
152,60,157.86560286839085
152,61,146.38639874629007
152,62,155.7770975726744
152,63,133.97390146891848
152,64,158.1878562287602
152,65,158.49043430604797
152,66,154.52714360121172
152,67,155.41217730730568
152,68,159.37196183163178
152,69,175.05018662337534
152,70,142.36136166588403
152,71,162.45144229457946
152,72,159.5577754283222
152,73,152.82892191920837
152,74,154.0110321481916
152,75,129.60063359879132
152,76,141.70455132931238
152,77,146.11698799290753
152,78,130.49482554655697
152,79,142.17032589593146
152,80,129.92789025096863
152,81,139.8169925792463
152,82,140.66126720105967
152,83,141.3613827174413
152,84,147.32230515176343
152,85,126.3560444539471
152,86,132.10966106668639
152,87,129.30908415437443
152,88,125.05709359079628
152,89,136.1150913767633
152,90,129.35884887380962
153,1,176.56743847010512
153,2,173.49529031594284
153,3,170.26324172904424
153,4,171.08315124805813
153,5,176.17839241180627
153,6,197.07115126408462
153,7,176.25274944159173
153,8,169.45411958043405
153,9,173.03544770688313
153,10,165.82407421605603
153,11,169.89721237940103
153,12,146.28916680304246
153,13,144.94598099239374
153,14,173.04625256457075
153,15,166.95342281454214
153,16,180.75692899895512
153,17,168.33220066715148
153,18,154.544930180542
153,19,176.04060270757327
153,20,169.88767394844763
153,21,147.57542593797552
153,22,159.13811712215102
153,23,138.63198499986902
153,24,173.5459275287285
153,25,158.92713481452665
153,26,149.5632385001154
153,27,150.589615349847
153,28,177.15927810088033
153,29,176.03429948491976
153,30,160.02020727058698
153,31,164.57005435993779
153,32,188.62418791664822
153,33,151.88049511071586
153,34,167.41038924280292
153,35,181.30797008069203
153,36,148.9292570480684
153,37,152.2611424778006
153,38,154.3689417237183
153,39,141.1581079489115
153,40,132.24885154466028
153,41,166.55285710403405
153,42,184.68769391142996
153,43,160.83836031897226
153,44,176.32994840559695
153,45,154.13128181350476
153,46,149.22196383030678
153,47,136.61016722335626
153,48,163.6417748718086
153,49,187.6567662717789
153,50,165.18878107525234
153,51,164.87702978759626
153,52,145.9045843268832
153,53,164.11866093977733
153,54,159.56903040476755
153,55,182.19962290000694
153,56,141.04666701094538
153,57,124.45529733681906
153,58,165.23522509654867
153,59,179.13767472306063
153,60,165.17418938250194
153,61,150.37576035688835
153,62,141.73094781734108
153,63,160.1597786014172
153,64,158.3978855004607
153,65,157.7192343624556
153,66,150.85222836099274
153,67,150.00564982614014
153,68,126.89382070465217
153,69,153.07086328682635
153,70,145.30847888530116
153,71,161.0912006552171
153,72,150.65703258001304
153,73,167.85039185464848
153,74,155.71637644728617
153,75,141.6812694198088
153,76,148.9727452696534
153,77,151.91639971995028
153,78,147.96247451159434
153,79,150.70236521490733
153,80,171.0704563572799
153,81,140.52818424464203
153,82,138.28256777126808
153,83,153.02801045406522
153,84,144.86518997007806
153,85,151.36850271489675
153,86,132.95443104782316
153,87,130.3265146092308
153,88,157.52120352980273
153,89,153.0161250724559
153,90,127.87186416118493
153,91,145.29962671861722
153,92,114.25489744998049
153,93,136.24000410944427
153,94,136.83687365308288
153,95,121.9597007407574
153,96,143.28495762811508
153,97,127.99425481918297
153,98,145.56630666557612
153,99,130.93808633858134
153,100,153.75493149209797
153,101,140.79615379379538
153,102,145.47063643782167
153,103,135.08912334734487
153,104,148.50914610314067
153,105,160.97175278329814
153,106,151.2732619080125
153,107,127.89881146588596
153,108,168.92931323934317
153,109,155.93612523992488
153,110,145.90016442265915
153,111,140.0336216623473
153,112,130.25627250982507
153,113,148.48613326146733
153,114,141.76126294121786
153,115,123.60337055313721
153,116,156.36164050767547
153,117,153.2457631828147
153,118,142.0132491369659
153,119,130.98311167604697
153,120,150.86461005010642
153,121,127.93147021633922
153,122,113.88146925092587
153,123,142.34269004873204
153,124,128.2628645319419
153,125,159.88501678893226
153,126,143.2730779166086
153,127,140.68557665812114
153,128,129.97968003334972
153,129,130.16366914664832
153,130,136.26193429393606
153,131,119.05399685959128
153,132,127.48776614892267
153,133,124.96858826393873
153,134,130.2912555939256
153,135,139.94483361580933
153,136,140.13619482888316
153,137,138.25821921664465
153,138,134.8394926156907
153,139,150.2449328030052
153,140,147.73772335144167
153,141,97.46691891446972
153,142,131.98216784969554
153,143,137.5556337488233
153,144,135.82749421176413
153,145,117.88560590198176
153,146,135.2482109576813
154,1,139.39054702600697
154,2,143.51435651191423
154,3,128.68189875785174
154,4,113.38929684330651
154,5,118.78922797617997
154,6,128.66661850475066
154,7,122.29334930487676
154,8,107.71904107001319
154,9,123.02846276592027
154,10,126.21133834979264
154,11,117.89862567373348
154,12,106.33568036037468
154,13,127.73318699659285
154,14,107.08357050774066
154,15,122.27356576694729
154,16,119.60944703692803
154,17,131.30777670019597
154,18,133.0235264158473
154,19,125.05601709592156
154,20,108.47499311918364
154,21,122.4632898821801
154,22,110.05055383159197
154,23,129.86019818748173
154,24,133.25958640968747
154,25,137.10364545232005
154,26,118.49574301439861
154,27,131.56444231433125
154,28,131.6831311223068
154,29,133.2685635902817
154,30,120.01534156679554
154,31,106.85659787716577
154,32,100.1980164901106
154,33,134.20716439533862
154,34,141.62488938429306
154,35,144.77306479780964
154,36,100.42995169723872
154,37,146.62322592348937
154,38,105.69453489959415
154,39,136.21455496122508
154,40,105.41545421189221
154,41,138.26947446809936
154,42,125.3854327313602
154,43,133.59629980646423
154,44,109.18931297446397
154,45,118.2009729903366
154,46,107.45596756034502
154,47,117.72181639032351
154,48,115.38458145588083
154,49,124.64613693753927
154,50,128.872106781826
154,51,127.99985899932653
154,52,98.2372638187735
154,53,121.74864203843026
154,54,132.66921512515546
154,55,115.14050643228984
154,56,113.40477167709469
154,57,130.84872914430161
154,58,110.98843413215218
155,1,176.415968287969
155,2,149.5428985545368
155,3,158.65549959351483
155,4,168.16498849073105
155,5,170.5015040064245
155,6,177.28819660894078
155,7,165.69579941556003
155,8,173.44273417365184
155,9,158.34128107324796
155,10,165.33960616526747
155,11,173.19223669882922
155,12,170.42928206787474
155,13,181.04532878573082
155,14,169.63804993715894
155,15,178.70678239515837
155,16,180.58800463243097
155,17,196.6512266194186
155,18,170.92660298699047
155,19,156.89615103265533
155,20,179.06669368500297
155,21,167.60814674705034
155,22,167.60924099069234
155,23,171.40381924054964
155,24,137.83383009847603
155,25,155.55547386533
155,26,170.7458805668066
155,27,167.26428085538646
155,28,177.79791940895666
155,29,160.1106886127236
155,30,166.8763401115284
155,31,186.81974419359904
155,32,163.22887110261217
155,33,164.83311877495726
155,34,188.71997439324332
155,35,159.24574581276102
155,36,152.59613191305834
155,37,151.12875981446996
155,38,177.06763619268168
155,39,150.3182151153669
155,40,177.82784125638864
155,41,148.274064856123
155,42,166.68040740897413
155,43,162.71894449671527
155,44,170.51351329134195
155,45,187.12476923788927
155,46,188.1158335558648
155,47,180.8636743202369
155,48,173.3033993268764
155,49,162.6441411969572
155,50,163.7782347464381
155,51,172.68344464394613
155,52,142.6494845742709
155,53,177.49296073224104
155,54,168.09845257390407
155,55,190.2328642344146
155,56,179.30471098303678
155,57,164.33517754606873
155,58,174.64397225574066
155,59,162.8836097773601
155,60,180.1281586076002
155,61,166.36371953973867
155,62,160.32982554561022
155,63,147.92461933498998
155,64,145.20815651322482
155,65,140.41433408077137
155,66,155.14909876154707
155,67,146.1371868041315
155,68,147.78212451157742
155,69,157.28763618021912
155,70,159.45500596563943
155,71,168.48562360866345
155,72,165.71276720726019
156,1,205.68551521503105
156,2,192.94299487827084
156,3,185.26182725719264
156,4,168.358997925905
156,5,184.99096732345788
156,6,178.56420522464032
156,7,170.9333332939932
156,8,176.3076241912131
156,9,172.7092030908243
156,10,178.31727486824093
156,11,159.53914048893057
156,12,206.95535015248606
156,13,163.85341585356218
156,14,163.46914264102816
156,15,157.41555055868957
156,16,198.14887856438145
156,17,155.88562089082552
156,18,149.32528033106064
156,19,176.87934433793998
156,20,187.2904465534375
156,21,189.43723453050188
156,22,172.32292654472985
156,23,164.68759189089906
156,24,176.5184383789383
156,25,169.47406345310446
156,26,183.87754009637138
156,27,169.40160357514833
156,28,187.82493320862704
156,29,149.7005814599106
156,30,169.07047261203843
156,31,150.20306763702683
156,32,143.36339934703574
156,33,175.4949105265914
156,34,165.35291338455863
156,35,178.79069068772515
156,36,188.99565367429022
156,37,185.55832248057413
156,38,178.37663065193192
156,39,173.34989860718633
156,40,150.53106426430895
156,41,152.390223859642
156,42,164.39804980094777
156,43,165.13911439240474
156,44,167.91873197442328
156,45,161.26585178542155
156,46,139.74001824547304
156,47,163.70363288453518
156,48,179.6320476301189
156,49,166.34164633522596
156,50,146.8187825842906
156,51,170.23347396554163
156,52,177.64688130693685
156,53,176.63979082232254
156,54,159.03947781064926
156,55,173.76460275499994
156,56,173.96135524086276
156,57,157.56531264114165
156,58,134.60912849975284
156,59,163.7021389012516
156,60,160.55534197505767
156,61,172.96992891081027
156,62,167.29093769589235
156,63,166.8142051340983
156,64,152.1043236440746
156,65,160.44075979346235
156,66,178.59550237394433
156,67,154.11846350144333
156,68,179.34725951924338
156,69,146.56581253324111
156,70,174.86785576965485
156,71,135.01749107839714
156,72,154.08431899268908
156,73,149.9566424565637
156,74,166.3415550739519
156,75,145.79900992166222
157,1,174.8012420060113
157,2,168.94989300811721
157,3,199.05311318672466
157,4,156.01706599898898
157,5,208.79194526669744
157,6,169.09144951787312
157,7,206.9119940018718
157,8,193.50672668878542
157,9,193.6173157921803
157,10,141.7392670945046
157,11,188.70620643631264
157,12,194.0187543167849
157,13,195.78142489068705
157,14,170.3235023840316
157,15,181.48457250997308
157,16,152.18837162377167
157,17,181.49889110248478
157,18,198.2123336925506
157,19,177.92077696802153
157,20,187.6872646941847
157,21,189.17976134879427
157,22,177.9924230425022
157,23,174.97104119395954
157,24,176.8828004792158
157,25,188.49331354557944
157,26,185.36538268368167
157,27,189.2463545343635
157,28,179.02234067067184
157,29,203.45386150470586
157,30,181.65773452051508
157,31,211.67674500361318
157,32,180.49650710093556
157,33,181.58853226950305
157,34,182.30463822658203
157,35,181.94820364529733
157,36,182.96701241413393
157,37,179.48508457126445
157,38,170.30316202285758
157,39,184.40527714924974
157,40,160.1072458865965
157,41,172.4715652581799
157,42,168.7389841721233
157,43,188.4284145866477
157,44,169.48209537691582
157,45,191.74331825392437
157,46,195.9486228757669
157,47,171.4208731847757
157,48,186.3426608344962
157,49,188.2778352644018
157,50,195.481809120065
157,51,168.9473854706448
157,52,185.18568471857725
157,53,183.73067128819093
157,54,194.63673671676952
157,55,189.2594159803848
157,56,171.90912097567343
157,57,180.84305121051875
157,58,198.46320821770496
157,59,165.63810142043076
157,60,192.17021681797632
157,61,183.57900261411123
157,62,198.7314570334711
157,63,169.365641519762
157,64,167.94529345996852
157,65,166.7855124931375
157,66,170.9997450421215
157,67,176.9696318524875
157,68,165.35562796088925
157,69,181.60511278729246
157,70,183.88224229376647
157,71,179.40432547609817
157,72,155.97820564472204
157,73,165.25672368383675
157,74,192.18854194978485
157,75,170.34954765532893
157,76,195.46061149508023
157,77,155.24062957549904
157,78,159.45971426395408
157,79,167.09385537160415
157,80,172.72964946921275
157,81,183.59884721827984
157,82,158.95761628417677
157,83,183.14447140956327
157,84,163.32603793738235
157,85,173.81855390811688
157,86,158.41143180880317
157,87,194.91687895343784
157,88,167.96349977421778
157,89,185.46133003159048
157,90,187.96649648685707
157,91,158.26657970576343
157,92,178.90906546111364
157,93,195.58807130216883
157,94,155.72977398350486
157,95,183.42134205756884
157,96,188.42776877783035
157,97,212.70671128413233
157,98,177.49692467177374
157,99,164.7951902363202
157,100,155.2967422616639
157,101,167.09443695778464
157,102,204.17876049104234
157,103,163.2031852427972
157,104,172.49580995224096
157,105,188.02765838162304
157,106,185.25328771893692
157,107,173.778461167145
157,108,165.32384025159263
157,109,178.60436806635698
157,110,168.69362504028686
157,111,141.5228521724348
157,112,161.67187367383303
157,113,173.21592576715193
157,114,182.39940908275457
157,115,150.45612764827092
157,116,200.74234403853188
157,117,168.4471871515998
157,118,174.33761370727734
157,119,166.61204989953694
157,120,187.4430411964422
157,121,152.19224900801055
157,122,188.8218451609864
157,123,190.12602958206844
157,124,147.0480372709062
157,125,155.92919675551093
157,126,187.24844697141816
157,127,143.30436102082604
157,128,163.94510056393483
157,129,181.28913526363613
157,130,169.44995667910553
157,131,181.53100042666483
157,132,158.97631946318143
157,133,172.06781338202563
157,134,152.75122734683828
157,135,181.193567080074
157,136,152.74642678559758
157,137,168.76426621562132
157,138,165.08820197032765
157,139,164.0693563277964
157,140,164.9601802176694
157,141,150.66825754746242
157,142,167.6369766535936
157,143,164.93370552262058
157,144,185.63137200827623
157,145,182.6659712248147
157,146,168.10211212385184
157,147,183.71148227836966
157,148,146.07329211116303
157,149,185.16066199561465
157,150,168.99467736714723
157,151,147.42937667234946
157,152,142.1256722011749
157,153,156.9251440689477
157,154,155.52944011074578
157,155,150.52658387538395
157,156,150.57878384755895
157,157,151.35283008456463
157,158,153.89227932718495
157,159,157.11415946522902
157,160,181.52970157911477
157,161,157.45520338893402
158,1,120.45416888667387
158,2,122.35824525294447
158,3,127.66174075388699
158,4,167.97494927485968
158,5,118.76292533781088
158,6,130.3003925185185
158,7,108.64234242300154
158,8,145.78958075136325
158,9,122.08671629343007
158,10,134.6799963661324
158,11,133.27611566997075
158,12,116.9798374187958
158,13,127.54100208266027
158,14,123.357292322602
158,15,116.05022608112631
158,16,112.99260499983211
158,17,133.40213211287482
158,18,130.63829025004816
158,19,131.75983643015206
158,20,148.89447752774868
158,21,128.81674616146483
158,22,135.53461660859466
158,23,142.92064382867102
158,24,142.67543124088115
158,25,129.51034762649942
158,26,131.285235232157
158,27,128.50007456219464
158,28,120.4575657607711
158,29,121.76429923072283
158,30,128.57923952232522
158,31,125.35085252497811
158,32,119.25839229758276
158,33,128.88022406995879
158,34,130.36185719579225
158,35,117.91317041603179
158,36,110.78422235613107
158,37,145.18660725633526
158,38,136.36057830430946
158,39,114.81789966884389
158,40,147.14533749483235
158,41,123.06968246571341
158,42,139.46951568984514
158,43,144.60556853520393
158,44,125.36636147878016
158,45,98.92989323396614
158,46,131.6680260073408
158,47,126.03340279617987
158,48,118.03419108278467
158,49,115.23778615776246
158,50,124.8311174776536
158,51,120.2204237923288
158,52,132.89334052037884
158,53,143.05490742233087
158,54,137.73624146365182
158,55,126.58551870009978
158,56,121.555003557085
158,57,100.95776949070569
158,58,120.03380578604992
158,59,102.82399478845036
158,60,132.86749736736965
158,61,128.3126315966365
158,62,129.9440496680545
158,63,109.4611112952989
158,64,116.75745472421113
158,65,129.73921654413425
158,66,117.69394243057468
158,67,131.39427222795348
158,68,96.0988973693893
158,69,129.533010452491
158,70,131.04288833648025
158,71,107.57857891412277
158,72,98.51701457078889
158,73,124.96641492904018
158,74,102.57809489508509
158,75,120.10560230681585
158,76,126.93657078081014
158,77,114.36312470233679
158,78,124.07430812154053
158,79,89.52482641884853
158,80,110.13242038078897
158,81,111.56357473505341
158,82,136.0878608205312
158,83,111.07682107277651
158,84,144.56048727827874
158,85,102.39907765729731
158,86,95.3122668932483
158,87,95.09118679248058
158,88,113.47589359431731
158,89,137.1103175564058
158,90,110.59363536959427
158,91,105.4557674654643
158,92,94.83170965625322
158,93,90.52072024013614
158,94,106.99516184024105
158,95,97.79742925947357
158,96,102.96675423494162
158,97,96.20126824318868
158,98,111.13438859659072
158,99,106.56831659793534
158,100,122.2009708534315
158,101,113.42241492740868
158,102,105.1043691193554
158,103,106.73817783693084
158,104,94.0574080745937
158,105,97.841559937282
158,106,104.90093754245027
158,107,105.19771696476528
158,108,91.16205266963516
158,109,100.81321457328158
158,110,104.54399077653215
158,111,115.19468214717926
158,112,79.3006170492663
158,113,97.7360027746472
158,114,91.1566847263748
158,115,103.16767045635788
158,116,97.24131912852317
158,117,91.2484868993779
158,118,90.76621938215249
158,119,98.83938057305204
158,120,116.38199917385646
158,121,98.42906386905815
158,122,89.08635102483822
158,123,96.24775578515255
158,124,89.82543188957061
158,125,84.39722072491713
158,126,67.71020827043685
158,127,84.59345492283319
158,128,85.51068599688733
158,129,76.20026835176395
158,130,62.2401569564463
158,131,67.825219520666
158,132,69.01581304908905
158,133,78.15086865253397
158,134,63.43072283655056
158,135,91.59646013127349
158,136,71.38102290940151
158,137,66.27641563045472
158,138,51.02005885459948
158,139,68.38462684432307
158,140,74.78796464858897
158,141,62.74454813643388
158,142,60.86725518674939
158,143,46.22423228590196
158,144,73.97999457636615
158,145,57.40966058842605
158,146,74.97321202937746
158,147,50.165802483359585
158,148,45.131883140631544
158,149,39.45187127195095
158,150,64.07519329821662
158,151,44.356783711351454
158,152,55.741599769782624
158,153,47.497966474817076
158,154,43.759890886627545
158,155,64.4795893010014
158,156,52.929569750667724
158,157,40.54361884881655
158,158,36.58559796697227
158,159,58.74593574194296
158,160,16.948673207916727
158,161,22.030010418908205
158,162,22.151001424732385
158,163,26.311506460566306
158,164,21.083023011924524
158,165,24.148516772642324
158,166,32.68651872163173
158,167,19.26664545515814
158,168,41.1724084185189
158,169,27.62617651794426
158,170,5.703845331339835
158,171,15.608445311139803
159,1,127.24483255298401
159,2,121.25288353086216
159,3,114.35476169611502
159,4,119.43001907005237
159,5,124.33318833803787
159,6,117.17311350214732
159,7,135.25708042368933
159,8,127.4313438005338
159,9,150.98013258184073
159,10,131.77236327262654
159,11,131.6728163205189
159,12,104.40648958850215
159,13,116.02142860167805
159,14,148.23447067356756
159,15,142.65282568377734
159,16,134.00707187213266
159,17,120.58184168799926
159,18,111.33220934451674
159,19,104.11963040192495
159,20,116.34528935458366
159,21,115.75546407217189
159,22,167.59563739471923
159,23,126.20227693585912
159,24,118.64482009335188
159,25,134.76350787505362
159,26,106.81355415547296
159,27,125.8618287379577
159,28,129.2571574019821
159,29,151.8853038361267
159,30,121.90674046266213
159,31,130.6755718191489
159,32,118.68727252510143
159,33,100.00465762726526
159,34,112.16673755348893
159,35,117.54461322390125
159,36,120.73895944208925
159,37,103.69628542432474
159,38,90.75863536085672
159,39,122.67280044124345
159,40,115.16698829154484
159,41,136.24422544409026
159,42,94.7740255871322
159,43,114.83469918524497
159,44,131.29065385402646
159,45,115.79513322101411
159,46,130.5947748409235
159,47,123.13978538632364
159,48,113.81344041456032
159,49,120.04977932984184
159,50,129.6212429158768
159,51,129.9692056381973
159,52,118.97835374562419
159,53,135.42457233917958
159,54,111.19142158031173
159,55,118.54161972819566
159,56,130.21296117840393
159,57,118.66744568070862
159,58,125.33649145191885
159,59,120.00792881850066
159,60,146.60955953850498
159,61,81.81465148647112
159,62,88.31598487224983
159,63,113.51712708606647
159,64,126.00055978669843
159,65,133.24864300457557
159,66,123.06339040521561
159,67,138.12012342266826
159,68,129.06777185881947
159,69,110.70380564197694
159,70,117.39117722339142
159,71,117.23614865829586
159,72,127.93860679536738
159,73,121.16487578043598
159,74,125.76651767374278
159,75,111.38073689699377
159,76,103.21597189334716
159,77,121.22256373700657
159,78,118.92236004641018
159,79,105.55173166433087
159,80,118.56941400087089
159,81,85.44588988014584
159,82,101.34003176195984
159,83,93.46807312982128
159,84,111.63491622599395
159,85,116.69241375154525
159,86,107.88458621376776
159,87,129.13979268235562
159,88,139.16678214922285
159,89,110.27260607018252
159,90,105.89218244334916
159,91,99.30748613456672
159,92,103.10964888396848
159,93,122.18662885230879
159,94,113.7581880638827
159,95,103.84110326077644
159,96,105.80564706782752
159,97,106.1584162420695
159,98,106.47011127286532
159,99,101.53842441154848
159,100,83.77452310724038
159,101,74.77100903711835
159,102,120.27742486945499
159,103,90.71987511014595
159,104,113.00918430341699
159,105,107.56106298559462
159,106,111.19624044538068
159,107,87.87557474324421
159,108,87.29271293910278
159,109,107.29336406591756
159,110,107.30880969727878
159,111,101.88567940816574
159,112,80.16626475589874
159,113,87.48906848086335
159,114,86.11449496713612
159,115,91.02473634122725
159,116,88.51906743554719
159,117,92.85952035744413
159,118,91.84661331224925
159,119,76.4695660063735
159,120,94.17093065968947
159,121,78.80188242055738
159,122,84.16852914648916
159,123,92.46832022199669
159,124,90.90494325539476
159,125,75.79387074627448
159,126,95.15989585622447
159,127,98.09632817261445
159,128,66.96396515857487
159,129,89.01011055251001
159,130,90.8235376057346
159,131,69.51429968270531
159,132,82.45682449835294
159,133,71.43455757760239
159,134,82.2924245681279
159,135,86.61680275327672
159,136,53.446650770631095
159,137,93.87856278844993
159,138,70.65635974869656
159,139,56.62453097949765
159,140,78.46173793109483
159,141,70.58291176313651
159,142,63.163210270155105
159,143,87.68820662265352
159,144,80.42889141805063
159,145,95.16868935979437
159,146,72.66951827293815
159,147,31.556498345576983
159,148,44.98852580627863
159,149,87.85321008455503
159,150,55.12473393388791
159,151,65.29960920422309
159,152,77.36177108683478
159,153,63.04884325067542
159,154,70.11530674139794
159,155,54.52848319806071
159,156,66.82228566535196
159,157,61.89737735622475
159,158,61.14882556513476
159,159,33.10137914491497
159,160,66.03791918755815
159,161,45.78854578854953
159,162,26.28365476277395
159,163,46.575096835666045
159,164,42.6106000390937
159,165,68.18211311021878
159,166,42.34333152592444
159,167,40.78406073778751
159,168,53.36334358902968
159,169,53.32930490269064
159,170,50.29218033586949
159,171,16.280938967698603
159,172,17.139298699010396
159,173,30.10449836443877
159,174,32.09992008321569
159,175,11.144787215656834
159,176,22.93346220030071
159,177,-1.4194331204271293
159,178,37.17486080554227
159,179,22.032337449832994
159,180,44.343110867579526
159,181,5.846198870247463
159,182,48.919086200607126
159,183,29.30970601079389
159,184,4.669608277035877
159,185,17.787312619679142
159,186,13.991421288039419
159,187,-0.5420290784895769
160,1,123.43375441142416
160,2,116.62980210901878
160,3,98.5178998414849
160,4,109.8922608826324
160,5,95.31199528575235
160,6,129.6507186423405
160,7,93.11653981033305
160,8,97.66384259670303
160,9,109.19459068821016
160,10,122.08683990268764
160,11,101.81020997624728
160,12,115.81229258245003
160,13,129.89512595519045
160,14,109.40148886112729
160,15,126.82405502220354
160,16,113.37001351231447
160,17,117.64422242458386
160,18,125.65854771139857
160,19,113.74614060903696
160,20,118.00626649514015
160,21,122.75067974121339
160,22,114.1609555992327
160,23,116.15524409010686
160,24,120.05743946754228
160,25,113.06486665239208
160,26,99.1286017345119
160,27,110.36937812741235
160,28,96.56067895315937
160,29,139.31152577573084
160,30,111.06136388349842
160,31,99.69806702341157
160,32,122.39866385034111
160,33,118.83379347803566
160,34,117.2043911243527
160,35,112.64453419591155
160,36,91.70278526101174
160,37,96.15136466678086
160,38,109.12151342646393
160,39,115.81522206818772
160,40,106.22117692056054
160,41,116.19309436404001
160,42,101.8736692082166
160,43,107.83317328309931
160,44,134.28791389926482
160,45,106.11412255599862
160,46,102.51915890380042
160,47,104.56538213918247
160,48,117.86586567504855
160,49,121.14749809805653
160,50,121.35943710228457
160,51,101.33660937551758
160,52,122.30634209843993
160,53,121.190321105365
160,54,102.94930441855104
160,55,112.49732080286049
160,56,123.24882998113753
160,57,94.33865520853578
160,58,114.96220217992231
160,59,103.31179651128332
160,60,112.58564987769932
160,61,108.92674624965002
160,62,103.81458596370067
160,63,125.56828930453048
160,64,117.26491247038939
160,65,112.46762655713246
160,66,94.09887994467863
160,67,90.87103583157295
160,68,104.5302552860594
160,69,73.24783791731898
160,70,105.24368797991337
160,71,114.19901070855121
160,72,109.9729706645594
160,73,86.93654439964303
160,74,96.72940706052759
160,75,106.93993853411666
160,76,102.31744384950434
160,77,100.59146474144654
160,78,96.06641296808084
160,79,93.68047405165271
160,80,107.37128321227647
160,81,90.9005225687797
160,82,112.33506238537666
160,83,99.25583156802168
160,84,88.69064881502709
160,85,105.61088303969154
160,86,99.21514954850863
160,87,109.53597097678721
160,88,81.28405406849197
160,89,102.61966192178807
160,90,94.97441927239561
160,91,103.8791553843912
160,92,99.9818874633711
160,93,75.11854020428291
160,94,89.35677633511659
160,95,66.19214718283911
160,96,94.52518574518035
160,97,73.95953380184073
160,98,70.97771468966675
160,99,81.3738402978488
160,100,94.47991919904598
160,101,82.87863821280189
160,102,87.71577810618328
160,103,52.71897758000705
160,104,88.927960210749
160,105,89.07620750077331
160,106,79.92001570451976
160,107,64.59119641694997
160,108,69.69511247370974
160,109,62.590932714891096
160,110,74.84204719647823
160,111,67.12104444919532
160,112,94.13841899787076
160,113,54.56946977978805
160,114,73.94989570547477
160,115,75.25911126077699
160,116,46.152352987577615
160,117,59.26384244464134
160,118,68.22102054374409
160,119,66.08291161249508
160,120,72.27410599290306
160,121,49.74403094032459
160,122,45.41417692581308
160,123,42.200994987782906
160,124,78.35236994834122
161,1,142.54352044914413
161,2,159.17382215082034
161,3,161.9932062404332
161,4,165.68495139068546
161,5,163.98850374687754
161,6,145.96155378700496
161,7,133.83652839672868
161,8,137.20998330374277
161,9,184.43468056139682
161,10,158.42803793234634
161,11,151.3033483713225
161,12,139.5125886404785
161,13,136.34138681266631
161,14,152.33322149377636
161,15,132.2520372774161
161,16,168.38301913126634
161,17,135.96007598729193
161,18,169.47816445599165
161,19,153.10399363225588
161,20,161.01246519212873
161,21,143.31732380430913
161,22,128.67573105567863
161,23,154.8990143945557
161,24,151.09081641128432
161,25,146.3412546780164
161,26,170.12207197952375
161,27,154.60867683460674
161,28,113.9091005491864
161,29,142.26097175000905
161,30,152.93974616660125
161,31,147.00594719664514
161,32,146.71159893507138
161,33,144.4469740208733
161,34,169.84970514340966
161,35,152.8984456966864
161,36,149.7573952768871
161,37,136.30515083128557
161,38,147.1645770001196
161,39,180.32213279043935
161,40,162.1723131653489
161,41,150.15369421465584
161,42,130.39876179669227
161,43,148.4342184218258
161,44,135.69392940636317
161,45,164.94685527552792
161,46,156.62019770180632
161,47,152.3013759045134
161,48,142.64094856757583
161,49,145.77159505308373
161,50,150.7821375997737
161,51,157.09227599437872
161,52,146.53320355729375
161,53,156.09789674821513
161,54,143.002934469936
161,55,143.56188550539082
161,56,146.84503166650393
161,57,149.86369071593072
161,58,137.15288880997832
161,59,130.52399269992748
161,60,152.0347647859162
161,61,141.0814498959444
161,62,150.59770391552593
161,63,136.98031931619335
161,64,172.11437417325942
161,65,147.5737774081863
161,66,139.72998315791483
161,67,144.43524084280943
161,68,165.82452997682412
161,69,146.46305034726538
161,70,146.54016861921264
161,71,153.1445307074755
161,72,144.1781126828282
161,73,119.3841075843302
161,74,152.45060973611544
161,75,131.31335287188267
161,76,127.87366088909039
161,77,170.1985069419825
161,78,115.78066042105638
161,79,156.4888337075172
161,80,153.81762357081607
161,81,114.73255758346932
161,82,149.8153351902729
161,83,144.52065765231237
161,84,123.7164256513206
161,85,137.22464670253976
161,86,113.97150818428054
161,87,149.77088115854713
161,88,152.67622357084474
161,89,130.22221440770954
161,90,159.45065366681956
161,91,123.67451196920592
161,92,144.35714554568403
161,93,133.06685337122326
161,94,125.27749882540229
161,95,153.2183346972015
161,96,139.03959050977573
161,97,109.97414258935896
161,98,138.95454059368058
161,99,123.58529871881183
161,100,125.14810121814662
161,101,154.60828507492988
161,102,137.0656923364877
161,103,127.54108467458718
161,104,128.1813635201397
161,105,130.07250651701906
161,106,114.5648823883239
161,107,141.09398251921812
161,108,104.60274024406681
161,109,123.63768093339604
161,110,117.3472022937276
161,111,91.48525485918799
161,112,132.55966828289093
161,113,117.11564491358149
161,114,146.22042992323986
161,115,113.09513915874413
161,116,90.78533460204198
161,117,123.52298781034915
161,118,110.39189392417029
161,119,112.15292566839344
161,120,125.2508630727607
161,121,115.83677048516256
161,122,130.3205147065819
161,123,114.03973887819302
161,124,126.24753524701373
161,125,100.0339173946486
161,126,117.48829299030331
161,127,113.44778203088936
161,128,118.10243516798073
161,129,105.4258237788381
161,130,118.82730427560455
161,131,102.08999770423543
161,132,100.43189753330807
161,133,89.19364959343511
161,134,110.14806884844438
161,135,96.07643280426419
161,136,69.1477671942921
161,137,85.89990125147597
161,138,111.32752749967767
161,139,59.386151593673276
161,140,102.10218465022626
161,141,100.244942717909
161,142,81.70346026630432
161,143,84.4047639683995
161,144,103.12654579629452
161,145,79.28703200264135
161,146,91.67130419862224
161,147,81.28820794579224
161,148,89.96164437691186
161,149,83.17656690847798
161,150,89.7129765989157
161,151,59.42207072277233
161,152,74.81019993708469
161,153,82.03151622206497
161,154,45.09252330788149
161,155,62.00190726702567
161,156,49.789205184264574
161,157,74.13506252293155
161,158,60.336446189881826
161,159,76.90313228381274
161,160,66.11212588775379
161,161,61.989861966096214
161,162,68.14476220262804
161,163,62.36228066894546
161,164,49.18485631398653
161,165,42.7702196987957
161,166,42.708477924337785
161,167,18.66122859105235
161,168,27.800277745445783
161,169,12.827632576416363
161,170,19.424787433701567
161,171,30.44980627226323
161,172,25.706046154515207
161,173,21.628129733973765
161,174,31.590046581426577
162,1,162.9539883683683
162,2,141.88893624251796
162,3,149.86341611199168
162,4,159.44254572588397
162,5,150.33974743205908
162,6,182.18119902408216
162,7,144.96970780923584
162,8,181.93039075409615
162,9,161.36107399420143
162,10,146.5222847055702
162,11,140.60414712249622
162,12,155.80132522909116
162,13,169.30833400788833
162,14,180.86434650480078
162,15,154.84533643969917
162,16,133.6295703572323
162,17,158.14768202668347
162,18,170.65735814692016
162,19,158.27384034193528
162,20,176.869804966409
162,21,151.4195708361367
162,22,167.34044549256942
162,23,155.43171193914895
162,24,178.1104606557128
162,25,143.37812254789606
162,26,162.7322480140283
162,27,150.73852686406462
162,28,147.4981784826814
162,29,157.40006094684213
162,30,152.44484156155522
162,31,159.66278954517475
162,32,170.84500884803128
162,33,170.91211917807232
162,34,152.3177014562316
162,35,143.2957887405064
162,36,163.08446983294562
162,37,175.5694914776468
162,38,163.5406146743626
162,39,170.9658758319274
162,40,176.27076904183923
162,41,161.35107763834822
162,42,126.2775098172715
162,43,150.31614650612755
162,44,160.50244094061782
162,45,174.14049489456374
162,46,159.31061959432554
162,47,157.31991500449658
162,48,167.56043723095354
162,49,143.02854797524924
162,50,154.66411124137812
162,51,169.90713786216656
162,52,150.94366150354472
162,53,167.54051596723002
162,54,179.53421388070274
162,55,160.33817318211368
162,56,136.86201500747848
162,57,186.54031879425747
162,58,145.18565530813066
162,59,136.62188848286314
162,60,146.62557761193602
162,61,154.42120327654993
162,62,151.17042776629387
162,63,155.44053350725153
162,64,158.44413667885237
162,65,145.15742182087706
162,66,173.72844069368148
162,67,136.91306590876775
162,68,146.23518413295096
162,69,152.0196319024908
162,70,144.23430018856016
162,71,165.17464848596865
162,72,158.90332658174157
162,73,141.04738256511337
162,74,153.65970247631049
162,75,146.08540226320474
162,76,170.1320654305964
162,77,157.581111764237
162,78,154.0131534460379
162,79,171.87548330784193
162,80,141.45236850785295
162,81,164.58013907599525
162,82,161.00400677465223
162,83,162.4774523875094
162,84,148.68644440396747
162,85,135.15990990067075
162,86,133.5912441967812
162,87,166.9009736728185
162,88,139.72042733468697
162,89,140.11978402645036
162,90,156.11749147823866
162,91,134.3490406338824
162,92,134.83840806309308
162,93,128.59643060020608
162,94,134.21535513651907
162,95,140.3446980310473
162,96,143.72821230660338
162,97,126.3002017728868
162,98,155.90192613992986
162,99,146.87957399444713
162,100,156.43030856907717
162,101,132.58305279555498
162,102,134.68505703827395
162,103,143.3171019283982
162,104,154.80504272063263
162,105,152.78730616266694
162,106,134.3004295099454
162,107,132.59649303792685
162,108,143.36654197941243
162,109,142.86943596576748
162,110,146.74698472057207
162,111,135.74338376773812
162,112,150.92023048469855
162,113,151.2452075198962
162,114,152.7717800686296
162,115,129.14065941238368
162,116,141.9823966857075
162,117,129.928550558383
162,118,144.8450160766297
162,119,121.37073202665488
162,120,126.58987407821405
162,121,119.60757762662979
162,122,112.7269113619841
162,123,120.21385604028183
162,124,116.80570100024488
162,125,133.61083179920388
162,126,131.66092522921826
162,127,152.04043409585574
162,128,110.27935108929523
162,129,119.47112461254437
162,130,114.48262382928078
162,131,136.17327119332185
162,132,131.9287014146903
162,133,134.53391754005133
162,134,136.0158470358947
162,135,124.69328577761917
162,136,144.73676983686164
162,137,120.94121415343398
162,138,141.6795647810577
162,139,136.789239997408
162,140,151.10268345710938
162,141,93.07886826700997
162,142,135.8772922420685
162,143,118.80839809390454
162,144,97.91024737284897
162,145,106.32835402849014
162,146,142.00645430794975
162,147,123.69851384315552
162,148,107.11765442883188
162,149,117.34836159618135
162,150,97.12061569598882
162,151,89.38127453909692
162,152,98.44694972217258
162,153,78.88139434817276
162,154,97.92958550883486
162,155,127.01836516391631
162,156,86.80349287303397
162,157,116.54156157440593
162,158,96.37828881217138
162,159,110.70307948139089
162,160,122.02879292127182
162,161,115.6774933107663
162,162,85.03381746845116
162,163,118.54088176606456
162,164,75.03168117523455
162,165,84.32337005275622
162,166,112.67777256898262
162,167,106.30424955200579
162,168,69.2797315428179
162,169,77.54096237131307
162,170,89.89830807018006
162,171,104.47239755401824
162,172,91.97729548656935
162,173,72.24830019557703
162,174,71.41082051379635
162,175,96.85320000634238
162,176,76.62672785561881
162,177,85.17050943805953
162,178,75.57332589387806
162,179,91.12650951292744
162,180,84.49943484237883
162,181,86.81460924045678
162,182,85.78750636646873
162,183,94.40553189891943
162,184,52.93132524457906
162,185,57.836070238212415
163,1,133.28484022343764
163,2,127.41693441327516
163,3,101.76382678857772
163,4,124.97728413195
163,5,124.02379362736247
163,6,148.7386641001067
163,7,126.94413875345344
163,8,122.2603969577467
163,9,150.5574493886961
163,10,108.71082412661053
163,11,126.03166533586045
163,12,121.01815400469059
163,13,138.37322137971205
163,14,144.30301710417552
163,15,145.06808691837796
163,16,146.34924941909412
163,17,125.69131423795625
163,18,93.79245839241776
163,19,131.27706394771667
163,20,134.27276407201862
163,21,120.84367885216489
163,22,134.50433988146688
163,23,93.68894668206485
163,24,125.72047892891715
163,25,122.15001215109078
163,26,134.93062781354092
163,27,140.9929180778563
163,28,119.0609485279565
163,29,124.98629327386152
163,30,111.6520397606073
163,31,120.74251467700378
163,32,123.39072521155322
163,33,149.89170438284782
163,34,132.7892311036121
163,35,120.49858190680243
163,36,138.39362640165928
163,37,114.74279249453684
163,38,122.04945451601088
163,39,126.10300694698526
163,40,130.1101151919429
163,41,113.86716077655001
163,42,128.15405940799246
163,43,136.19324718194548
163,44,129.48510906545562
163,45,128.7233540854868
163,46,117.95278123087337
163,47,124.75890387291292
163,48,120.04558751589502
163,49,110.21054505939537
163,50,130.68112342018867
163,51,146.28411436578608
163,52,105.92843624460511
163,53,118.37286977974145
163,54,105.21967117956956
163,55,132.7939971581436
163,56,139.02225301047292
163,57,105.78108733065892
163,58,129.5375146927836
163,59,122.93432012238918
163,60,88.06697627604444
163,61,137.57682734182163
163,62,123.59840587739018
163,63,135.3729123629455
163,64,131.56193521802197
163,65,128.7660333258318
163,66,120.89460075959505
163,67,122.02653256930353
163,68,124.57243261580152
163,69,120.87094467932184
163,70,122.87291359950905
163,71,123.38430582830915
163,72,135.6673864900804
163,73,113.09657319443795
163,74,101.22358935500961
163,75,129.45517729446146
163,76,134.77761569666472
163,77,109.85519740233576
163,78,137.21599845674064
163,79,117.83453093812568
163,80,105.90719534299569
163,81,128.93314259772887
163,82,119.69367549484741
163,83,112.86349844305369
163,84,120.10799795045023
163,85,121.25620523755788
163,86,103.8024388712729
163,87,107.102756048007
163,88,146.46295311747235
163,89,120.51546470214089
163,90,134.41539492525771
163,91,115.45755216880207
163,92,133.1479174358319
163,93,122.83066173464613
163,94,133.59631253811676
163,95,122.75641597102367
163,96,111.19088049237325
163,97,104.2777490414519
163,98,105.07169390710624
163,99,120.34088901435462
163,100,97.08094717477798
163,101,114.82952943554847
163,102,103.21251814651623
163,103,72.20746192389197
163,104,101.64101648610085
163,105,79.64765132499451
163,106,112.35677393036895
163,107,117.6804312660679
163,108,106.89149054777954
163,109,103.93634598067001
163,110,100.32095737826603
163,111,121.2050076095984
163,112,88.86925544060796
163,113,125.46553553047124
163,114,117.44585996035312
163,115,110.90477199874294
163,116,105.13879914977588
163,117,101.74180199678085
163,118,109.87599336768471
163,119,114.29183958866633
163,120,119.41022304229409
163,121,101.32189925992861
163,122,102.90887352501886
163,123,87.24018354732107
163,124,109.17172817444953
163,125,107.7009375914713
163,126,111.81604521896952
163,127,103.44108125303319
163,128,108.91847475944815
163,129,103.31606359085708
163,130,113.30192900334805
163,131,104.8242470787518
163,132,104.53606438759743
163,133,97.5096536534329
163,134,83.17146612181386
163,135,109.75318948910717
163,136,114.2593118423174
163,137,88.51907742999174
163,138,97.66117340690107
163,139,96.18632680677547
163,140,99.48747808174085
163,141,82.3607361195609
163,142,63.13577932707267
163,143,74.89666269913141
163,144,105.09017215357017
164,1,153.62127549746947
164,2,168.1037906890415
164,3,164.7064703888318
164,4,138.12796010931197
164,5,161.86755812212505
164,6,187.19674426556594
164,7,167.58351202275662
164,8,157.418996196051
164,9,171.02225682091375
164,10,164.69473075102724
164,11,164.13571312469867
164,12,185.79142252177553
164,13,146.31443255543854
164,14,162.83655262037064
164,15,180.5763590928691
164,16,185.54368692656863
164,17,158.35295196618972
164,18,169.83936070134223
164,19,154.24982998154883
164,20,188.87424029393878
164,21,163.6262216036921
164,22,160.86022319104086
164,23,193.7070894415374
164,24,160.54737898318126
164,25,165.10169492138812
164,26,171.33705770393135
164,27,166.57074007807387
164,28,180.8849799957752
164,29,171.51648201436183
164,30,170.68188801602082
164,31,162.08359219587874
164,32,167.73171366838505
164,33,144.45165765348065
164,34,167.9529410347168
164,35,166.52246139461204
164,36,154.3764144323577
164,37,165.24073436112667
164,38,157.00429821120633
164,39,192.796105263551
164,40,151.58124109158962
164,41,170.3061459328892
164,42,160.02045171621285
164,43,131.54110659889557
164,44,182.156317605426
164,45,139.10128628609527
164,46,200.55393468216062
164,47,179.23402685705514
164,48,154.08980384786264
164,49,152.39047038040007
164,50,201.04919696946308
164,51,137.94060702278512
164,52,139.32125866864226
164,53,154.23727507346484
164,54,161.6544327520678
164,55,153.08663831476588
164,56,175.273301842426
164,57,177.364162520862
164,58,158.94095677516452
164,59,159.2803573577985
164,60,178.09898949588387
164,61,175.43879998564807
164,62,147.251163166482
164,63,162.49375144758233
164,64,160.00511766705313
164,65,170.12415601054818
164,66,145.43964715339825
164,67,146.12818858265382
164,68,169.09759430120903
164,69,167.37160522628983
164,70,155.08262601932802
164,71,165.7861281630685
164,72,138.60893998100073
164,73,142.33206824031367
164,74,145.89743494939466
164,75,170.979429190651
164,76,175.64974696185527
164,77,155.2777438885314
164,78,143.09036892157746
164,79,161.30527055379935
164,80,151.63957496723015
164,81,153.27964368671383
164,82,154.85881674000848
164,83,179.84533766507957
164,84,172.95543984280084
164,85,170.21372800698737
164,86,139.09952795680874
164,87,140.386485080664
164,88,122.954425140495
164,89,151.01483313951758
164,90,171.0402853970445
164,91,123.58161723252124
164,92,143.56049412640277
164,93,165.24395885423291
164,94,161.0785165053021
164,95,162.8813894372288
164,96,180.6564690498708
164,97,149.7409033777949
164,98,170.69688877651788
164,99,167.5878815793185
164,100,112.1250303604902
164,101,172.10744104314654
164,102,170.6474790081338
164,103,161.94248640489968
164,104,148.7894485417928
164,105,141.81384348321444
164,106,167.95936758985044
164,107,148.4942269218227
164,108,146.44535268485924
164,109,118.26788646505884
164,110,122.76897338331764
164,111,153.76673221669625
164,112,111.75537706706382
164,113,142.82350779949047
164,114,129.13070014807454
164,115,121.12803349773458
164,116,139.49102604918153
164,117,166.3746031575938
164,118,161.56101098150248
164,119,119.78027862377348
164,120,112.81472022367961
164,121,118.13613754176913
164,122,125.13102221169538
164,123,121.35058597961324
164,124,117.51351717751095
164,125,122.95544679825252
164,126,121.76212437780487
164,127,128.40877629872557
164,128,138.18186628766853
164,129,128.22845024592243
164,130,98.81557919408806
164,131,126.78768189476978
164,132,152.70360679395526
164,133,133.73818357753044
164,134,106.11484359577298
164,135,174.46485465015576
164,136,116.15409979008109
164,137,150.4245831807275
164,138,109.56698821504688
164,139,111.71050430776086
164,140,124.24957880123111
164,141,119.44567200592428
164,142,132.43420310268266
164,143,136.40142688508786
164,144,101.01058948787977
164,145,134.43441315865493
164,146,139.0636792216901
164,147,112.64733298044303
164,148,125.6836469759146
164,149,113.6998109771157
164,150,100.43973919840937
164,151,91.82656797659001
164,152,109.12383047935873
164,153,136.07583809389325
164,154,107.65952413287596
164,155,93.76618920488545
164,156,94.1614758994765
164,157,109.71095719907316
164,158,96.33941971907188
164,159,110.3961637984903
164,160,94.82144683941442
164,161,97.50823853651673
164,162,98.60487097859004
164,163,88.84585706733924
164,164,92.9887439047161
164,165,98.70149295507872
164,166,99.15815549114632
164,167,61.87837055789714
164,168,103.26640046028479
164,169,91.71229970933928
164,170,78.09133436809498
164,171,68.34127099315083
164,172,105.22525065041555
164,173,81.20800171011797
164,174,68.34956269333634
164,175,75.53797307172499
164,176,71.01363106773351
164,177,59.14393011800712
164,178,73.36794679160084
164,179,54.598512599855894
164,180,61.07084532376757
164,181,48.44326691581955
164,182,53.15375600086554
164,183,84.25418486354465
164,184,55.09523738222924
164,185,46.60720783474244
164,186,50.771032546210336
164,187,51.65203936261969
164,188,34.01041613121197
164,189,59.42145680529211
164,190,30.783781064485083
164,191,36.88404644602997
164,192,31.575554192597338
164,193,24.79555077535042
164,194,48.71596075224079
164,195,51.504888308321824
164,196,25.032844216875674
164,197,5.332643518173427
164,198,22.739237949703238
164,199,21.46402816765476
165,1,152.6105594665787
165,2,133.9181136876723
165,3,144.78254334037774
165,4,133.5082872189596
165,5,142.6143627704805
165,6,149.36529258664814
165,7,155.60568379361212
165,8,124.94119274771947
165,9,126.2272936798181
165,10,139.40183834076015
165,11,155.5531543183024
165,12,153.36665953928605
165,13,150.26268144484493
165,14,148.77178820435074
165,15,138.37459659105662
165,16,123.64522999064502
165,17,132.21980359348527
165,18,162.61505070952262
165,19,133.93211670804885
165,20,121.96220687751338
165,21,164.75971365428995
165,22,140.08703676889854
165,23,173.12200058405142
165,24,118.05602232088859
165,25,112.5396669936672
165,26,130.2898151176778
165,27,162.13531975488877
165,28,157.73255171860364
165,29,135.5984689504694
165,30,152.9298062918897
165,31,143.54775156136748
165,32,151.2930166924416
165,33,137.84166415589425
165,34,139.8652907908472
165,35,130.86410851354594
166,1,158.59954822190775
166,2,168.51685681167874
166,3,175.07877194404864
166,4,150.60375959414523
166,5,169.0853214918825
166,6,174.22682112125767
166,7,162.95870563979406
166,8,168.56929123991722
166,9,169.92896163546538
166,10,159.45856469327555
166,11,138.4602727333331
166,12,145.57704182124144
166,13,141.57671105692134
166,14,141.87490353410976
166,15,133.15069877501082
166,16,149.4165634767851
166,17,123.12961919862573
166,18,162.66246440493705
166,19,158.81130400454276
166,20,154.8502333724755
166,21,160.678678638571
166,22,125.65323216728575
166,23,156.07232483683765
166,24,150.56544163348735
166,25,146.38604852764547
166,26,136.93952699723013
166,27,156.42036942819686
166,28,148.9645983157825
166,29,151.5992564456028
166,30,141.36511132329906
166,31,170.3845825757453
166,32,128.88227419405302
166,33,154.3095012005142
166,34,160.47247887280537
166,35,154.23528286379587
166,36,136.1675326466284
166,37,147.76133744344406
166,38,140.7058087006444
166,39,143.24519247232092
166,40,132.13305813898478
166,41,153.55209797799034
166,42,149.04668853875773
166,43,130.70196278146614
166,44,147.392388249762
166,45,143.96585699105344
166,46,169.58164103415038
166,47,152.82507255021483
166,48,157.75887156435783
166,49,143.81521811241691
166,50,129.60215865655482
166,51,119.47498524234834
166,52,140.75592140069784
166,53,142.5165991767717
166,54,149.741641918612
166,55,158.37432701034413
166,56,140.7230398748652
166,57,118.78297999136703
166,58,125.8218722169695
166,59,141.18882384722383
166,60,168.0820676067524
166,61,145.08687665289472
166,62,165.1921771008274
166,63,168.591520338181
166,64,145.20974853148073
166,65,167.54444706306822
166,66,133.79398730841058
166,67,155.87309732408175
166,68,143.98101173988834
166,69,153.65397715743165
166,70,145.62414336913935
166,71,154.46735515399632
166,72,139.30102918844932
166,73,138.2354209672776
166,74,150.51684930156625
166,75,162.34242320634803
166,76,154.93530652292975
166,77,152.0711428538416
166,78,129.2343034497244
166,79,145.06216229219717
166,80,157.34442875623063
166,81,151.37309526345052
166,82,132.84830387357943
166,83,151.01953170274646
166,84,143.72582890656486
166,85,137.79577220318606
166,86,124.58212157927483
166,87,154.78787563170044
166,88,138.08864036283921
166,89,153.1538486348145
166,90,141.54086453837954
166,91,135.6086538622476
166,92,141.0020947090743
166,93,157.82964471585728
166,94,130.62250349178794
166,95,135.8404474612471
166,96,134.54916562089784
166,97,112.5952535122342
167,1,151.02458649416076
167,2,154.27330689059454
167,3,143.5995895910819
167,4,160.99133779569092
167,5,152.89174657330295
167,6,167.03443026493187
167,7,143.0460944710503
167,8,155.2736382068615
167,9,156.82669262738636
167,10,171.0579594423034
167,11,151.54441502720147
167,12,157.2447893250719
167,13,149.4273601431487
167,14,135.87962568990042
167,15,145.87072985259874
167,16,134.4715273285983
167,17,124.4611489602903
167,18,132.78082315382926
167,19,164.66876923770906
167,20,144.57264488052897
167,21,148.68188623270544
167,22,156.29612046895636
167,23,151.86394818546978
167,24,137.3554263809856
167,25,135.93171736443765
167,26,143.30850028060377
167,27,146.39751690123376
167,28,152.450157444473
167,29,158.66991899163986
167,30,143.9280020917431
167,31,149.97202867623855
167,32,140.50750290662108
167,33,158.3238353558263
167,34,178.4618647278985
167,35,132.4660176499674
167,36,136.15987306054012
167,37,153.0445059738704
167,38,158.796172647606
167,39,153.528762586815
167,40,144.3924284140885
167,41,146.8265517472173
167,42,165.63706150575308
167,43,147.9083284933149
167,44,173.2562651758999
167,45,143.3352599688733
167,46,171.53068698707648
167,47,144.98908351727005
167,48,125.31836872194253
167,49,145.150391328556
167,50,158.26751668725046
167,51,148.77307683898835
167,52,131.96964892519463
167,53,137.2195704262558
167,54,123.93550237056479
167,55,139.87206829879142
167,56,141.20189751416183
167,57,128.35275075801474
167,58,132.86068815893668
167,59,150.63998856410035
167,60,134.4812619489312
167,61,149.56559456976538
167,62,147.2853373167818
167,63,139.045202033456
167,64,138.88948780811188
167,65,135.33121372010646
167,66,136.2168542920117
167,67,123.59716250304336
167,68,129.60353371904785
167,69,140.7072149093292
167,70,130.93238371777989
167,71,153.67666108780395
167,72,124.72313327158918
167,73,141.71821695072867
167,74,152.19847540184855
167,75,128.36623047933244
167,76,120.2080257644484
167,77,120.19694665260613
167,78,131.9817324338146
168,1,144.28568906061264
168,2,134.38858489174163
168,3,127.72104228928947
168,4,142.11549697028386
168,5,145.56078985399654
168,6,127.25842969595396
168,7,135.58377537338674
168,8,132.69512993448006
168,9,156.66809932082833
168,10,137.62230248307606
168,11,129.78662950704165
168,12,133.12093158604694
168,13,140.40859538329096
168,14,156.72987790179468
168,15,141.88272430769575
168,16,143.81847844833828
168,17,113.2031048178178
168,18,128.19070671803638
168,19,110.41441801594192
168,20,117.05347650761541
168,21,143.19480574545742
168,22,126.76576746068167
168,23,125.27171357651969
168,24,143.92134069273743
168,25,145.29353603914205
168,26,136.58108566272858
168,27,113.5113796980877
168,28,147.41925682457804
168,29,123.91772515004413
168,30,119.98935561601684
168,31,134.52507887115644
168,32,132.95311279185262
168,33,159.38121583537577
168,34,126.90865972053143
168,35,131.67516421413166
168,36,127.43586863204837
168,37,144.2302246264444
168,38,128.04474515343463
168,39,135.52853118806524
168,40,125.20749869074643
168,41,114.18973271899449
168,42,129.24228800451237
168,43,123.28206669097563
168,44,128.29578662174754
168,45,141.39999853354675
168,46,133.50149183969916
168,47,135.98969445856346
168,48,129.70809865718184
168,49,129.7169136175944
168,50,144.13673990119423
168,51,146.51372955544502
168,52,137.64978464752494
168,53,141.68862177915435
168,54,131.67578453785245
168,55,163.86860412423266
168,56,106.62206330747722
168,57,129.1710012201729
168,58,135.3971165933326
168,59,147.62402003988245
168,60,136.02947451484215
168,61,120.36632075934176
168,62,125.14667154103518
168,63,139.11643585962156
168,64,160.9826807927093
168,65,117.255985199321
168,66,134.3048373688507
168,67,124.37673704196641
168,68,133.6253522755651
168,69,123.84035738830426
168,70,123.5433430252233
168,71,129.54611234358163
168,72,121.25838559317344
168,73,114.58999377890723
168,74,130.86344449075114
168,75,113.4257072098917
168,76,138.4823630601677
168,77,117.04426957768737
168,78,125.01049755932763
168,79,102.08903173733415
168,80,118.01277919743006
168,81,129.2261015012482
168,82,120.91573208417685
168,83,125.1225795723658
168,84,107.12594621921016
168,85,141.2788878509091
168,86,115.4975081244338
168,87,138.84171144595166
168,88,118.87319783430576
168,89,115.63821894136345
168,90,133.2918985198412
168,91,102.09807883689064
168,92,85.24788924421591
168,93,123.08246466365381
168,94,100.81189653521142
168,95,95.27026721175207
168,96,112.55461350397673
168,97,104.81115119268361
168,98,122.77262801778124
168,99,100.37305633009964
168,100,103.4497421161359
168,101,104.79074717150797
168,102,118.18527117003396
168,103,114.94683371079009
168,104,123.64965688348457
168,105,111.3140648963963
168,106,111.51237561319431
168,107,120.36131043426576
169,1,110.73157756008004
169,2,103.04181841211539
169,3,116.38474254155153
169,4,99.714415038281
169,5,108.19537153701094
169,6,103.60643243160303
169,7,110.86169901079847
169,8,98.4704062703313
169,9,111.17894508818426
169,10,113.27444075313542
169,11,83.07354329542432
169,12,101.36525047574833
169,13,91.21687370455766
169,14,132.48676990227978
169,15,95.19909723810997
169,16,128.13526810245094
169,17,121.36287927177182
169,18,120.76047353596368
169,19,127.88052390275698
169,20,116.59334024981217
169,21,132.68890297749022
169,22,108.07494594433956
169,23,107.91275843958283
169,24,104.86716739959229
169,25,105.88445040020451
169,26,114.7751102010443
169,27,129.42502082030114
169,28,105.26068286186637
169,29,105.80128099112335
169,30,104.8924535494516
169,31,104.68820281940862
169,32,98.39757443353301
169,33,96.65767162672273
169,34,105.64219600410433
169,35,116.74970898117317
169,36,105.92617403039185
169,37,103.91034887791466
169,38,112.79848900843353
169,39,127.72852721944219
169,40,93.00654509059677
169,41,106.55279405134206
169,42,115.97867555582343
169,43,93.37903281229956
169,44,110.41002091122937
169,45,91.04813536507572
169,46,102.98626905232231
169,47,104.66411851622252
169,48,87.56093637592858
169,49,126.79580222309596
169,50,107.11324822628376
169,51,100.58388539793668
169,52,97.50440047126904
169,53,117.37735303883528
169,54,123.04314421390154
169,55,77.98385156910808
169,56,96.61070211193874
169,57,129.56504187170503
169,58,108.56123072704213
169,59,95.69568860925938
169,60,111.27719075093046
169,61,124.85356934345327
169,62,127.52096137030458
169,63,91.69762208742759
169,64,104.58088146674709
169,65,117.41206007808069
169,66,100.82130368822982
169,67,104.33488255468546
169,68,106.72536485791352
169,69,102.82892408569023
169,70,115.11247340074624
169,71,90.82383922012377
169,72,109.66242097817303
169,73,95.98386986133119
169,74,119.13039873281377
169,75,102.06868065743765
169,76,88.43961905927426
169,77,113.63947365763306
169,78,90.27223962912103
169,79,97.0646384820866
169,80,102.01175665829214
170,1,137.78866325251147
170,2,150.92664640324801
170,3,145.1127336193531
170,4,140.77849940639135
170,5,121.2151856049677
170,6,146.19352822351357
170,7,162.76956904646067
170,8,122.70347127653804
170,9,156.268384472678
170,10,119.01811097897735
170,11,148.58718207613128
170,12,134.64808065999387
170,13,141.57735188320657
170,14,155.27378425375355
170,15,116.62568429527892
170,16,126.11939140937466
170,17,133.57140525388968
170,18,127.86305840480054
170,19,126.83233265571471
170,20,152.20493843909207
170,21,139.54601610376267
170,22,138.53339276261977
170,23,150.90777697236626
170,24,145.41018423864443
170,25,122.76264263339544
170,26,127.48449498417176
170,27,148.33995042466267
170,28,147.30971760419197
170,29,131.11365678234142
170,30,150.31120993060904
170,31,138.34843031334458
170,32,144.41917525282042
170,33,138.33849290032958
170,34,152.42631083983724
170,35,122.04040818686917
170,36,146.1463368443001
170,37,153.4112487678649
170,38,159.63860842506983
170,39,133.16675047275203
170,40,156.4456611552887
170,41,155.9766090629637
170,42,151.37655628361972
170,43,119.57462625313201
170,44,121.09443901105988
170,45,138.46341001359542
170,46,148.95279358948028
170,47,131.90332823634526
170,48,137.14247332104424
170,49,134.8183605428494
170,50,133.91452948049846
170,51,140.750200018927
170,52,136.72486525896966
170,53,130.9760881331531
170,54,131.1612616145867
170,55,153.85133105333807
170,56,146.79164988883713
170,57,114.85482669746125
170,58,159.39699182748882
170,59,127.76315455030272
170,60,151.44053644615633
170,61,118.01896698698692
170,62,134.54210824223992
170,63,142.76835184347874
170,64,145.61504668527778
170,65,138.77728567481245
170,66,134.79495066967502
170,67,146.2773340839194
170,68,131.96794276617584
170,69,135.20472063843044
170,70,148.5141943725539
170,71,139.8160329886523
170,72,159.9593407166758
170,73,138.95765926744207
170,74,123.79082816847949
170,75,132.4259404740951
170,76,106.95984728217445
170,77,150.57240215866477
170,78,132.6012182261693
170,79,127.21144497882051
170,80,121.40999542557984
170,81,133.9254017958301
170,82,118.03709572293883
170,83,136.84218544562464
170,84,135.1739353346129
170,85,122.91892702417681
171,1,133.45332960106316
171,2,133.94945482323237
171,3,147.43501081568684
171,4,143.43926147784805
171,5,159.87986736174935
171,6,125.71435397714959
171,7,134.79320489241945
171,8,136.01317557432776
171,9,138.3993449827758
171,10,146.76246088140033
171,11,133.24342835721473
171,12,128.0540138006836
171,13,137.40722062599525
171,14,138.3340917784517
171,15,147.76255464144197
171,16,149.84685409719532
171,17,149.9702723976152
171,18,137.09491996860743
171,19,132.16038411323825
171,20,127.57456160972652
171,21,137.5556258072611
171,22,132.6414718265587
171,23,154.23208794221136
171,24,135.71322775976296
171,25,133.41869825030153
171,26,144.3055452163244
171,27,124.92904611302947
171,28,132.4784372501017
171,29,136.34925557053066
171,30,131.99735406228137
171,31,130.36999712508987
171,32,109.05401856745448
171,33,121.75205677760823
171,34,143.75482807459775
171,35,150.31522838831734
171,36,150.13467839249643
171,37,128.19105382625276
171,38,146.58608098016703
171,39,126.98290493615059
171,40,147.97730004046025
171,41,128.14418660080264
171,42,125.3497248418862
171,43,144.38325284206076
171,44,140.54682418094308
171,45,117.33832409000024
171,46,122.91812807089445
171,47,141.76387950016215
171,48,115.6359771835414
171,49,153.83901115225308
171,50,142.19649519760424
171,51,147.08211567999388
171,52,138.6372136529535
171,53,119.60894226854725
171,54,108.30680838441185
171,55,122.3966714121052
171,56,116.25743183014129
171,57,125.22320623375708
171,58,119.96356422737153
171,59,121.8994074077782
171,60,119.14247772730596
171,61,121.97279939638975
171,62,127.01864313155238
171,63,144.09909986230195
171,64,143.00134180385794
171,65,147.00384581319668
171,66,135.26837961710407
171,67,128.84002443624922
171,68,136.91975543566514
171,69,125.36754498138907
171,70,106.11837014275079
171,71,127.82602017718455
171,72,129.74696936502005
171,73,142.88285369663936
171,74,133.89521477385279
171,75,143.10835099381802
171,76,132.11672667826497
171,77,116.22326018832973
171,78,134.04579831732553
171,79,142.1326838408204
171,80,114.64689403060765
171,81,135.84303259731678
171,82,127.28177335196233
171,83,141.66051037429133
171,84,144.539368189151
171,85,118.60765642455954
171,86,114.26827508179122
171,87,133.5419264591328
171,88,107.25135386591865
171,89,128.3474349329772
171,90,138.31612895232684
171,91,103.69016300472867
171,92,107.15387017020112
171,93,105.00400053807971
171,94,133.84210375766997
171,95,125.18239152189199
171,96,139.35927892726613
171,97,140.43225022044498
171,98,120.32974711823772
171,99,130.48005246666435
171,100,105.17542690498522
171,101,142.73430265375646
171,102,93.48387765142252
171,103,124.50615246911184
171,104,99.19841736968374
171,105,135.6395298674688
171,106,112.86543128926132
171,107,128.57145365767065
171,108,138.95151490924763
171,109,127.35666028680862
171,110,119.82837853036472
171,111,118.85337632046867
171,112,113.28921939501743
171,113,96.10972328137723
171,114,123.40003215334582
171,115,112.68683232444164
171,116,104.45459367954754
171,117,118.76094322543213
171,118,123.35863472001074
171,119,129.49947248582612
171,120,102.3648519356284
171,121,121.0527578996116
171,122,122.48004522348492
171,123,119.57315791917063
171,124,106.87773663723056
171,125,111.49703530957049
171,126,119.99270561822777
171,127,114.74215884098521
171,128,127.46596113580745
171,129,127.28754809602833
171,130,128.43758067182353
171,131,108.55169707509776
171,132,115.00438927590585
171,133,116.36281809949287
171,134,103.12779849712388
171,135,121.63311917382089
171,136,98.68034961498051
171,137,123.19777917143074
171,138,134.98298749709647
171,139,101.44926733348257
171,140,97.24747412303986
171,141,112.45636792677396
171,142,120.1761841313928
171,143,105.85242151208513
171,144,113.22523030672892
171,145,121.34896912782278
171,146,94.82591725257953
171,147,85.33717676153174
171,148,105.89907583806053
171,149,108.65777287497622
171,150,104.58521699380071
171,151,119.4798028961086
171,152,84.86415779876552
171,153,115.11820221765083
171,154,124.326240747454
171,155,124.45192369105644
171,156,126.89248911430332
171,157,113.11613340244367
171,158,105.50181568643166
171,159,87.09971775238228
171,160,109.50869276605226
171,161,106.72100020645303
171,162,111.16437236699858
171,163,101.20835447001446
171,164,135.28717115123436
171,165,81.4675505714913
171,166,116.2978295742796
171,167,97.5644804398471
171,168,78.38048310829618
171,169,97.8229591988711
171,170,89.84569438089966
171,171,81.9483401123216
171,172,95.81837225990603
171,173,86.60140964799939
171,174,89.55446737907187
171,175,103.76386483742681
171,176,97.22627982086851
171,177,96.35875022344408
171,178,86.30708528049581
171,179,102.38408027331025
171,180,93.5894947513807
171,181,103.93744912051625
171,182,71.51115035297698
171,183,114.67577217304643
171,184,94.01485097385739
171,185,80.32666938613693
171,186,102.24265558574552
171,187,86.68675160678686
171,188,98.4008057213432
171,189,77.47185678211827
171,190,87.4771023443318
171,191,79.20835746781086
171,192,77.23337303821609
171,193,89.86859193860437
171,194,91.34843739448843
171,195,94.70165257229382
171,196,81.8237139519988
171,197,54.28406485719461
171,198,72.59393173226272
171,199,72.5434568589335
171,200,70.9791601267716
171,201,61.00252272897342
171,202,78.51021360995946
171,203,88.19816528649244
171,204,72.68982813427283
171,205,80.0338269390777
171,206,71.11566936557938
171,207,61.08021477319562
171,208,92.2418483989386
171,209,77.85639211711532
171,210,74.42374399619439
171,211,66.77517661268939
171,212,72.43739651316719
171,213,45.84175908245379
171,214,56.45566816700011
171,215,63.72195717186696
171,216,59.33198373563937
171,217,39.702941531752
171,218,69.43448656848341
171,219,30.376416822451574
171,220,76.5724595268548
171,221,58.906450455324375
171,222,45.21404679030093
171,223,53.046361320099095
171,224,71.84446928440593
171,225,46.04471930673026
171,226,67.12564622584614
171,227,68.67698181902233
171,228,56.03171840318464
171,229,41.91337332496187
171,230,76.57993624580558
171,231,59.08002819932153
171,232,50.60232822796388
171,233,42.964978196781885
171,234,43.85694012626482
171,235,28.53023574622057
171,236,45.983968877648294
171,237,36.29443776705011
171,238,37.27903199457796
171,239,55.19068023505679
171,240,12.636907580395928
171,241,40.888824160792865
171,242,31.701444748352515
171,243,37.51666309484426
172,1,132.7289731661076
172,2,147.5520702482754
172,3,141.73405886300316
172,4,133.4883456461248
172,5,124.17650896952546
172,6,127.18713514358387
172,7,140.39323474466073
172,8,126.9202633870882
172,9,136.38331248768372
172,10,136.33097182893107
172,11,138.05637090757955
172,12,155.05234028183622
172,13,137.08650033002777
172,14,134.1479420972173
172,15,173.37509498805593
172,16,148.57920668972656
172,17,142.87304835273244
172,18,129.59678955595882
172,19,100.22863011413574
172,20,149.5761048151835
172,21,131.80862776823778
172,22,131.9367273516109
172,23,124.81190852419968
172,24,113.29379755158152
172,25,131.3205224639387
172,26,117.64845032941957
172,27,110.98540158576361
172,28,136.83149247519032
172,29,117.62920330632187
172,30,141.92526587023895
172,31,125.03789861516998
172,32,130.290905411086
172,33,113.5709589485632
172,34,150.75023498651717
172,35,126.57300263916113
172,36,114.04828271840961
172,37,151.85256841348746
172,38,157.92950140257017
172,39,139.6497176367775
172,40,141.9745764763793
172,41,126.17634665262449
172,42,131.13964103811304
172,43,135.43573475669837
172,44,145.84328925298178
172,45,152.95572045305016
172,46,128.16936384383735
172,47,140.66471361148433
172,48,125.53700425248826
172,49,128.64853148232214
172,50,146.58195194367
172,51,126.48758495013317
172,52,125.8187311482252
172,53,120.26552770966373
172,54,118.4415690222304
172,55,133.98082999524195
172,56,115.32463464330067
172,57,128.49228028584912
172,58,148.58038118833792
172,59,93.48325037016912
172,60,123.37039698641456
172,61,130.2988850015754
172,62,134.16882432141574
172,63,141.40061870267527
172,64,129.40020045541314
172,65,100.45767081914528
172,66,139.54302713798097
172,67,146.59054992777965
172,68,113.86651419995178
172,69,123.10319773464289
172,70,143.91152119118487
172,71,129.03357193275588
172,72,118.22253291380912
172,73,142.06741056639294
172,74,124.43595503584947
172,75,124.38418029515742
172,76,109.96063073737605
172,77,139.6098868350091
172,78,126.18410830102948
172,79,112.50439780476154
172,80,115.26134375879337
172,81,123.60191299316648
172,82,142.09850915838615
172,83,128.64683092124324
172,84,105.039801681487
172,85,139.17182305005554
172,86,130.64869454967993
172,87,117.48992451073718
172,88,122.2660116085317
172,89,120.4563018202316
172,90,119.72848359693307
172,91,128.51515152844513
172,92,134.9457524934478
172,93,104.9294134217198
172,94,120.1500806322365
172,95,132.14772999412526
172,96,106.34491848803737
172,97,121.82635023423063
172,98,105.88766494620359
172,99,116.3037008389656
172,100,109.20580949458963
172,101,141.94231022403983
172,102,123.71925711307995
172,103,103.78925468396483
172,104,130.6764922727889
172,105,117.66874712542631
172,106,118.76444247846666
172,107,110.2772407780576
172,108,107.7157381835932
172,109,105.6129505817953
172,110,110.38056280708406
172,111,101.24170628999127
172,112,128.43163460739015
172,113,135.2835449604754
172,114,120.71291061014927
172,115,105.56431037547736
172,116,115.05151076422771
172,117,121.86416454736172
172,118,123.06018858667812
172,119,108.38556367903948
172,120,120.78702894342132
172,121,97.33557059064333
172,122,103.17217270170659
172,123,95.16202394101128
172,124,95.52626940562914
172,125,128.38459903534385
172,126,123.48770403239178
172,127,117.65027147773799
172,128,102.4030780328685
173,1,132.07289454162674
173,2,132.0950504092034
173,3,153.50360332920536
173,4,136.27620689403557
173,5,126.76884324535786
173,6,122.72563699434977
173,7,116.34672967271035
173,8,121.03486594922288
173,9,116.79822937025165
173,10,138.66093996408745
173,11,107.693131451706
173,12,114.27848882123362
173,13,149.97685535709024
173,14,132.22683039425465
173,15,112.37614040886547
173,16,113.89287765586778
173,17,143.7250065133776
173,18,126.75419071658689
173,19,125.3223592931754
173,20,126.28093892578909
173,21,150.42925753623422
173,22,124.12859962909715
173,23,138.58402612642385
173,24,128.9304747977003
173,25,134.65409722590994
173,26,146.6199903827146
173,27,136.08322550929734
173,28,148.7891854900372
173,29,128.19424823245208
173,30,124.94162689101358
173,31,136.61427029254992
173,32,116.81362879286462
173,33,118.43417798164592
173,34,124.56326614096906
173,35,131.4039044415258
173,36,122.09267444454599
173,37,113.99605213999894
173,38,122.05018236912292
173,39,130.49762630529585
173,40,127.97069778051082
173,41,140.89956091290514
173,42,96.85047892806324
173,43,110.7395032979257
173,44,120.52999071127124
173,45,129.76454154574458
173,46,104.79101140337298
173,47,140.01259278572252
173,48,139.89351493265713
173,49,112.83205489921966
173,50,122.98556829505833
173,51,127.0570996100214
173,52,119.31907578201935
173,53,111.71507586789085
173,54,138.07848623320024
173,55,115.50889244188875
173,56,104.67699513521802
173,57,111.10411476405716
173,58,110.61605865459569
173,59,118.46939407064201
173,60,140.0276471010875
173,61,141.67474450754526
173,62,119.9375653512252
173,63,124.68636808708834
173,64,106.52346831381874
173,65,104.26804724568501
173,66,123.52866742701735
173,67,115.01670689527964
173,68,115.6075020814751
173,69,106.10778854173259
173,70,119.21965577457013
173,71,106.96296560599149
173,72,113.37689539729763
173,73,119.90277872766455
173,74,127.16972068144969
173,75,108.54004092599644
173,76,121.43479442299576
173,77,124.61577075075184
173,78,95.28699327536742
173,79,108.81181717079016
173,80,107.78545789611235
173,81,72.65045319516503
173,82,78.41145984073228
173,83,103.33997552587243
173,84,78.08582863911579
173,85,93.73623439040966
173,86,105.08072545902542
173,87,95.39329736040963
173,88,89.41348972367268
173,89,115.56077526144509
173,90,81.48080757708522
173,91,78.02131074910722
173,92,107.62331030088535
173,93,79.6328124712818
173,94,88.75119669955166
173,95,111.82110469647887
173,96,112.2107478598191
173,97,100.29943186260061
173,98,63.020703476322524
173,99,81.96879605144932
173,100,86.32501583416888
173,101,82.81496388105734
173,102,80.99818598365528
173,103,69.55258143128594
173,104,65.47412698034168
173,105,35.25393186029396
173,106,94.64893780402781
173,107,55.274432940379484
173,108,62.24275593004131
173,109,29.871887381021224
173,110,47.87121124062105
173,111,61.040859173983335
173,112,65.6885795714079
173,113,47.39648183360987
173,114,64.57417903801252
173,115,41.18583320196922
173,116,71.98356883458473
173,117,38.45162972536491
174,1,106.54586858860421
174,2,118.95432159947086
174,3,136.031211071313
174,4,125.36197353032185
174,5,108.76280223702634
174,6,116.85099651152996
174,7,109.50217464689922
174,8,120.09202223733882
174,9,97.30295519582432
174,10,113.9445300990701
174,11,107.62994686223828
174,12,112.68778732437931
174,13,117.23087896826473
174,14,122.34494246608665
174,15,108.74929225054802
174,16,104.67433159770735
174,17,107.83628489193507
174,18,100.53121900470433
174,19,114.59701766077342
174,20,131.40910414720565
174,21,101.226283360651
174,22,127.22524000138947
174,23,122.84680996141833
174,24,89.92692123318557
174,25,135.01999866241385
174,26,120.88463085971307
174,27,99.44229810018442
174,28,106.19440441534971
174,29,111.57322393804498
174,30,130.3444628675643
174,31,102.23984566459694
174,32,92.40207875982742
174,33,103.529067384894
174,34,82.96594937585178
174,35,120.18645539581485
174,36,117.99820828242082
174,37,103.95698674910818
174,38,114.81372465838649
174,39,111.02266448621958
174,40,96.86777840874856
174,41,111.20312098423165
174,42,97.81960441693809
174,43,114.67123149473628
174,44,101.06940820429008
174,45,106.8715775018427
174,46,104.62444437653903
174,47,108.8950311235385
174,48,93.44116989777831
174,49,113.40748628953588
174,50,101.17872487491695
174,51,85.81938942746638
175,1,166.7327148237964
175,2,194.06784701113793
175,3,152.91826757774106
175,4,179.2580278941823
175,5,160.21187716224085
175,6,161.8635213045127
175,7,183.65819856609596
175,8,154.24122574618377
175,9,150.6493516704868
175,10,158.30893128775642
175,11,166.41336960576882
175,12,175.26342104149808
175,13,176.59974687243084
175,14,140.76020198983315
175,15,154.07443645157036
175,16,170.47408797870594
175,17,157.81742867077992
175,18,149.01597059240157
175,19,183.93442964964925
175,20,161.03758051024488
175,21,138.48852996132337
175,22,132.40208643840015
175,23,132.24536432971217
175,24,163.85645745768852
175,25,172.38883588215685
175,26,174.33985888634197
175,27,138.70821794601943
175,28,152.37218232714076
175,29,174.00500729652413
175,30,175.86088527721586
175,31,174.67085903079715
175,32,146.77593155968498
175,33,167.42129725965788
175,34,161.00438083884364
175,35,170.33237917504448
175,36,195.72420110886742
175,37,169.4870123746441
175,38,154.1805032798875
175,39,166.02415913648292
175,40,184.9254212802116
175,41,137.81884218346386
175,42,169.80960624173895
175,43,152.10352447339392
175,44,154.04068849004398
175,45,174.00161753613793
175,46,153.67649834573967
175,47,155.877951673785
175,48,167.35378699580906
175,49,171.74340303188364
175,50,178.18280865188717
175,51,173.9257065426791
175,52,159.22356111724366
175,53,144.81605544259946
175,54,150.77378828459769
175,55,150.3451143703569
175,56,153.47737825250078
175,57,171.02684651632444
175,58,179.08312435849075
175,59,170.2567019816779
175,60,200.30141777361132
175,61,139.09019766329584
175,62,156.62057971794275
175,63,182.74919758682518
175,64,162.30720428309724
175,65,162.270875101196
175,66,149.65294436937256
175,67,170.63157059039077
175,68,133.97672295276425
175,69,138.10141016339912
175,70,156.8413277452637
175,71,161.60063826709666
175,72,173.582649320997
175,73,159.5393561207893
175,74,146.1113830561444
175,75,150.21031891290477
175,76,174.9280472576429
175,77,145.02718010923854
175,78,154.11951511255756
175,79,173.39843289672717
175,80,155.33538345732813
175,81,161.50741866308817
175,82,161.86100417454145
175,83,147.8834256868795
176,1,205.5676477103043
176,2,174.37701279714383
176,3,229.9951653120297
176,4,175.85690696661186
176,5,179.76102334816096
176,6,197.65813676459948
176,7,233.37736193106684
176,8,190.1479771717859
176,9,176.14548470946465
176,10,215.1601415078112
176,11,207.39133037302236
176,12,192.23627754514746
176,13,196.1868251768683
176,14,183.36653781351924
176,15,192.0873394160153
176,16,187.34075266386935
176,17,230.13636554145342
176,18,167.08554456257116
176,19,187.11516057540575
176,20,218.88451576288207
176,21,203.92730779754493
176,22,197.037962528746
176,23,196.55450917263806
176,24,209.06852910248563
176,25,209.65915621269232
176,26,205.64324069327267
176,27,177.03085812968493
176,28,175.28510999517312
176,29,187.72588933962834
176,30,189.88819249143125
176,31,153.61513825463044
176,32,164.43636618096207
176,33,191.4775420672595
176,34,187.9481053727577
176,35,208.3638763869967
176,36,187.02744767969125
176,37,189.85622209316352
176,38,178.71406405883317
176,39,211.28176212933613
176,40,192.11976590463019
176,41,194.82403061374498
176,42,217.84584306567558
176,43,186.2739506974467
176,44,191.4632330788445
176,45,190.39574154601723
176,46,200.3481013626515
176,47,210.47212236929772
176,48,187.94369987137907
176,49,188.27025411863724
176,50,198.23553428705782
176,51,179.04453226707847
176,52,166.87114207880222
176,53,184.6266934856685
176,54,163.90010959140636
176,55,200.7966471064865
176,56,178.28105334631255
176,57,159.86325797691097
176,58,182.04578368837974
176,59,176.7068920971651
176,60,164.46312725441385
176,61,176.5978965605609
176,62,175.6225503256137
176,63,182.24829860478349
176,64,176.9509522155713
176,65,192.71999317732116
176,66,189.0049535647122
176,67,182.59626448707422
176,68,180.0407244306116
176,69,168.19198332324595
176,70,183.3485933555421
176,71,187.18914029886946
176,72,186.18955777420342
176,73,150.67718885507202
176,74,176.49605443944165
176,75,191.0288627115442
176,76,190.41825519796112
176,77,201.04036158887902
176,78,163.8160131157565
176,79,199.38041353943845
176,80,169.04620639551285
176,81,186.09430720889213
176,82,159.44922624404717
176,83,181.6885781405217
176,84,206.70286569075688
176,85,201.9228967657764
176,86,172.13431698184286
176,87,171.9256181484161
176,88,160.36586741283827
176,89,184.6615347177285
176,90,170.2795349768203
176,91,152.4794955511752
176,92,179.1551241984198
176,93,164.21985678150668
176,94,194.08788568426826
176,95,172.14253597748757
176,96,166.85795987097663
176,97,169.6143000486918
176,98,199.4281484904932
176,99,160.485855854713
176,100,189.02718866308714
176,101,171.72178701464145
176,102,178.6298766007967
176,103,176.67953988381487
176,104,166.79516609251732
176,105,168.7655645964769
176,106,191.39214078750229
176,107,169.8208716364461
176,108,171.51674437717884
176,109,176.2036267690637
176,110,150.87595812455402
176,111,188.48330458031705
176,112,155.9353898170957
176,113,167.63517195221357
176,114,169.493800551827
176,115,176.07516657054657
176,116,161.29231969978719
176,117,162.6715700470013
176,118,143.258334535436
176,119,184.24678330081952
176,120,172.7015225919531
176,121,140.62327119999827
176,122,167.94030182536517
176,123,161.64057259142282
176,124,149.55655658105388
176,125,161.7459263218625
176,126,145.40052004334575
176,127,155.05666889070562
176,128,138.19267964953906
176,129,144.76365104914294
176,130,162.9653162796676
176,131,150.44597108962625
176,132,156.32237241457915
176,133,132.05519380162877
176,134,155.20978109402495
176,135,147.61444478564954
176,136,144.10620802405901
176,137,158.21584016198904
176,138,154.38595346478542
176,139,128.0524908212683
176,140,154.11848070722044
176,141,158.18178768506186
176,142,159.16620383148256
176,143,131.13334219338867
176,144,153.4931511916584
176,145,145.16939516590355
176,146,142.79175141034648
176,147,131.97597157266136
176,148,146.80432700082747
176,149,137.59240993035928
176,150,124.28187501905632
176,151,133.4520277682168
176,152,117.06685134644795
176,153,112.74772765624948
176,154,115.76350303934305
176,155,131.44694637762586
176,156,141.47558959886373
176,157,136.33765023108572
176,158,125.54756693856325
176,159,130.12134715251887
176,160,128.77184612616838
176,161,95.48402421522769
176,162,125.89684106558707
176,163,114.95417954704317
176,164,95.62330752570415
176,165,98.93518951843726
176,166,108.15856955806521
176,167,117.89735426042171
176,168,121.27579738785425
176,169,133.64549863897992
176,170,96.77053778424306
176,171,99.69789192821918
176,172,98.41915381750005
176,173,79.49286361720442
176,174,112.44366745631123
176,175,98.76954216159356
176,176,90.77475839094404
176,177,101.3565827798302
176,178,124.48789591726381
176,179,108.39647731368314
176,180,66.36066393028887
176,181,92.1939103578261
176,182,93.23768956321874
176,183,87.9756566327851
176,184,98.51768952384009
176,185,64.35072132235655
176,186,89.1289651598563
176,187,89.32292532640713
176,188,61.611355444380024
176,189,92.23762769628956
176,190,59.569886449527985
176,191,71.69033151692565
176,192,54.36279891915183
176,193,60.11230975364015
176,194,46.227011521892564
176,195,46.93858156983333
176,196,63.48587997240247
176,197,58.023542590592115
176,198,43.77049286762485
176,199,18.533433132746723
176,200,47.168136498716194
177,1,129.3524282435319
177,2,145.81013933550275
177,3,122.67657684715232
177,4,111.25091369032452
177,5,140.64556812945375
177,6,143.9516388593329
177,7,155.588036876361
177,8,124.23758667387301
177,9,117.59819307100406
177,10,146.97623640749225
177,11,143.89527380758955
177,12,102.67467065384699
177,13,115.04936526427628
177,14,135.69063889211975
177,15,116.65288134085131
177,16,146.01210219369386
177,17,140.17139693033823
177,18,144.5161850260847
177,19,140.34074707744003
177,20,114.79930177365168
177,21,140.02150564245676
177,22,127.18456302973209
177,23,145.89394328208436
177,24,137.04024403372023
177,25,126.85601837591093
177,26,130.13649125545635
177,27,134.1830088612187
177,28,145.20025121208892
177,29,121.6302223493185
177,30,113.73227524160757
177,31,110.62796550198254
177,32,106.0304980429064
177,33,122.89996082839934
177,34,129.22377041156142
177,35,108.85432345065783
177,36,127.26085693891218
177,37,133.40509031952388
177,38,138.80819688417978
177,39,143.17449865248636
177,40,114.55191362633923
177,41,118.82062215013866
177,42,146.48992506057402
177,43,135.53423211205518
177,44,124.68068839221087
177,45,102.52361300835037
177,46,125.47698095398664
177,47,144.21596336074435
177,48,135.9214639021011
177,49,104.29211659103021
177,50,104.7331054280512
177,51,135.828463095575
177,52,111.80823551288631
177,53,127.26786647420522
177,54,115.86832047737698
177,55,145.27566955615475
177,56,116.3599114780227
177,57,127.07296069050062
177,58,97.36655548370618
177,59,124.00731533819635
177,60,101.68528608397173
177,61,125.39105402231507
177,62,132.40918779915955
177,63,116.57905105644022
177,64,138.5349511656823
177,65,114.68205056792794
177,66,127.39310344968544
177,67,93.4150713906638
177,68,143.22730285202852
177,69,137.0466731471388
177,70,111.03955744713312
177,71,122.81929230893002
177,72,110.75442682380526
177,73,114.99879335450532
177,74,112.12745887929486
177,75,106.38063863335265
177,76,118.51934636654914
177,77,131.54980882141535
177,78,114.4103100403081
177,79,116.35483783752716
177,80,110.99299827553477
177,81,116.54403712787462
177,82,124.65725191882666
177,83,101.48109361670504
177,84,106.73733748403902
177,85,129.18254996209726
177,86,114.42207511666493
177,87,112.04396311742312
177,88,111.6371463735777
177,89,122.84856265201961
177,90,116.2371175013759
177,91,131.05801234766113
177,92,97.10505928272323
177,93,115.37227186177915
177,94,107.6360526421995
177,95,117.8423851636835
177,96,112.32771633784432
177,97,112.99519221153605
177,98,122.7402865170734
177,99,115.86258702449413
177,100,96.63832450178597
177,101,120.73378551931819
177,102,121.5087472957166
177,103,120.52082596578111
177,104,106.77093259437243
177,105,124.9963735292913
177,106,115.1093874616563
177,107,93.1853318383146
177,108,96.56698664808937
177,109,114.90277287954814
177,110,110.51489654650504
177,111,107.91623086252366
177,112,107.58314023257117
177,113,117.45165305940463
177,114,97.15155147800397
177,115,84.97446046743426
177,116,107.85664218241436
177,117,107.23391230792186
177,118,103.93910988593416
177,119,90.01103095275903
177,120,93.07340438162646
177,121,99.8028742539318
177,122,111.63432255396765
177,123,103.93177086077048
177,124,80.3917508059676
177,125,90.15057920215622
177,126,105.7293496502316
177,127,92.53978030068538
177,128,78.88274450399331
177,129,111.24461662968679
177,130,85.83777827377344
177,131,100.87136390738306
177,132,88.31919564799318
177,133,108.2575106608856
177,134,89.78657511492929
177,135,80.97321324740915
177,136,95.23361505690264
177,137,94.57363598811935
177,138,94.86295782522939
177,139,98.95606817959924
177,140,52.85516778544479
177,141,63.252749884348304
177,142,89.80603503561724
177,143,83.17120161678758
177,144,57.613283818005584
177,145,97.4188667825656
177,146,72.7225436834342
177,147,74.49433205656533
177,148,58.36330007120705
177,149,61.718609734896745
177,150,60.58125823237788
177,151,63.6352170642931
177,152,56.276776189486554
177,153,71.32814308504021
177,154,72.08107127784024
177,155,54.27549999966868
177,156,46.72135382873239
177,157,42.129628767499526
177,158,78.66278360509023
177,159,52.54640824766102
177,160,57.65371990546555
177,161,25.75769741780823
177,162,49.50609196774167
177,163,52.47824240535556
177,164,37.572832654899685
177,165,44.80020047257858
177,166,54.38813728423702
177,167,37.963255534246855
177,168,37.69469389218284
177,169,33.058162931061815
177,170,24.700387613855128
177,171,41.34925786693202
177,172,23.159273582808964
177,173,36.144353062343725
177,174,13.132947360871185
177,175,18.574057832611288
177,176,18.225500278087566
177,177,12.893415977632685
177,178,17.65895448035735
177,179,2.5086632291786373
177,180,8.392676630770438
177,181,12.210447539226152
177,182,-9.511167049728101
177,183,-2.2278591511567356
177,184,-4.502127927753463
177,185,15.603865228949871
177,186,17.472002840106143
177,187,-22.36352934029128
177,188,10.186224621873407
177,189,-23.402116863711854
177,190,-27.849555839282402
177,191,-29.01291212225624
178,1,115.66815565979778
178,2,104.23317201270402
178,3,133.97170304720203
178,4,107.01354957075091
178,5,116.5822375698117
178,6,119.72695034826029
178,7,151.84467963576753
178,8,111.7716666372944
178,9,119.89045595545758
178,10,135.80392316554207
178,11,120.39948539774196
178,12,130.45965452302335
178,13,127.12588999426225
178,14,118.72780047652486
178,15,111.92479026411456
178,16,120.27347491942783
178,17,126.49983286101633
178,18,120.24880527055211
178,19,117.17183472382021
178,20,106.7016837552219
178,21,96.79236555343232
178,22,115.54752333702345
178,23,112.7816981473079
178,24,143.0384450260026
178,25,118.31546027346485
178,26,128.83926684593462
178,27,123.31254816820729
178,28,122.44244217280357
178,29,112.04412084515934
178,30,98.97206281423132
178,31,153.381882763475
178,32,115.99420011189795
178,33,147.17782330085902
178,34,126.58465684222028
178,35,89.18116566731624
178,36,115.26194068274344
178,37,93.65157796289714
178,38,106.55489423697145
178,39,126.19510462276958
178,40,125.56116542973177
178,41,134.4393727967108
178,42,103.52679227629415
178,43,104.829782628658
178,44,117.37187488562631
178,45,112.85151070826396
178,46,113.59692192616785
178,47,139.9043838676007
178,48,113.51008294289932
178,49,107.32416914150235
178,50,120.87296696641715
178,51,138.15825677067915
178,52,93.36225280626968
178,53,99.24397488121758
178,54,119.69209427908936
179,1,168.02099672959594
179,2,154.00549435995345
179,3,134.52976309798396
179,4,172.65921952157078
179,5,154.49933256228542
179,6,143.78682700134232
179,7,151.63466996826173
179,8,152.0599980255938
179,9,148.6437235593039
179,10,155.8399146633892
179,11,142.73833857231512
179,12,160.99153315301373
179,13,147.25316339419078
179,14,144.5799970395965
179,15,150.49157632118295
179,16,163.46573331949912
179,17,171.43030378293042
179,18,150.08271061687265
179,19,153.763920785379
179,20,152.98396617291291
179,21,151.23630360725656
179,22,174.68983852337988
179,23,165.26581447658828
179,24,142.67650999475882
179,25,122.22556662415445
179,26,154.73390322573687
179,27,165.16783847960323
179,28,154.21201721006946
179,29,158.92238914016343
179,30,142.70846663823613
179,31,136.15810890714783
179,32,127.60789041355747
179,33,162.08654584625765
179,34,151.7737510188308
179,35,151.7083491423109
179,36,154.83815465067164
179,37,139.91567531364853
179,38,153.0410801603648
179,39,135.10733468292165
179,40,141.4812571421062
179,41,183.17327134717198
179,42,147.24797146350465
179,43,148.77447723301157
179,44,151.59689176347456
179,45,171.15270526200766
179,46,150.36663729507563
179,47,156.87313319151872
179,48,143.2598950338579
179,49,134.98187279933336
179,50,149.96869477139262
179,51,157.34579954694345
179,52,140.0611183509609
179,53,162.7280653560374
179,54,164.27817864484678
179,55,151.575028987907
179,56,146.79912150010205
179,57,139.7644686079584
179,58,150.01573860338976
179,59,145.544040143046
179,60,129.35618431332114
179,61,149.56400666083937
179,62,131.54759101472882
179,63,138.306953211395
179,64,149.07894115518866
179,65,126.28710018873971
179,66,131.7683342964956
179,67,140.02360253721417
179,68,149.72481111648085
179,69,137.69630571562448
179,70,156.60363027489075
179,71,135.38920374520967
179,72,131.25308560594567
179,73,140.1430770092702
179,74,146.46080007528508
179,75,131.96027653937927
179,76,149.4672105578793
179,77,157.09583689703868
179,78,150.36189785840543
179,79,131.6106040635059
179,80,151.4394470058105
179,81,146.41171039801702
179,82,156.21186902299814
179,83,142.75930307112867
179,84,127.2221741983085
179,85,139.14990987276542
179,86,136.15530819114792
179,87,147.62230477166304
179,88,154.06236566839652
179,89,149.5166445056966
179,90,125.40480184310582
179,91,149.20209951567813
179,92,138.99949761142489
179,93,122.95576449800137
179,94,140.2315650436649
179,95,128.92645035155874
179,96,138.84539438080537
179,97,134.6245206787935
179,98,128.5088093302984
179,99,115.56882091602165
179,100,155.65659036651778
179,101,146.16270639727009
179,102,119.34271547872049
179,103,108.49808162888803
179,104,125.56792256578046
179,105,104.63320161220327
179,106,131.6172393136294
179,107,124.9231138049654
179,108,121.54513934823626
179,109,121.10356527898693
179,110,127.27822298985848
179,111,135.8834864605451
179,112,128.401286060267
179,113,106.53032809431897
179,114,124.18317705408845
179,115,118.76792065839982
179,116,116.82802856255148
179,117,109.67058822156105
179,118,116.56152760778787
179,119,113.87355126751936
179,120,97.70240244919842
179,121,123.47376638452988
179,122,109.01891486952081
179,123,130.7718934611985
179,124,106.1084864587101
179,125,110.07177995496022
179,126,119.63039808854955
179,127,115.3533957622858
179,128,118.30747717613849
179,129,93.44568106631777
179,130,120.81332287017722
179,131,120.89127179067145
179,132,119.49924096941686
179,133,82.92687289525202
179,134,111.74135112164367
179,135,116.64168373089342
179,136,78.17554640849266
179,137,113.84859830015921
179,138,98.44840984402254
179,139,96.01340966312273
179,140,107.12695978019474
179,141,84.46009612410853
179,142,101.0679332687796
179,143,107.97566919287055
179,144,117.00290226011566
179,145,97.5699795231485
179,146,67.62756793142762
179,147,102.38330746295833
179,148,69.58652452584647
179,149,78.95557728381391
179,150,81.95777062373236
179,151,87.66134456632426
179,152,73.28942812456808
179,153,90.72886805556482
179,154,104.05008295489097
179,155,85.06511995996698
179,156,77.4250735812675
180,1,148.84679989281722
180,2,158.04530443496333
180,3,142.01290331208293
180,4,140.03776657610433
180,5,171.809147553824
180,6,145.83653218433028
180,7,152.88943540580658
180,8,168.82181158343883
180,9,175.77237232752668
180,10,136.14277077922452
180,11,157.18429634233325
180,12,161.34974644648173
180,13,160.2063356687795
180,14,149.70752662277664
180,15,137.70710618962767
180,16,140.82052987506904
180,17,147.9042829549362
180,18,144.52355833935871
180,19,148.94387860949064
180,20,154.99946744514455
180,21,162.82284741300828
180,22,141.4739489450876
180,23,164.6991028823104
180,24,156.29514142534754
180,25,134.69589892250224
180,26,163.08677574549802
180,27,144.9504495477522
180,28,156.64255948993377
180,29,137.87393334972148
180,30,133.96992086910905
180,31,156.9249231017675
180,32,143.91050712439028
180,33,157.8226670848453
180,34,161.75303953050752
180,35,150.70619928933593
180,36,151.50363788330287
180,37,163.1746007035399
180,38,150.87841769234365
180,39,162.9524601945377
180,40,140.62942392875993
180,41,153.60175901072944
180,42,167.36197484736476
180,43,151.52686092103977
180,44,138.18443965799088
180,45,134.92448826463806
180,46,142.87290378713806
180,47,170.7538818349567
180,48,159.25086709739844
180,49,168.26465467594244
180,50,134.7837709049636
180,51,137.97834379477717
180,52,158.18337747094483
180,53,159.94912425811344
180,54,145.71684117762925
180,55,151.55746210354846
180,56,118.50641727144102
180,57,116.0545280174847
180,58,164.1636641228106
180,59,145.85458433481108
180,60,144.68005753308535
180,61,134.1346519762301
180,62,145.83830749779736
180,63,137.61533171576593
180,64,130.00046184090024
180,65,127.77495962365356
180,66,147.94622847714345
180,67,156.8050277218208
180,68,151.0850376059243
180,69,146.07760070910444
180,70,122.96564395798487
180,71,137.74431255296804
180,72,157.50246921712824
180,73,155.02219516301557
180,74,156.34384583072097
180,75,142.8146824865762
180,76,140.3808022657322
180,77,151.12368158473691
180,78,147.91585980230593
180,79,139.25357543154678
180,80,131.1262601235794
180,81,129.0297203490045
180,82,115.47263027673762
180,83,160.12040400410478
180,84,125.11190274335968
180,85,139.9663003190144
180,86,130.7969167435367
180,87,132.56402264629287
180,88,141.2272889299711
180,89,140.92156598468864
180,90,144.22994758227287
180,91,124.25495472350303
180,92,152.63163280022127
180,93,129.33967904270685
180,94,148.367470034289
180,95,131.75985485888668
180,96,139.02935115961736
180,97,165.71327485694928
180,98,152.35589113567403
180,99,144.79344605940423
180,100,140.89475593764655
180,101,136.24954902040918
180,102,153.5177985667833
180,103,123.17319875739486
180,104,153.35451887945965
180,105,127.99090769598115
180,106,137.6191435577348
180,107,126.40062146491982
180,108,126.88415138527489
180,109,123.36332426347508
180,110,122.1958158300622
180,111,157.05439688537444
180,112,137.23055542464135
180,113,146.4343234980479
180,114,106.11209416942438
180,115,144.6771955824952
180,116,129.18040369218215
180,117,114.50117430708633
180,118,133.53874334129068
180,119,144.16055927586422
180,120,122.93828266568744
180,121,121.10038767214428
180,122,129.71322597277322
180,123,134.84529487670807
180,124,143.8492307748529
180,125,138.58663565808092
180,126,136.9603522914549
180,127,125.52288570632663
180,128,109.49866150329035
180,129,118.72093161223893
180,130,137.49705652262492
180,131,130.5927118343534
180,132,121.52174193651445
180,133,121.63975903475512
180,134,135.71339739643008
180,135,103.64367916586343
180,136,117.81660597248992
180,137,109.80980235095194
180,138,94.75684603021364
180,139,117.05901481792534
180,140,128.6278307279572
180,141,143.4471828553069
180,142,138.1345226124031
180,143,124.69146426358202
180,144,123.14083536279213
180,145,114.10604514217266
180,146,113.57559142442187
180,147,97.4178436975053
180,148,127.31230692367535
180,149,110.86263956652692
180,150,97.94970884894428
180,151,119.60674342852872
180,152,108.77456807375711
180,153,121.83705058957275
180,154,104.43621566465299
181,1,147.7368867687037
181,2,156.0429858258285
181,3,148.4708366055711
181,4,127.45345376791374
181,5,150.1110471810607
181,6,137.294097927268
181,7,164.9140708581035
181,8,164.82586388137133
181,9,156.02696167551767
181,10,121.85245030673104
181,11,135.04827739672328
181,12,129.8478947115509
181,13,148.0258379098159
181,14,141.20519784646604
181,15,116.60197549081931
181,16,133.1005734610735
181,17,127.67174741708732
181,18,131.50490207112307
181,19,147.8012839672665
181,20,140.99730873291264
181,21,120.7671888087425
181,22,127.79774376424757
181,23,128.02738380160008
181,24,147.35948621592252
181,25,147.3224202433994
181,26,138.80100345879328
181,27,122.62875809595425
181,28,131.8593240791015
181,29,137.68731917551486
181,30,144.29563709305512
181,31,137.2118189903922
181,32,152.6088610134102
181,33,134.04319044148724
181,34,126.85096491864533
181,35,143.90926145962294
181,36,153.43843365996872
181,37,138.82961215558316
181,38,135.565773870876
181,39,136.53018454018456
181,40,145.49295094118133
181,41,137.0375303718174
181,42,127.90889329668425
181,43,133.4028044572333
181,44,142.0367508806521
181,45,127.2168641442695
181,46,122.94162635219982
181,47,142.81903521779168
181,48,134.2408758140955
181,49,138.36612809963844
181,50,115.9132737765176
181,51,144.61514913004794
181,52,132.32145980357745
181,53,138.2320704994927
181,54,129.49679543670936
181,55,169.1931406219228
181,56,133.74911872343364
181,57,140.06109051467502
181,58,118.0609707387921
181,59,123.29538699048862
181,60,122.07470681644918
181,61,126.97438337146014
181,62,138.742165833748
181,63,127.81626933556254
181,64,113.0240882831713
181,65,164.9381347230228
181,66,142.92686282212526
181,67,133.12296614014485
181,68,122.35662634322216
181,69,140.24904774260358
181,70,138.7166984569776
181,71,131.52007799916464
181,72,156.58522437918145
181,73,150.16362806512188
181,74,119.09999439200328
181,75,128.78622227442975
181,76,146.74960876620753
181,77,134.69201937778416
181,78,121.48187522250373
181,79,136.03156976626633
181,80,145.55634374526562
181,81,118.35514384110138
181,82,120.42756555713277
181,83,129.35163298881525
181,84,122.93649231195741
181,85,129.17213130620075
181,86,116.05636521220731
181,87,154.8108774867942
181,88,133.78874377942702
181,89,118.72945862196502
181,90,107.30751197553036
181,91,123.27939603484265
181,92,134.60699177238712
181,93,106.33533362046
181,94,94.64792848921206
181,95,135.04684202375938
181,96,140.96993604742602
181,97,132.67841580766253
181,98,126.72481728355342
181,99,108.95239667678834
181,100,124.45643731306336
181,101,136.94626376914675
181,102,123.95306946218625
181,103,111.73229561927292
181,104,130.086095060542
181,105,130.4871596473822
181,106,133.07686301843933
181,107,116.83438773659145
181,108,144.6408150462521
181,109,113.34718660404906
181,110,131.57570223779476
181,111,119.737367964859
181,112,124.8007730318568
181,113,146.60976507934538
181,114,100.02403775907442
181,115,110.62007104076474
181,116,147.6881514375782
181,117,135.28383839253365
181,118,134.1025239009541
181,119,114.95877346093766
181,120,147.68447167689737
181,121,97.70235857675289
181,122,97.02229342277133
181,123,141.78979004082794
181,124,122.24209012118808
181,125,114.08471032157831
181,126,141.3381497739465
181,127,122.43109882789577
181,128,114.21029517300485
181,129,117.66647010474117
181,130,119.0796866334058
181,131,121.41435839129554
181,132,126.77846383609722
181,133,139.03804014532216
181,134,119.22597483918798
181,135,95.38493896754517
181,136,104.64376853582507
181,137,136.97816900007456
181,138,108.67228087727563
181,139,111.59676306852634
181,140,120.49248232154787
181,141,123.77518059561407
181,142,110.94902508550149
181,143,120.20502045327885
181,144,101.30612295400351
181,145,97.84196671639074
181,146,87.26519444432051
181,147,127.2110480434203
181,148,99.68239072769211
181,149,118.65881262176845
181,150,92.96508094848105
181,151,114.9644144760241
181,152,111.02288763136312
181,153,111.82230003044242
181,154,117.68281238621421
181,155,115.05875715414732
181,156,113.9012905595082
181,157,107.46964333112555
181,158,90.98949800193077
181,159,97.08763662577985
181,160,109.44211554084904
181,161,92.45025205494312
181,162,96.63856045666762
181,163,94.33710024715401
181,164,102.29602076158335
181,165,96.23531810969143
181,166,94.88054481265135
181,167,105.68698235449119
181,168,103.37113370744919
181,169,96.210332176277
181,170,84.5777677554288
181,171,116.53637898821762
181,172,93.76873169514147
181,173,86.19598342698009
181,174,75.7573446442475
181,175,97.00854542528396
181,176,104.79254341583146
181,177,101.92366176653013
181,178,92.72698778834456
181,179,109.4476935499697
181,180,86.25648270358943
181,181,94.70467732822726
181,182,83.49061599413835
181,183,78.04074003368441
181,184,70.76107332094398
181,185,100.55903971586667
181,186,92.3718545776137
181,187,94.94168663762684
181,188,69.79229823927017
181,189,76.86468031056575
181,190,79.28888926284708
181,191,89.60099736074335
181,192,79.06411809930432
181,193,74.1164656176552
181,194,97.03948172881064
181,195,71.60603079887369
181,196,78.88050174473756
181,197,90.02907757095818
181,198,61.695725402889366
181,199,63.54536381424259
182,1,136.18476127368194
182,2,146.96970814086671
182,3,119.32288321280794
182,4,122.75053755964473
182,5,136.75843487828388
182,6,113.73104293028155
182,7,107.86306163184781
182,8,118.36573327189399
182,9,126.0331613779781
182,10,112.81706332283647
182,11,151.8167781275697
182,12,120.05961092693906
182,13,109.14871567514638
182,14,130.9104368105909
182,15,118.53351043835573
182,16,118.38494825547241
182,17,139.3019195763627
182,18,112.53767652531678
182,19,109.48651389816223
182,20,115.04389701329637
182,21,137.15508221327764
182,22,109.32493519505806
182,23,118.64077761010412
182,24,145.7043799329913
182,25,126.85584095750528
182,26,119.76332603459014
182,27,115.80218005309871
182,28,101.74026065758517
182,29,128.69478392700694
182,30,121.16492523434863
182,31,144.07098894321825
182,32,115.21138124106801
182,33,114.30911866483075
182,34,135.13888014887198
182,35,140.1992267596579
182,36,138.49222424298205
182,37,121.02679757973965
182,38,163.24253076966124
182,39,125.17256915954204
182,40,136.77080601323541
182,41,122.05721208659088
182,42,106.95255447892123
182,43,103.72458724742319
182,44,157.74128047002887
182,45,122.08731662778155
182,46,100.99357104354567
182,47,156.46862900949054
182,48,125.10046360321576
182,49,120.00784287660645
182,50,107.08734810947499
182,51,113.19622869075829
182,52,97.93863174301077
182,53,114.41479298278136
182,54,130.59190179570578
182,55,106.5714467407015
182,56,103.66493845172954
182,57,114.11993782132049
182,58,107.90997178346879
182,59,145.7003715302999
182,60,119.94837772614119
182,61,140.28032275186706
182,62,86.11972116045945
182,63,118.20093805683427
182,64,127.97400463357917
182,65,140.4997595042587
182,66,93.65548619482433
182,67,106.97467088387202
182,68,127.36436653704004
182,69,117.4539150168348
182,70,112.81098104419652
182,71,99.93054205420776
182,72,112.35489333888836
182,73,113.32919219652103
182,74,97.77341337360849
182,75,110.50834433861746
182,76,132.67142175513436
182,77,99.43937413005915
182,78,91.06213369489706
182,79,141.59417551013757
182,80,105.74513876222045
182,81,73.79499365729862
182,82,127.91238357999828
182,83,119.66922486579278
182,84,112.12214946344466
182,85,98.4445779588641
182,86,131.19449226270808
182,87,107.79417558415298
182,88,93.65547182399314
182,89,113.0881912077748
182,90,110.83398189624131
182,91,102.60022064300574
182,92,122.58313316440035
182,93,87.0893764827415
182,94,89.20165532548708
182,95,90.3267936342454
182,96,103.41310695371067
182,97,85.38921127677895
182,98,99.9747912350067
182,99,100.87497921875911
182,100,99.75398396328092
182,101,101.10535653102124
182,102,91.15973441971437
182,103,87.00156824968144
182,104,95.90428858492669
182,105,79.31202083395328
182,106,105.11732400215988
182,107,83.46705606205796
182,108,99.65137394958583
182,109,84.74075312908826
182,110,78.54345967965492
182,111,72.8698501578765
182,112,102.24364001827053
182,113,103.49830490400927
182,114,67.06005329867912
182,115,82.61842286851606
182,116,84.74156598687114
182,117,73.20203752231464
182,118,59.72016492026887
182,119,81.37837535247672
182,120,72.54828486405313
182,121,91.82103040701622
182,122,74.55805709215201
182,123,48.15629322046152
182,124,52.78869911405491
182,125,68.31671550766623
182,126,36.74930909338582
182,127,45.730617619548866
182,128,19.025646875612438
182,129,70.56199301307788
182,130,56.41496695567912
182,131,54.83018579927011
182,132,24.495789317254093
182,133,40.605768536370306
182,134,40.222544148964516
183,1,164.70382222897751
183,2,168.52583013155527
183,3,138.30120678632375
183,4,176.66263659883407
183,5,175.98038411232847
183,6,194.63023370657174
183,7,129.18565091778146
183,8,179.9486048380495
183,9,153.4516112048659
183,10,174.50473299013538
183,11,163.6749359035457
183,12,149.25611320845928
183,13,146.31784195542423
183,14,163.43496656255593
183,15,152.7007280404141
183,16,160.26546119638806
183,17,178.36728814530215
183,18,165.05580448177352
183,19,150.31277699526254
183,20,150.86940715771198
183,21,155.53873509080586
183,22,134.71897053766588
183,23,171.20535093096987
183,24,159.76039782192674
183,25,154.8400944643945
183,26,163.50032633508818
183,27,164.17784534435486
183,28,166.95010137216013
183,29,162.40312245412497
183,30,170.30390563968103
183,31,129.47679648175836
183,32,165.01005009789515
183,33,165.2655046792206
183,34,157.366375441743
183,35,176.1220022042544
183,36,160.52433598977223
183,37,165.8098727765464
183,38,156.34012272972905
183,39,155.073726805771
183,40,192.9389698516461
183,41,181.9133303443814
183,42,171.63708376943396
183,43,175.35994009947171
183,44,145.35060237689322
183,45,169.94058602978475
183,46,154.18334386809147
183,47,180.66532800272398
183,48,156.64608396735275
183,49,179.39943354145362
183,50,160.40346916690032
183,51,165.44575000935583
183,52,156.78037865100487
183,53,131.0198368966012
183,54,171.49647723581438
183,55,161.7555549997851
183,56,183.72033505327272
183,57,154.88632994084765
183,58,172.01091523474315
183,59,154.0941419764713
183,60,171.91953426218242
183,61,131.00493558765447
183,62,142.43979033394135
183,63,159.30299838130304
183,64,187.14714177637507
183,65,153.8740083046796
183,66,153.3182504098877
183,67,162.2959629827019
183,68,168.6255672995976
183,69,142.9624174794444
183,70,153.06493092398887
183,71,154.2474636642728
183,72,181.1372846923914
183,73,178.30565698115242
183,74,142.98949548583187
183,75,156.42531698651146
183,76,131.69983232580853
183,77,146.25517471996136
183,78,148.1107694757302
183,79,125.85062514142919
183,80,133.27455495774484
183,81,162.12572765151708
183,82,134.2083661379802
183,83,157.80513033674652
183,84,153.85099482203077
183,85,149.5993785775063
183,86,156.44789655109344
183,87,141.06234191709518
183,88,130.8042696415214
183,89,170.83929119571258
183,90,158.4802815675357
183,91,172.88401573316514
183,92,149.16181893653265
183,93,145.86841790892504
183,94,154.14841594441532
183,95,142.78594959160546
183,96,132.78813165057363
183,97,157.19447711179964
183,98,140.9927039159884
183,99,136.06682180905045
183,100,152.84591937814548
183,101,134.29024139129615
183,102,139.5721217322789
183,103,143.27634164692427
183,104,145.29476277296635
183,105,150.81184310995013
183,106,130.59166865634324
183,107,152.57034298752114
183,108,143.60532665131905
183,109,137.50963041623618
183,110,144.62556415876315
183,111,150.86899705872202
183,112,152.23833032919356
183,113,144.70645723674534
183,114,132.40278151276289
183,115,117.38428527190263
183,116,134.1155074988783
183,117,159.54027088490693
183,118,168.6843702638871
183,119,127.7973826699963
183,120,119.72546986160887
183,121,131.45270493045973
183,122,130.76894175742927
183,123,107.27522805675108
183,124,129.80103077177046
183,125,124.3644504335025
183,126,139.1699741876073
183,127,151.94291213189717
183,128,123.21648860425194
183,129,155.33402341138572
183,130,132.11120445372944
183,131,141.21859167241928
183,132,134.36916821374325
183,133,146.80176697322895
183,134,97.86435254960816
183,135,114.80956322690326
183,136,128.64583135913563
183,137,128.2361526179302
183,138,117.69099817727692
183,139,140.00878067796293
183,140,94.47842756949103
183,141,116.81058554085757
183,142,117.95435322589765
183,143,109.88165175471659
183,144,111.16940228503518
183,145,104.06882215684891
183,146,111.32899034591537
183,147,99.2604262464738
183,148,107.12361656514258
183,149,98.55190932180994
183,150,124.94267092809605
184,1,166.46353637968423
184,2,165.65709241150034
184,3,189.4231660912119
184,4,171.71644711666158
184,5,205.32202854066418
184,6,189.38999190679897
184,7,176.74053386438027
184,8,182.43459752591298
184,9,179.1579757477739
184,10,176.6162036992173
184,11,184.99044358884566
184,12,179.15689299570658
184,13,182.31939262253582
184,14,192.59915892026038
184,15,183.34521005085116
184,16,173.65472340333508
184,17,180.55438235188922
184,18,170.3553393781549
184,19,188.21006067624694
184,20,183.1798042816954
184,21,185.3526180357294
184,22,192.47168819334183
184,23,193.9095977789475
184,24,181.20480578103889
184,25,179.0317760597245
184,26,166.20662267949956
184,27,196.51194923879666
184,28,186.23559268451208
184,29,179.9959396161721
184,30,183.2357515244512
184,31,181.71386117888323
184,32,175.9011771329242
184,33,194.58522106084274
184,34,177.8767427345956
184,35,181.033764910826
184,36,160.12156672389392
184,37,192.14191165273223
184,38,191.1247550229382
184,39,184.20600646605453
184,40,184.0055407747568
184,41,184.1246645978681
184,42,164.70884951291373
184,43,197.72491434123367
184,44,200.7941936096904
184,45,185.98495199227182
184,46,195.5677184120359
184,47,183.0953412524177
184,48,184.44772519124672
184,49,172.6964619910068
184,50,172.40712401544442
184,51,197.6622698717547
184,52,169.401887020329
184,53,175.2052876251837
184,54,188.47788330935873
184,55,195.78166251573566
184,56,191.65283183515567
184,57,180.81341541282018
184,58,185.38090070059116
184,59,191.4800910402846
184,60,173.98395138450724
184,61,185.06919158957317
184,62,156.35135258404625
184,63,200.92758203802805
184,64,177.00954124264535
185,1,180.33453621688386
185,2,183.6889673345213
185,3,159.91242929946748
185,4,163.91843508997408
185,5,170.7233845977389
185,6,183.55835314391152
185,7,168.41122145823465
185,8,167.0469255427961
185,9,165.75125099108118
185,10,180.1338752362717
185,11,181.92873152930406
185,12,152.29096440729336
185,13,181.83783163955377
185,14,177.92631336011254
185,15,181.11167057380226
185,16,174.3636503494199
185,17,135.69212226193486
185,18,175.11158980776963
185,19,184.37985413656133
185,20,187.4070527635049
185,21,164.5733068275731
185,22,159.61174595713237
185,23,152.8196436719445
185,24,175.16271179085743
185,25,142.07447283693182
185,26,188.51099290796992
185,27,183.3352071967165
185,28,153.56657256943436
185,29,183.99425235248782
185,30,145.1379323116489
185,31,163.39499370769772
185,32,174.31169633634272
185,33,166.8544500089847
185,34,171.66023625888192
185,35,157.20556620782736
185,36,176.0321411319528
185,37,183.22643358141795
185,38,187.04707969845185
185,39,160.47037654146698
185,40,175.4135101006541
185,41,183.97175199213962
185,42,172.09977492463804
185,43,167.15670077827235
185,44,156.54842672991072
185,45,144.75346280830126
185,46,152.39260213119996
185,47,149.02192693374673
185,48,170.56380535633798
185,49,172.15499175976584
185,50,184.4489812635802
185,51,168.479705463571
185,52,167.77634969886276
185,53,175.2110348666538
185,54,168.69083669166866
185,55,149.0024242481304
185,56,160.19194726689602
185,57,147.68438983047236
185,58,185.23218291576632
185,59,173.59968453834153
185,60,158.3962157144415
185,61,166.1398268809935
185,62,145.9494056474141
185,63,159.43414547078282
185,64,183.53757083204255
185,65,154.38279850417166
185,66,167.34437782588066
185,67,171.04316519391432
185,68,177.47362512948166
185,69,149.93413743772544
185,70,155.4736105880147
185,71,183.04952498927014
185,72,151.38904536285554
185,73,163.30009575418808
185,74,159.7231316896141
185,75,169.54834594683052
185,76,152.10501642919553
185,77,143.09687629582186
185,78,172.53235801155824
185,79,167.74311576971377
185,80,153.6714517069122
185,81,141.15228026943805
185,82,171.98984786220535
185,83,186.49322777769703
185,84,164.6219651996944
185,85,155.34277601440408
185,86,161.73014961324225
185,87,170.60899557769153
185,88,168.08250514216343
185,89,154.66065262284974
185,90,156.61442392659228
185,91,154.01883708965033
185,92,155.23335146879253
185,93,174.20396355032426
185,94,174.55509492631973
185,95,150.47278329735855
185,96,169.262588550504
185,97,140.04392893083423
185,98,171.55137530036154
185,99,144.79646915439662
185,100,158.28394554712577
185,101,163.33072258070024
185,102,166.5936559354741
185,103,137.4671138160047
185,104,162.52179764211178
185,105,156.76757764467766
185,106,169.20163133105962
185,107,178.17964282417233
185,108,128.31481517524662
185,109,129.88389280634874
185,110,182.44573835801566
185,111,145.92895973280974
185,112,162.26147057604976
185,113,168.26208532702003
185,114,168.16692067256372
185,115,173.18700116370746
185,116,146.66396421506215
185,117,145.28252662801242
185,118,174.30317774311698
185,119,139.45832130074996
185,120,150.6624009950101
185,121,146.65488493040175
185,122,143.28061459022865
185,123,151.64540190233674
185,124,144.88796794358495
185,125,154.12422785274248
185,126,150.44269234349485
185,127,144.41395005998493
185,128,154.0071674263454
185,129,134.04295172360435
185,130,147.7913792328036
185,131,149.18527144558902
185,132,139.2760842157004
185,133,145.84682916531165
185,134,148.7046359010128
185,135,148.05275361960958
185,136,157.60989370360767
185,137,118.27263893917552
185,138,141.94523262001894
185,139,149.21239107983274
185,140,146.5496421560747
185,141,137.65328720891557
185,142,131.3355101085399
185,143,159.57217831816524
185,144,153.4728800025623
185,145,149.11780720891693
185,146,123.29661376551667
185,147,141.459015016997
185,148,146.46552737357706
185,149,130.66533359658933
185,150,134.21380290659727
185,151,131.41613988848985
185,152,130.94586252303998
185,153,128.19079521673848
185,154,150.06027187954896
185,155,132.65627659040183
185,156,133.88920735447755
185,157,131.16565945967886
185,158,119.86578816048859
185,159,129.752236731234
185,160,120.45330132520758
185,161,142.89276844403503
185,162,137.29049970436608
185,163,143.5346934954723
185,164,142.30147319335083
185,165,127.79457508581254
185,166,155.37939696382819
185,167,147.4133292258266
185,168,116.56547631751164
185,169,116.04031693284196
185,170,123.77698864841659
185,171,128.47612356387253
185,172,136.55598946192185
185,173,119.3497644910749
185,174,130.33680523122894
185,175,116.79468497963535
185,176,131.66919298865832
185,177,123.12608998861106
185,178,115.16616790715489
185,179,118.6384465415249
185,180,137.69917672711745
185,181,123.02058470986958
185,182,116.36535119646578
185,183,127.10644370849332
185,184,101.59646142076235
185,185,130.44094678496913
185,186,109.80436369982635
185,187,101.92056567507097
185,188,130.87691145225108
185,189,108.34144440993259
185,190,115.22509656147304
185,191,96.29408570071973
185,192,116.65448715703678
185,193,118.61574416780786
185,194,94.80629164935817
185,195,114.60795488314034
185,196,103.38780924725143
185,197,120.9672580245242
185,198,95.47899226160371
185,199,111.03697825106065
185,200,87.5262314303618
185,201,100.8751092534585
185,202,109.87783083276008
185,203,104.1182562471804
185,204,72.98053368765977
185,205,113.87791046102939
185,206,91.16693161900912
185,207,98.00937130713282
185,208,67.40533443642198
185,209,115.94169873266219
185,210,107.17830073611549
185,211,103.37993125031062
185,212,69.40540204272111
185,213,67.87722770877735
185,214,88.79472776163311
185,215,70.53058723463619
185,216,65.32416450339224
185,217,87.83253646498633
185,218,76.31604814871389
185,219,73.26174341898877
185,220,72.87024610374647
185,221,93.30595727544278
185,222,79.9646848443881
185,223,76.48622222817357
185,224,61.15230622837771
185,225,108.01957643882633
185,226,49.881283069036726
185,227,66.87300787080312
185,228,56.86479606002467
185,229,51.25287417680374
185,230,47.56199816887238
185,231,45.36891028345417
185,232,57.54787854105234
185,233,43.127106620049744
185,234,61.145586836988514
185,235,45.93608489192411
185,236,36.5784454838722
185,237,49.70941387268249
185,238,28.03150490176631
185,239,55.59863869496621
185,240,39.879799060225196
185,241,46.638920465728006
185,242,36.12386310599686
185,243,25.44361270594527
185,244,31.71708188860066
185,245,18.7274699983318
185,246,16.65585584010114
185,247,5.080694689968368
185,248,-22.173764571860374
185,249,-2.7848296354713966
185,250,-4.965880287309119
185,251,5.480401049171633
185,252,1.8518022933712928
185,253,-9.004524680727627
185,254,-40.868212611087074
186,1,169.88787214505282
186,2,152.69116696028505
186,3,151.93290763952973
186,4,174.41867378009192
186,5,177.42725092385808
186,6,187.9978143998742
186,7,172.04767718028597
186,8,145.28802752656338
186,9,169.43698445154587
186,10,159.77492742329923
186,11,139.74529626940785
186,12,158.56261916051153
186,13,141.38918780563108
186,14,166.354790157362
186,15,151.1278468962555
186,16,133.20281765113032
186,17,156.323171705626
186,18,159.15853581148258
186,19,163.30508603763155
186,20,187.6150608290336
186,21,151.51232685520517
186,22,163.95447491059895
186,23,167.62494683371915
186,24,146.11540913540375
186,25,163.02198971654434
186,26,179.60183006138686
186,27,174.8498913921867
186,28,166.34496421332733
186,29,159.70690226490842
186,30,144.44966640399798
186,31,142.7523478078365
186,32,122.96163755659654
186,33,157.81192398253188
186,34,160.19366086937953
186,35,136.06121125228674
186,36,163.5340966995209
186,37,161.80170201278816
186,38,156.46229991129803
186,39,124.65027147848014
186,40,165.1435489344949
186,41,144.93546065584087
186,42,164.03357377904467
186,43,149.2919035267987
186,44,144.81156197947712
186,45,154.04355481572566
186,46,163.59127944787906
186,47,155.84779184529907
186,48,179.27520315248694
186,49,157.2947400185003
186,50,134.54867883179395
186,51,142.05779170528695
186,52,144.7128802047664
186,53,144.83062265394983
186,54,167.20622138969338
186,55,143.7713463440159
186,56,155.1185121452727
186,57,158.86894738789852
186,58,137.64047300590028
186,59,163.75319289688196
186,60,141.3188807105107
186,61,171.89301338874793
186,62,148.25598727366014
186,63,171.3549074731709
186,64,130.47886802595895
186,65,148.45422860540566
186,66,156.6994600949256
186,67,148.03977090345143
186,68,146.92034888300986
186,69,127.49801773946092
186,70,142.33204820683022
186,71,147.52154499170138
186,72,173.4817371232857
186,73,127.1094541200655
186,74,164.76984184659523
186,75,148.7771525875869
186,76,131.25132236539503
186,77,134.165822286639
186,78,144.61766760852333
186,79,156.746244350521
186,80,154.23853049178433
186,81,132.0387626116135
186,82,128.0905982080585
186,83,133.10343160373304
186,84,123.82730723832356
186,85,125.59489766379556
186,86,139.15953108090616
186,87,146.746494837942
186,88,143.00000336197263
186,89,129.05650056378363
186,90,133.1681314982343
186,91,172.8624492146264
186,92,132.5244360578945
186,93,100.76382883317274
186,94,154.13012739171245
186,95,131.52599591303442
186,96,123.42543787135946
186,97,124.85873292176257
186,98,125.75368825098121
186,99,138.52795469613193
186,100,112.1268993466656
186,101,143.3551134938316
186,102,133.1500847294883
186,103,132.02602244551235
186,104,128.34945643215906
186,105,126.44571357849054
186,106,135.5787867718609
186,107,100.89291714220599
186,108,108.87763573326811
186,109,118.53977146666148
186,110,107.77559894705337
186,111,136.37051577246893
186,112,116.6438950669617
186,113,130.8706331438152
186,114,122.00347676092497
186,115,126.38377374600532
186,116,119.41265615818702
186,117,123.40801452434971
186,118,114.68406008611782
186,119,101.64421003426833
186,120,111.88528295171272
186,121,102.8563243214594
186,122,103.41829143126961
186,123,99.74862025539915
186,124,86.4731957360782
186,125,122.17896714677772
186,126,109.81417436420452
186,127,102.56598231416137
186,128,104.99893037346192
186,129,97.30505971591629
186,130,86.15540818128648
186,131,93.77924332326074
186,132,86.36714423268859
186,133,99.82624598393159
186,134,104.11386680990108
186,135,85.27932891335513
186,136,76.18530818840372
186,137,68.89871157015295
186,138,89.3624899426577
186,139,64.75428393197217
186,140,76.96944795381569
186,141,86.26872544020443
186,142,70.48948751544958
186,143,88.4272285866682
186,144,63.53164440851833
186,145,90.22027981116844
186,146,51.15616862478055
186,147,53.188841553048405
186,148,86.56794851527229
186,149,57.69288128105836
186,150,83.86060700160306
186,151,82.40497119387874
186,152,75.49556868873333
186,153,57.64287496345787
186,154,44.49293550947914
186,155,57.471025621227454
186,156,57.9931556135125
186,157,57.96840996825631
186,158,25.568662391553516
186,159,35.54478079000546
186,160,50.46811409194197
186,161,41.480121189015335
186,162,30.763374602713156
186,163,39.27187731744198
186,164,31.53109201152256
186,165,36.28338386323594
186,166,-23.792540858339635
187,1,156.39836334378924
187,2,152.98163837012544
187,3,146.31829066600767
187,4,133.1127181747288
187,5,148.72407676511648
187,6,137.03121827075665
187,7,137.81153850178816
187,8,145.96331955900678
187,9,126.48265845365677
187,10,156.3475646276056
187,11,142.17385781642224
187,12,143.8675147934482
187,13,140.22517722392513
187,14,152.00787797971134
187,15,152.7557068840979
187,16,148.66273813443695
187,17,144.30186299115303
187,18,135.82409547852149
187,19,136.04371350396104
187,20,127.18305825554125
187,21,145.07047940636403
187,22,136.5204080236217
187,23,130.41752631991403
187,24,143.07366063897643
187,25,151.18823405264266
187,26,150.63299799746892
187,27,153.89351744294981
187,28,137.13668279873673
187,29,160.62117972580018
187,30,153.46768403331953
187,31,170.53198504243483
187,32,144.0031941909765
187,33,149.3591608614297
187,34,152.39172576528654
187,35,140.33742359792814
187,36,144.47130935813766
187,37,135.66923051334743
187,38,149.32129455891118
187,39,134.72725145829463
187,40,155.30726174957817
187,41,142.5995926914984
187,42,156.36437289907917
187,43,134.3224002647985
187,44,138.3223372282082
187,45,156.22318372654263
187,46,137.23334757639532
187,47,153.1629656629375
187,48,114.0300613951913
187,49,125.03729642985127
187,50,144.63381752762507
187,51,133.16375077613338
187,52,130.53169169194007
187,53,156.79836577657989
187,54,143.9787884182224
187,55,145.8154861962321
187,56,157.63467109978956
187,57,151.77933132341423
187,58,139.36168262872525
187,59,149.02276620655175
187,60,138.26816955400136
187,61,157.98738199209765
187,62,120.69115540488565
187,63,143.69475381678785
187,64,133.41997214449657
187,65,122.79006506483711
187,66,126.52220614324324
187,67,159.58898867815878
187,68,125.98581008450856
187,69,144.00915471728513
187,70,144.45678902933287
187,71,153.1660364658528
187,72,114.44216282881098
187,73,143.56702838624915
187,74,139.0610865017661
187,75,126.87229152685904
187,76,157.48516653700062
187,77,144.7574226903307
187,78,114.47811566988821
187,79,145.31031207991327
187,80,135.59008192051988
187,81,127.92159581700253
187,82,164.14624952590384
187,83,139.90520857476804
187,84,136.75184999522025
188,1,143.35265065258864
188,2,137.5751402724636
188,3,127.1122035442313
188,4,139.116405935667
188,5,154.28187005950895
188,6,126.34242761840142
188,7,144.91192461557512
188,8,163.4199293507263
188,9,143.04823070406565
188,10,119.0890553088102
188,11,130.80465639875183
188,12,124.60656330146594
188,13,136.4517260896464
188,14,124.22860738573945
188,15,133.0127319942476
188,16,133.26292290527635
188,17,120.09908152036223
188,18,137.72710413754976
188,19,128.92883371688367
188,20,107.08423173311894
188,21,154.66678410145687
188,22,124.02664657342393
188,23,136.17730284696881
188,24,128.65688837070775
188,25,141.2473083999139
188,26,141.30857891569758
188,27,135.36513492411905
188,28,109.44583917360433
188,29,150.14559628259303
188,30,130.6786573227655
188,31,135.27072619324463
188,32,117.56621848182112
188,33,130.7710215861007
188,34,127.00239271878672
188,35,139.66333050479443
188,36,125.54147052539338
188,37,139.36643742931483
188,38,158.96628085966222
188,39,143.36219317277573
188,40,125.02161211920611
188,41,138.6718895831218
188,42,123.96295058889518
188,43,120.56083629057684
188,44,144.9093304427297
188,45,119.08031565673446
188,46,124.92397386138327
188,47,120.81063875249674
188,48,94.03797226069582
188,49,110.92061528181512
188,50,101.99644267022813
188,51,134.63038654265983
188,52,121.95837075673626
188,53,104.66193637148535
188,54,104.21629353478784
188,55,122.27471526926092
188,56,117.75154373465193
188,57,153.53532813979837
188,58,136.05014923383715
188,59,122.90156051555823
188,60,131.55990272962663
188,61,109.26448600285221
188,62,123.15847988113092
188,63,138.5943452791107
188,64,118.76375497843401
188,65,129.70322824692994
188,66,113.40853552802582
188,67,124.51692607694713
188,68,130.44780308807094
188,69,115.12311590198806
188,70,133.0168754125625
188,71,115.74493625910691
188,72,94.68603615065513
188,73,124.9014833602414
188,74,109.77725389302213
188,75,129.50382197957515
188,76,143.6694611134153
188,77,130.01217453360732
188,78,122.1239408595502
188,79,138.50719184718037
188,80,117.39495729627379
188,81,116.45525775739952
188,82,115.88211976220919
188,83,137.48239930567797
188,84,124.56701458176394
188,85,116.84358180266281
188,86,119.17194697130617
189,1,176.76694316762587
189,2,182.75240474809834
189,3,165.1335141542222
189,4,189.1099235571819
189,5,170.24092308207037
189,6,171.9192309810678
189,7,203.69887565577665
189,8,164.03488990004553
189,9,189.31123591218056
189,10,182.14236088834878
189,11,185.1196897302434
189,12,143.32934820585797
189,13,161.42182084121305
189,14,165.10485654840886
189,15,206.4096526741705
189,16,185.9401295510106
189,17,179.63845778528776
189,18,169.8601628523902
189,19,186.33044854200853
189,20,151.4079764013586
189,21,178.6513849564435
189,22,181.55508178694436
189,23,190.6210048355133
189,24,172.55093248874618
189,25,155.33328746401094
189,26,184.17514655558625
189,27,192.23525389331917
189,28,163.14779287952115
189,29,145.27621741714393
189,30,171.12601799612457
189,31,202.08139762118662
189,32,165.0367342184618
189,33,163.10666263669555
189,34,177.1061618986423
189,35,144.7646943419095
189,36,164.31878508669615
189,37,170.2753877732248
189,38,197.18193681287812
189,39,181.92006959087303
189,40,154.11078900416032
189,41,176.51416072745633
189,42,205.5943929146888
189,43,173.2422863721731
189,44,184.36778048555425
189,45,176.5112532981948
189,46,166.452554210402
189,47,151.2226199830111
189,48,152.5284318931881
189,49,151.15055057492282
189,50,172.53925372043886
189,51,167.75583274465316
189,52,176.61201665382396
189,53,179.2203741435951
189,54,167.5326435352108
189,55,159.82089233321312
189,56,160.29037345432153
189,57,164.45122694440215
189,58,179.23909431532957
189,59,167.01556452154182
189,60,175.49688165383122
189,61,198.30127074154734
189,62,162.16085886491055
189,63,150.2429708326017
189,64,165.0809522255804
189,65,165.47182404910563
189,66,156.39035840667202
189,67,178.90542058920983
189,68,160.35519358492456
189,69,163.42444053970394
189,70,172.82056408136123
189,71,150.30328416100383
189,72,187.59145489921502
189,73,164.33099631990626
189,74,148.25943341336097
189,75,193.22440708374052
189,76,163.90430345033383
189,77,172.65997426292597
189,78,176.84513922806218
189,79,152.91663015881932
189,80,138.8662106483389
189,81,173.86000494634936
189,82,165.41782658667944
189,83,149.30683097036672
189,84,157.29152812478424
189,85,148.61381432903727
189,86,150.60222565074946
189,87,133.44379562620452
189,88,178.75709687369817
189,89,163.52924592086492
189,90,157.97334961019078
189,91,161.19491212224239
189,92,160.22391874920868
189,93,136.56596272127354
189,94,144.85667970086797
189,95,146.8610175561189
189,96,170.32776040018507
189,97,142.740638676878
189,98,144.6197204790369
189,99,157.11341594191617
189,100,142.3529435767996
189,101,136.14194889006467
189,102,144.79349915550847
189,103,146.61705733639974
189,104,158.4101051467369
189,105,149.63293924114987
189,106,142.27330980126862
189,107,136.46112489291409
189,108,140.46754769799008
189,109,142.4862254513646
189,110,134.79568025658227
189,111,151.7916633868881
189,112,150.90372918495268
189,113,142.89970314926904
189,114,146.12994004326902
189,115,143.15758477080817
189,116,138.64177691015357
189,117,145.80239960693143
189,118,139.0080199413569
189,119,126.06505685928278
189,120,126.06550962728943
189,121,148.10559924632253
189,122,137.48241720309306
189,123,146.60172941918427
189,124,154.77696065999044
189,125,166.74121837090206
189,126,131.1374303896664
189,127,130.86297602116974
189,128,126.95569088064076
189,129,121.18258279405563
189,130,144.86107209791953
189,131,111.84861069876933
189,132,144.3218689386049
189,133,114.99034421792749
189,134,125.28801127368934
189,135,134.14960786486336
189,136,127.80829586223263
189,137,153.4758556625893
189,138,121.62827288542758
189,139,126.78378443408292
189,140,122.66918420355069
189,141,122.64293649984029
189,142,107.809855895277
189,143,138.4149962701049
189,144,132.59372109242395
189,145,119.58763091918809
189,146,110.69914110931131
189,147,124.48991813110479
189,148,91.96106870181393
189,149,108.64404720368475
189,150,130.76746333992196
189,151,106.03016240490251
189,152,149.45510822021606
189,153,84.36754972289054
189,154,112.84634271343384
189,155,100.99654597196786
189,156,96.6165285928073
189,157,125.13277642041066
189,158,112.42968667623063
189,159,92.65197501664807
189,160,114.22903709761886
189,161,105.15639115882368
189,162,109.46576784217177
189,163,128.55278017259116
189,164,102.73749888448947
189,165,70.37519744951715
189,166,120.42277283027215
189,167,103.63633097361162
189,168,92.98453288633755
189,169,88.53186723835097
189,170,75.88026435994834
189,171,96.9617079538657
189,172,99.68820892188523
189,173,93.15498346593813
189,174,59.96377072802716
189,175,96.96059472868365
189,176,76.12974818864313
189,177,79.66357397249521
189,178,76.3151162720169
190,1,111.04943390190601
190,2,140.55213120860572
190,3,106.77025287970173
190,4,110.98069568309438
190,5,138.67798758365097
190,6,97.72776994675223
190,7,116.47504924472742
190,8,109.2084291705396
190,9,98.5805695504896
190,10,120.17258485528873
190,11,106.31716411953676
190,12,114.78878784101835
190,13,93.14598850463517
190,14,118.13783536793926
190,15,137.83977026662615
190,16,118.15078655828984
190,17,110.0777139805723
190,18,105.49066007458896
190,19,117.82580234165653
190,20,115.52810458819295
190,21,117.06028866659472
190,22,106.73845856580738
190,23,117.55161890247837
190,24,106.63341704362392
190,25,116.9377888986055
190,26,125.51036964886589
190,27,111.14180965474952
190,28,120.21837301252526
190,29,79.15746084196144
190,30,102.2900614971295
190,31,123.61748947012529
190,32,118.64105493637908
190,33,99.73054154940473
190,34,112.50980317300127
190,35,99.72944069985533
190,36,110.01424450970808
190,37,114.85701833132771
190,38,114.29544165818515
190,39,115.4720688453308
190,40,112.54939374775131
190,41,120.23786326040135
190,42,151.64053660682112
190,43,98.60154340333247
190,44,105.86324310352211
190,45,100.08015011555835
190,46,129.15846894710558
190,47,101.90436964302353
190,48,135.0647879940152
190,49,102.7433800200597
190,50,91.9588697797808
190,51,103.78381611995428
190,52,121.7634650246473
190,53,101.12287067761645
190,54,129.0457433064803
190,55,99.36834917127271
190,56,99.9349558959293
190,57,99.65765582813765
190,58,121.38298072686302
190,59,110.07552123637288
190,60,110.29972300674126
190,61,108.84178254644212
190,62,109.9143964461764
190,63,116.25434101786232
190,64,89.78872259645141
190,65,99.08500325711066
190,66,117.67989731129637
190,67,81.20506116006436
190,68,107.98301033419557
190,69,109.59801290591713
190,70,106.42827029952605
190,71,98.61442213675764
190,72,104.29951737836382
190,73,113.38216134779213
190,74,91.99879818610498
190,75,93.33930269569828
190,76,95.96618334174127
190,77,83.76465640138485
190,78,97.49928839092172
190,79,101.2304700635068
190,80,100.67600768832926
190,81,86.90550469846494
190,82,100.48686536163586
190,83,124.75105963602255
190,84,107.37116500589036
190,85,88.19962223542097
190,86,88.43797010242997
190,87,86.14660466185887
190,88,94.3618022597002
190,89,86.6180260517358
190,90,106.51578557949688
190,91,88.10081850540882
190,92,111.27706545309047
190,93,82.28607545747946
190,94,89.89530526148155
190,95,85.27694635315129
190,96,89.73502771808126
190,97,90.20687220289983
190,98,98.64485073332617
190,99,88.98897108801611
190,100,86.78742708398204
190,101,82.934920793341
190,102,86.22661465890997
190,103,97.23577672676038
190,104,69.8921804244892
190,105,103.38027443089959
190,106,87.1150767914005
190,107,82.97177364225354
190,108,92.15988121958071
190,109,91.57861820345715
190,110,60.42064762215887
190,111,80.0967215273995
190,112,77.44798254440684
190,113,70.99780338341952
190,114,72.30367169858073
190,115,98.50680489407387
190,116,75.2398689230904
190,117,93.29471292473318
190,118,78.43059993981296
190,119,81.9274769276235
190,120,72.80588716814964
190,121,81.0058038699135
190,122,68.89425815071445
190,123,75.06831181192683
190,124,66.7608559636792
190,125,64.95645080049144
190,126,64.72496978952404
190,127,73.81729850382544
190,128,61.83842188112612
190,129,72.47385650742217
190,130,40.634349006773846
190,131,84.89118077227613
190,132,55.82815823493729
190,133,65.51291318365838
190,134,84.67836952132348
190,135,58.784937982287374
190,136,80.21697807658347
190,137,83.33977222982503
190,138,27.420565871296276
190,139,54.31104346954089
190,140,53.19295378909737
190,141,78.2407445389108
190,142,52.35478781704296
190,143,63.93131193287627
190,144,73.66286463965662
190,145,44.054864614437975
190,146,38.851238859351724
190,147,51.99525821288262
190,148,25.937893302747398
190,149,38.8420326103369
190,150,46.132980927643075
190,151,58.43707587278186
190,152,37.82122648821678
190,153,45.55673440222017
190,154,45.778831703264586
190,155,19.566342810852802
190,156,21.674627259431873
190,157,44.0528444568954
190,158,46.109951107384404
191,1,156.67550621052942
191,2,152.4938469828121
191,3,126.69389121254062
191,4,168.31894889465912
191,5,171.5093474232708
191,6,166.6427801637983
191,7,150.69425357855653
191,8,173.89375835964165
191,9,131.26349690240022
191,10,155.54026277206867
191,11,146.11722837149864
191,12,138.62432341460953
191,13,142.8067936833395
191,14,133.02337266362883
191,15,154.61344548987108
191,16,134.93781987572584
191,17,180.32057080971572
191,18,143.04638960517332
191,19,166.43788668274647
191,20,164.74788214670843
191,21,132.18287363213312
191,22,146.21047181263566
191,23,153.36054299666284
191,24,155.29160288838466
191,25,163.15052068047953
191,26,136.07836904954456
191,27,143.42679623125878
191,28,166.1751283177582
191,29,135.47486436607142
191,30,155.6150575280626
191,31,142.19683913859626
191,32,155.75046243637917
191,33,146.67773232814216
191,34,160.43234466835565
191,35,153.70572911101772
191,36,142.14497349166777
191,37,135.78218681336148
191,38,167.8352205615447
191,39,149.6593769191386
191,40,141.84063671786862
191,41,155.17070158149
191,42,150.71069976776198
191,43,139.95844917765498
191,44,140.24481791391008
191,45,138.0968098864032
191,46,156.41664539298654
191,47,127.61555960686383
191,48,163.7674664534061
191,49,146.05011205120536
191,50,166.03784526472737
191,51,161.7546323987408
191,52,154.55720817861584
191,53,143.65468866482115
191,54,108.33741599167115
191,55,142.091780486684
191,56,159.84797842639819
191,57,158.13073337514652
191,58,134.96332347384305
191,59,145.48278797607782
191,60,133.2779952552737
191,61,138.56142303853994
191,62,149.21744439697795
191,63,126.3737610633616
191,64,139.44317073161073
191,65,136.08863460567954
191,66,151.13403612890397
191,67,138.56307022890542
191,68,136.38577968411118
191,69,136.00649803801207
191,70,137.4567159217695
191,71,151.43207007279125
191,72,164.0214778377558
191,73,139.72692251553235
191,74,146.49005784220208
191,75,120.00871460441704
191,76,139.1170197254396
191,77,149.53156214881164
191,78,130.39868597855093
191,79,137.06755583516497
191,80,137.02973073945032
191,81,151.83469163456903
191,82,160.78834837066825
191,83,132.6027958345221
191,84,147.817760201513
191,85,128.5518405738694
191,86,149.40327585102204
191,87,122.82523194209352
191,88,148.75438627628318
191,89,118.61231209873222
191,90,147.83725367826992
191,91,138.48442611160135
191,92,112.18203592854115
191,93,135.04628146706818
191,94,132.93336740222003
191,95,117.53734382175026
192,1,134.6084488036213
192,2,147.60694577933464
192,3,115.9781760289261
192,4,157.97471141105052
192,5,146.80697119021352
192,6,138.676819930457
192,7,127.3314050096451
192,8,143.8440228515974
192,9,148.72932976000448
192,10,117.64770640730421
192,11,117.40226279354829
192,12,138.77981699941301
192,13,163.12148346608592
192,14,131.26466061747487
192,15,142.7260534529778
192,16,132.48143233090377
192,17,150.08409454094362
192,18,154.68779456053016
192,19,139.06989182773395
192,20,139.97561341090477
192,21,128.98745925041294
192,22,111.88575537826546
192,23,149.81611581281322
192,24,120.56746478265268
192,25,149.4215271928988
192,26,145.30972522746742
192,27,143.4310661098134
192,28,120.87313554644788
192,29,133.9228599576818
192,30,110.14083149540966
192,31,124.59548217592237
192,32,131.4535041226918
192,33,132.71215075106738
192,34,146.3784728950559
192,35,123.10216525451688
192,36,125.89982889420935
192,37,138.00421960487438
192,38,135.21443272829492
192,39,124.83285717049148
192,40,137.64118136879551
192,41,122.73500198965485
192,42,126.87436316363892
192,43,142.3598471212099
192,44,128.24029832470842
192,45,118.73461319976923
192,46,111.20481548924727
192,47,124.58004591627832
192,48,134.60622579362098
192,49,156.8934158872362
192,50,122.89399781342217
192,51,141.076164431317
192,52,113.06404251958884
192,53,143.18541228372487
192,54,122.10894041220308
192,55,108.5398363616041
192,56,110.42785954740975
192,57,116.73435142821836
192,58,121.91659171364881
192,59,116.06200928886392
192,60,135.88782098900265
192,61,93.83840956814674
192,62,118.5418256695848
192,63,132.32730804119637
192,64,135.09557933973701
192,65,116.40986143461487
192,66,110.79596874037816
192,67,124.38928943675273
192,68,133.39751534005336
192,69,138.1047865524597
192,70,138.122520904275
192,71,128.61360526573117
192,72,139.04909963814134
192,73,113.52202830033639
192,74,116.7660180403036
192,75,125.35026902768004
192,76,131.91959357667656
192,77,121.15285092464183
192,78,124.24396919638093
192,79,103.400107869973
192,80,88.80251760379178
192,81,110.70014049973543
192,82,96.49168485523114
192,83,104.89003341914213
192,84,93.50624223977502
192,85,129.95143383536197
192,86,98.42828964375076
192,87,91.3064152446459
192,88,107.177472123396
192,89,112.79347007251636
192,90,84.58596002837294
192,91,124.07646061252308
192,92,128.41476741792576
192,93,94.30439578912046
192,94,80.96649007262022
192,95,116.78747824798484
192,96,96.72849389191106
192,97,98.40489680685278
192,98,97.74367885470565
192,99,92.88862764667283
192,100,114.5568557219085
192,101,122.31039546974353
192,102,103.48036183590739
192,103,87.58478585512785
192,104,101.72663680186815
192,105,99.58037075375614
192,106,109.80649963529868
192,107,112.82805500810355
192,108,98.55406712120748
192,109,110.5092788969705
192,110,86.85893482133542
192,111,83.05017679139564
192,112,90.00772450125078
192,113,84.9528110517349
192,114,87.87337507073971
192,115,79.99405962216406
192,116,78.49257967298036
192,117,109.76693086510932
192,118,101.33908537313255
192,119,110.49131058579223
192,120,103.32771514112392
192,121,83.1666805949717
192,122,91.66726784910861
192,123,95.82102215866325
192,124,78.51123101964913
192,125,81.38387476883508
192,126,109.76077947577869
192,127,81.78141066720855
192,128,93.07353896414861
192,129,86.9451148118169
192,130,97.38389291906788
192,131,77.46333059416065
192,132,77.44865865706379
192,133,72.69991188435233
192,134,68.52588061991992
192,135,74.30531985359266
192,136,76.7810739927736
192,137,62.77366029340919
192,138,44.339149727144104
192,139,75.72256541463867
192,140,99.31556948482466
192,141,58.766662745169015
192,142,69.43541778478539
192,143,66.59081805968162
192,144,43.987629445160565
192,145,64.26707379855361
192,146,66.89829165837
192,147,53.4496732438638
192,148,45.08642906216846
192,149,62.1003232583389
192,150,56.75029241748416
192,151,58.77683090649225
192,152,46.90812608097622
192,153,70.28038003166876
192,154,35.66235864963528
192,155,59.297061289784324
192,156,37.120105493722804
192,157,34.517846755588835
192,158,34.18788686249172
192,159,51.59895934545057
192,160,35.75988220349973
192,161,39.88114994287025
193,1,140.78013789746183
193,2,144.2488520245679
193,3,123.61154480448022
193,4,121.26438402606436
193,5,139.71517565628892
193,6,138.26774339994154
193,7,135.21913350639807
193,8,122.8493759268531
193,9,123.015258149695
193,10,131.7478717433405
193,11,142.6832246690683
193,12,128.06318230558827
193,13,118.43133433846378
193,14,118.27790632804681
193,15,136.2040318655927
193,16,119.06499057282053
193,17,138.78644149727188
193,18,125.35310010833928
193,19,122.23966868776188
193,20,118.91219398070825
193,21,141.84938726240944
193,22,122.3325582341713
193,23,127.12057076181372
193,24,122.24941450237384
193,25,114.74286431666405
193,26,131.86751382643706
193,27,135.76072603098874
193,28,132.9746076856827
193,29,131.39214380706835
193,30,131.4785121257737
193,31,150.13469987292774
193,32,148.99308952270076
193,33,102.87627238788264
193,34,119.01563634753256
193,35,129.3202566505497
193,36,129.93240263775078
193,37,122.13522557953547
193,38,123.11217579941149
193,39,125.16680846986128
193,40,121.63212531397585
193,41,132.28447714596405
193,42,118.19818970650522
193,43,147.1217432892663
193,44,123.15746677983407
193,45,157.89433463747991
193,46,111.35209358713473
193,47,110.7159305601308
193,48,109.36272637038928
193,49,113.87155495353363
193,50,154.57743857148307
193,51,122.1552419591244
193,52,124.32810086862446
193,53,138.20917214865767
193,54,115.89640094810602
193,55,128.97548259446194
193,56,124.50389589276165
193,57,143.24085749827645
193,58,144.02553229070327
193,59,120.35197122679529
193,60,121.68857384885632
193,61,147.19162092714396
193,62,84.65126653815969
193,63,133.50892735272646
193,64,152.34170961981
193,65,141.57049578359874
193,66,143.63117085575504
193,67,104.15448741742875
193,68,118.36349038208573
193,69,116.37492648835178
193,70,110.25273984493833
193,71,126.59909156440699
193,72,123.57303542130103
193,73,126.92140175454551
193,74,113.56670469765959
193,75,121.27027070670738
193,76,126.2657299732673
193,77,103.25415732736292
193,78,135.11229762013681
193,79,108.05986986498465
193,80,134.31531170653034
193,81,115.32999584571371
193,82,123.13328268536861
193,83,99.0714100147452
193,84,133.15353718935512
193,85,112.3937630770306
193,86,122.6594042311117
193,87,156.28104754731612
193,88,116.98034451973217
193,89,124.53063557994756
193,90,119.34065896554239
193,91,130.40896096172946
193,92,123.39918798480358
193,93,98.2750762406722
193,94,108.79611569173721
193,95,115.89630154082988
193,96,116.23384838292259
193,97,129.70238506885653
193,98,118.50806048508821
193,99,132.28084485981526
193,100,107.23777808876184
193,101,115.31460510432225
193,102,115.47705698481877
193,103,117.51634753620601
193,104,123.0643221560531
193,105,104.45921614515828
193,106,115.48944396945444
193,107,134.71823684532137
193,108,121.14775952192576
193,109,111.79337318365288
193,110,141.91948407614836
193,111,135.09724337189982
193,112,116.57446443817025
193,113,116.12760986803187
193,114,116.40982841663208
193,115,100.25248764873686
193,116,124.49796659671847
193,117,116.00727083331003
193,118,121.98204401974363
193,119,123.72997668919561
193,120,128.77005682132585
193,121,98.56655035669974
193,122,123.25866660597967
193,123,109.52689554652898
193,124,124.10919766151346
193,125,105.19359124660696
193,126,133.32352723943768
193,127,93.16090642595373
193,128,105.53422088462685
193,129,119.31720112905896
193,130,99.57862380663573
193,131,123.8753396494576
193,132,105.84056573059206
193,133,105.98355078026361
193,134,131.54313308685232
193,135,122.76841742111719
193,136,110.85274960139941
193,137,110.62686188142834
193,138,98.61595621539163
193,139,128.27604450325452
193,140,120.32946792256553
193,141,94.11230198400881
193,142,108.12568451463449
193,143,115.37477343090723
193,144,110.41600795982231
193,145,108.87992558576661
193,146,87.68879887153162
193,147,112.88697429650347
193,148,113.2009975593246
193,149,105.92785688932054
193,150,115.78858094317548
193,151,105.68934259609523
193,152,125.05075064667471
193,153,113.5174830105243
193,154,119.16074950290931
193,155,96.89616745181411
193,156,116.05355471384246
193,157,87.00938794385729
193,158,158.506603607304
193,159,100.15105724705063
193,160,112.76674416101014
193,161,110.07111784517474
193,162,112.93402262844756
193,163,102.5452206926202
193,164,104.86889208848152
193,165,96.87164857634343
193,166,110.91836375195999
193,167,117.43202396941342
193,168,121.43818402111356
193,169,97.96241908830416
193,170,101.56716790072096
193,171,100.20378817565506
193,172,118.58796493047703
193,173,95.95223472757061
193,174,85.76559996503784
193,175,107.32088609451603
193,176,92.60978210838948
193,177,87.04950432009355
193,178,87.9385176817159
193,179,101.20300854330708
193,180,105.37304796656827
193,181,87.55274907156127
193,182,101.08137666057883
193,183,98.72604470136866
193,184,98.63845883198519
193,185,116.78013239613938
193,186,92.78880934687913
193,187,74.87972590640129
193,188,98.45285490508104
193,189,103.94230749637791
193,190,82.09962013219047
193,191,74.80542244727985
193,192,80.10877547291602
193,193,82.16571185334033
193,194,68.76747844935744
193,195,99.40168887837353
193,196,89.16142714505258
193,197,76.42504654883669
193,198,101.29513519091415
193,199,72.44856260187225
193,200,67.73312265166169
193,201,75.4115971837673
193,202,82.2002158191608
193,203,84.14055790799466
193,204,87.8317353101229
193,205,73.67155833236757
193,206,88.10400809236307
193,207,91.04644253418519
193,208,65.33270327081846
193,209,79.76754871036974
193,210,54.64954307293374
193,211,66.46006047676929
193,212,78.95866782455414
193,213,56.27798895593878
193,214,80.26759644369304
193,215,67.36049253579404
193,216,55.200561334655504
193,217,99.03256493990193
193,218,43.04181524069281
193,219,95.48999674623337
193,220,70.73664270737936
193,221,67.39570780595386
193,222,65.81543350952415
193,223,61.65439456503009
193,224,72.5080959196348
193,225,38.2353181935614
193,226,53.34097961895168
193,227,80.58563761170808
193,228,35.364949608592724
193,229,64.81353678585583
193,230,60.34973854790587
193,231,34.51595300581539
193,232,63.681740507010545
193,233,50.33550602885225
193,234,33.86623156926362
193,235,48.81532984712976
193,236,48.81051156092144
193,237,71.25927225384658
193,238,48.242311362155306
193,239,32.58509080280055
193,240,40.53644439854543
193,241,64.37120629738638
193,242,63.50619462026225
193,243,41.48877412194997
193,244,40.63234006536368
193,245,62.362933862779755
194,1,187.18679522493767
194,2,158.22406083271198
194,3,163.6523131390204
194,4,173.74338567551604
194,5,185.0976447943831
194,6,166.09909253320802
194,7,144.73552631554048
194,8,164.86533433290606
194,9,178.57998726562073
194,10,205.7445791551363
194,11,174.02564687851554
194,12,156.7222043926522
194,13,206.3152413809512
194,14,177.95633922479465
194,15,165.5208974700945
194,16,150.84215014816436
194,17,155.14452221276588
194,18,184.07540181950026
194,19,166.11809615654784
194,20,176.18799904637854
194,21,196.14711286265083
194,22,186.40116039633722
194,23,191.46965200217528
194,24,159.11466876208578
194,25,164.7553901328065
194,26,164.22370421598316
194,27,199.6558218526843
194,28,161.0463923278803
194,29,170.43355351781793
194,30,174.93430841360532
194,31,190.55912205263303
194,32,176.9743038630986
194,33,143.8888653640024
194,34,148.30508720118087
194,35,184.66245105228882
194,36,173.6005283056802
194,37,176.37856217016815
194,38,175.59555473321234
194,39,174.93467699900793
194,40,160.49109692677303
194,41,178.03113426303753
194,42,160.0817844074627
194,43,148.71005205718393
194,44,149.618605858479
194,45,150.72121277694532
194,46,174.5821822368889
194,47,182.60183096649416
194,48,163.84915024079237
194,49,172.16432516034547
194,50,140.44384084679768
195,1,163.28994469088502
195,2,159.54293244909059
195,3,147.88866226966638
195,4,174.80330909855547
195,5,170.8214776458699
195,6,173.80748547651456
195,7,168.2829756377614
195,8,183.7355709132098
195,9,176.52465595159447
195,10,186.36003052594606
195,11,200.20686975725403
195,12,174.18420640625845
195,13,156.46341118714918
195,14,159.59903628483153
195,15,190.0843440777171
195,16,174.5767837330859
195,17,162.5735242619121
195,18,148.5139933129467
195,19,171.52991507486877
195,20,199.41862921668508
195,21,158.75109183898167
195,22,147.78678115030925
195,23,183.08089563573594
195,24,164.85276824978064
195,25,166.67265959519864
195,26,147.6498244809918
195,27,169.28639225143706
195,28,188.49021314126003
195,29,188.0837717428949
195,30,173.0826635396952
195,31,202.9829626022547
195,32,165.78922136671463
195,33,185.96823096925073
195,34,153.67805981167476
195,35,180.9895980322617
195,36,173.31045814890967
195,37,195.96525753787137
195,38,167.9588602772492
195,39,195.13030853503733
195,40,180.22826353595883
195,41,141.99773406246095
195,42,167.08655783743598
195,43,171.45970935864898
195,44,186.12762936960644
195,45,192.96732245540625
195,46,167.73984567133448
195,47,157.62225798862346
195,48,185.23434097457357
195,49,176.64391609872837
195,50,157.27541794042918
195,51,155.76357479667786
195,52,174.27124425876536
195,53,159.39125305812922
195,54,183.7415782655953
195,55,163.20238487131428
195,56,167.1998811097801
195,57,157.9286885868496
195,58,158.3807756399474
195,59,165.10892167682323
195,60,172.68899932392378
195,61,175.06186567328405
195,62,162.92109398662433
195,63,167.90939082970726
195,64,171.02841865624214
195,65,179.5039249218462
195,66,185.42379398361663
195,67,184.00610362068983
195,68,174.95135346962343
195,69,179.4294362205983
195,70,161.9935058894407
195,71,143.17738835691125
195,72,155.33335471423197
195,73,182.81409878901468
195,74,168.33361140356283
195,75,182.1015569005467
195,76,162.11609930051054
195,77,158.15697849358548
195,78,183.6846692448962
195,79,175.354464297714
195,80,157.17800515517592
195,81,184.80136235163081
195,82,190.17073000346863
195,83,160.7734039051502
195,84,171.64842847965338
195,85,183.38675178709673
195,86,163.0815164749729
195,87,135.58536242981063
195,88,189.02594829527516
195,89,157.4159649997673
195,90,161.6208759970832
195,91,192.88774430748163
195,92,170.48765500322042
195,93,161.66006715618278
195,94,179.40988083284174
195,95,165.7147617869632
195,96,186.64014281765412
195,97,159.45843256398803
195,98,163.0889789961293
195,99,197.1220269909245
195,100,184.36892032002652
195,101,182.3088417436884
195,102,199.77032005816727
195,103,147.15994165188022
195,104,136.32873007721355
195,105,152.7553934160169
195,106,168.24456600946723
195,107,154.24086851737957
195,108,175.30079682875657
195,109,152.81614237093163
195,110,170.55466260152753
195,111,180.89415936326986
195,112,166.57561470799556
195,113,151.04815597608103
195,114,159.11200984436437
195,115,167.66822838801454
195,116,163.32390480299364
195,117,167.5439457316752
195,118,187.99698126312433
195,119,144.50374116301828
195,120,160.53083758924913
195,121,167.85077110369457
195,122,164.91563356467668
195,123,159.94658442448417
195,124,148.62818611529656
195,125,178.5246999828887
195,126,144.11911987033818
195,127,154.75775623565278
195,128,179.4858602826207
195,129,150.44712175802852
195,130,172.32620228780434
195,131,138.21376442386827
195,132,162.81938692539552
195,133,152.56435918398347
195,134,152.2758686798552
195,135,183.15678481661598
195,136,170.82199071584182
195,137,143.45149002537073
195,138,148.2967201971478
195,139,170.24689733736886
195,140,174.75623261104192
195,141,146.10994124010904
195,142,168.80135733842326
195,143,182.79966547100048
195,144,174.87940217047435
195,145,141.63300695858925
195,146,184.06530676589318
195,147,154.10394996457035
195,148,157.59511726688652
195,149,184.61558781589702
195,150,175.14917517817958
195,151,150.88186797182425
195,152,160.1534939044941
195,153,151.49751777812344
195,154,160.30760733770148
195,155,173.17075413418934
195,156,137.7355574977555
195,157,114.52709983974637
195,158,151.8572503620453
195,159,146.9992081654491
195,160,138.26280618656892
195,161,123.30840744360466
195,162,166.2389245952727
195,163,140.12001891685213
195,164,121.96291249798378
195,165,162.90776897072647
195,166,144.8506301354064
195,167,139.69844583918166
195,168,123.29322700448392
195,169,148.45269043959706
195,170,128.9572749812287
195,171,158.09456496452185
195,172,149.96243000660616
195,173,135.18006881215115
195,174,135.69824312379933
195,175,142.24407765336218
195,176,152.63818063504004
195,177,154.79957399557316
195,178,127.80731399542128
195,179,139.67435203890636
195,180,151.96622466615372
195,181,152.73156258317613
195,182,136.28687898875796
195,183,133.25158639612346
195,184,141.2039104107098
195,185,131.87634550453367
195,186,144.14999328048725
195,187,118.85211014096421
195,188,118.41943922746577
195,189,139.87993449548958
195,190,135.44887045546056
195,191,161.21410598629882
195,192,144.96191861404805
195,193,132.14574981531769
195,194,146.208892833376
195,195,147.3101340640642
195,196,156.69605501795013
195,197,127.13590351188031
195,198,157.65466423446924
195,199,145.5531560241725
195,200,130.3596655916408
195,201,143.3741532703716
195,202,122.24568233417813
195,203,149.5539514762495
195,204,128.70962817096006
195,205,102.38415419321245
195,206,131.60150723892002
195,207,124.89296403445042
195,208,140.53700160528388
195,209,137.39638579978782
195,210,150.29380413950275
195,211,122.63211220015364
195,212,110.96170661766519
195,213,135.264543433972
195,214,113.80837765665638
195,215,139.8309543172727
195,216,126.62301556424791
195,217,115.9971904755148
195,218,117.31183211304597
195,219,126.47157549649273
195,220,132.93577168758202
195,221,117.51757252499374
195,222,103.37178668301203
195,223,147.58457311993698
195,224,130.7044157657292
195,225,134.74821609408536
195,226,135.86917337935301
195,227,114.10640651689755
195,228,121.6837482931951
195,229,96.70515512055863
195,230,117.21325863368111
195,231,125.71888550387666
195,232,125.6909388781205
195,233,105.34900867682154
195,234,110.57449552067555
195,235,108.97707153075316
195,236,110.3989746716179
195,237,121.3862381340441
195,238,100.38694443272107
195,239,126.47246672616166
195,240,106.59144468094746
195,241,89.1289779273502
195,242,81.36433516508987
195,243,115.98331776593841
195,244,99.6948932185187
195,245,111.18100232540746
195,246,72.76843211519736
195,247,122.61251308281498
195,248,95.90754448851658
195,249,91.98714456196467
195,250,92.4835313526055
195,251,99.35090931563172
195,252,101.36054322611744
195,253,94.07979395948496
195,254,119.46753521393111
195,255,109.3014505071842
195,256,92.19148404661973
195,257,88.38168288835004
195,258,99.72759513957863
195,259,71.7257957716065
195,260,63.65463679565437
195,261,114.65646993443806
195,262,85.67750510108453
196,1,176.07246654749179
196,2,187.23539635717316
196,3,169.06843927616137
196,4,190.02501140423556
196,5,183.44626155636797
196,6,171.79235490674182
196,7,172.8576968586567
196,8,180.96843438692304
196,9,202.53834959753294
196,10,155.85386491788086
196,11,171.1080563555006
196,12,188.75581755388703
196,13,162.99803184418852
196,14,205.8289715277715
196,15,203.13576551941514
196,16,178.07254072526848
196,17,182.1203109752969
196,18,171.56637617483648
196,19,171.5275897146057
196,20,190.9732361768838
196,21,176.74160502228187
196,22,170.301456691981
196,23,176.95050768868532
196,24,165.9956156217886
196,25,178.94433951583778
196,26,171.2126674272222
196,27,163.45916075356217
196,28,195.29501883062767
196,29,204.61943531878205
196,30,173.3670802134584
196,31,173.15084206536267
196,32,174.92723150909296
196,33,169.70042596905114
196,34,173.26414633167587
196,35,182.14669004613825
196,36,182.0362515498491
196,37,143.26874423884146
196,38,154.31996499853267
196,39,197.69478941571288
196,40,173.29461386923504
196,41,168.49640135769732
196,42,189.98975201676512
196,43,172.07673089927994
196,44,187.1638931087291
196,45,167.61536403599166
196,46,176.95144569851982
196,47,154.0463413230391
196,48,163.82965044189768
196,49,165.83606702565885
196,50,180.325175207945
196,51,189.43054775914788
196,52,162.21916201115528
196,53,152.61176407362655
196,54,176.11331728511868
196,55,180.30929560469667
196,56,188.19287388570228
196,57,173.3156818159914
196,58,168.03049351168738
196,59,175.94334575221728
196,60,173.4799443006923
196,61,136.70760917058215
196,62,157.85027006999007
196,63,149.72567751403403
196,64,138.5368930518307
196,65,174.77834596891626
196,66,166.43727771280828
196,67,175.58995606788812
196,68,182.5117502162102
196,69,173.014149490009
196,70,176.63180505781202
196,71,161.72158917493653
196,72,144.13538039813284
196,73,167.32294311667647
196,74,183.9581410654646
196,75,171.20863674201246
196,76,165.35893850431603
196,77,150.018822320264
196,78,156.3170154790787
196,79,159.0717096590888
196,80,166.1273562264978
196,81,153.29108145321516
196,82,161.92075176282378
196,83,140.2569120570406
196,84,169.52199816214852
196,85,176.80248114660208
196,86,152.19571446377086
196,87,163.32323520265345
196,88,178.6277338733562
196,89,131.95702701342088
196,90,152.95430435609887
196,91,165.48833153514715
196,92,165.55609965218173
196,93,181.09326521398907
196,94,148.3067482632905
196,95,166.82668806560105
196,96,163.69374599184812
196,97,149.68236576278287
196,98,165.81730134676764
196,99,160.86130187987874
196,100,155.8831064110709
196,101,173.58900568083482
196,102,159.41532807289332
196,103,136.52899794215773
196,104,141.24192262211727
196,105,157.8111413721199
196,106,140.5251660865979
196,107,134.43857739643863
196,108,155.48717660003604
196,109,145.02872229109926
197,1,198.1031323417992
197,2,183.16410378352884
197,3,178.39673231995403
197,4,164.9163644233704
197,5,175.4261287948175
197,6,211.1144692384987
197,7,175.25519819890178
197,8,179.70394116947136
197,9,175.4863676958994
197,10,172.93336784259736
197,11,185.42391625735763
197,12,205.51438355265418
197,13,171.53439275937853
197,14,184.12700521074294
197,15,168.56140471075923
197,16,156.01420859090285
197,17,168.18599927113974
197,18,168.43045298428478
197,19,180.55702778042178
197,20,171.48699643606233
197,21,182.30444455851102
197,22,201.34032486573415
197,23,188.56460034799238
197,24,180.9592920834766
197,25,194.36541936972935
197,26,170.76510351675824
197,27,162.18053932978364
197,28,186.81813475055242
197,29,214.56450412085542
197,30,174.25178771769424
197,31,192.77129878284177
197,32,176.49481730756816
197,33,160.06369839930994
197,34,183.88885836629197
197,35,206.6733950944763
197,36,176.05002906815935
197,37,198.12598089796666
197,38,180.45852940677287
197,39,192.95123489774414
197,40,190.92427554239111
197,41,180.3870029667669
197,42,201.05419177835574
197,43,182.3356838255495
197,44,197.54116137987148
197,45,181.54485144725913
197,46,160.77835669755586
197,47,165.3737081448926
197,48,175.8766295872265
197,49,168.12680690502748
197,50,163.94565130137198
197,51,168.95941205994313
197,52,169.74062608798704
197,53,174.043134423031
197,54,164.86798548096704
197,55,159.9401296638025
197,56,170.14875337699777
197,57,155.86574324438698
197,58,201.38863886978652
197,59,149.12823119047243
198,1,143.99785259714554
198,2,177.53442252860987
198,3,162.9415936925143
198,4,160.57324666444038
198,5,164.19092299515614
198,6,169.88791653577937
198,7,174.5793570968308
198,8,181.213433775054
198,9,170.1114130676433
198,10,191.2335554379897
198,11,158.15656953363214
198,12,156.89377057526872
198,13,166.55881537694222
198,14,161.45704944492172
198,15,183.3195541213281
198,16,177.7607302476972
198,17,152.46878024686885
198,18,190.8470442034086
198,19,171.0452920618045
198,20,137.36946900348266
198,21,174.6713209233203
198,22,152.90124521502003
198,23,170.35618561861338
198,24,155.57358169317013
198,25,192.3852026923123
198,26,160.42470285361196
198,27,167.5997854851521
198,28,158.56996475163032
198,29,166.71120960538974
198,30,148.59128107231663
198,31,184.1353159569626
198,32,166.5063171728616
198,33,180.56706600928737
198,34,166.14554194820084
198,35,181.51068238053267
198,36,149.9727991914624
198,37,142.93706730519625
198,38,156.4412520052938
198,39,163.59927357733977
198,40,164.16161850914068
198,41,184.7919357689534
198,42,153.27853576434427
198,43,166.19001231669245
198,44,140.74293725462485
198,45,154.3609632726293
198,46,169.29747771269467
198,47,163.84192185699794
198,48,165.8282930560017
198,49,178.54337419911462
198,50,148.25596375525492
198,51,165.93349397969723
198,52,164.96498597553
198,53,143.797813128469
198,54,145.93130085671146
198,55,166.56999376229942
198,56,167.90343872983067
198,57,142.63934295421495
198,58,161.97409502728988
198,59,162.29460357291828
198,60,150.7875303809269
198,61,154.83990359036397
198,62,149.78201748810534
198,63,169.98841273307335
198,64,172.50806443423062
198,65,164.716286253235
198,66,149.636340492827
198,67,156.09890015866404
198,68,157.84132461601257
198,69,156.81805672340852
198,70,141.26329708460253
198,71,171.58690819723415
198,72,120.74183920937503
198,73,140.00876258328208
198,74,149.09517714242975
198,75,132.9529121247033
198,76,168.30760107325477
198,77,128.09871957653377
198,78,152.23237923002307
198,79,142.96915973535943
198,80,152.64349655629485
198,81,158.43373652945593
198,82,116.68437784801063
198,83,129.30949146128114
198,84,139.09404368634569
198,85,153.25996494834544
198,86,135.9951750983455
198,87,132.6384929756241
198,88,149.78838071659993
198,89,123.10039639561
198,90,174.34264360738598
198,91,127.718110412432
198,92,138.1399156915213
198,93,102.59239351057477
198,94,113.0885739383084
198,95,148.42800054552208
198,96,126.0072844524766
198,97,133.15163055120502
198,98,130.4401620477147
198,99,115.75782608985901
198,100,107.46397441912268
198,101,123.96935798300547
198,102,116.05747040433926
198,103,136.17158181074774
198,104,120.77674434333312
198,105,109.7557838378998
198,106,121.3242494651713
198,107,123.42546428843343
198,108,103.64636054993025
198,109,112.60311101414118
198,110,104.66246597377904
198,111,107.60606510479556
198,112,115.14070074875781
198,113,114.13376104280178
198,114,114.93547766406118
198,115,83.61607930759055
198,116,94.36950877048366
198,117,105.07660867081722
198,118,89.12965351539606
198,119,84.76270080434915
198,120,96.71169664518675
199,1,201.39055145094608
199,2,203.7780146865989
199,3,211.5405637206568
199,4,189.48070477886358
199,5,191.76253281353274
199,6,205.2321835863113
199,7,201.0842930100116
199,8,169.12856268091127
199,9,204.13870897205925
199,10,174.58876247968146
199,11,203.6616434887983
199,12,167.22697587007133
199,13,193.74802309229563
199,14,204.9223938503419
199,15,206.21780581074563
199,16,228.98919932592253
199,17,226.737779872994
199,18,158.10652513858076
199,19,220.21704014981515
199,20,163.74893040330062
199,21,159.9104723003329
199,22,189.39590341332223
199,23,187.43799307071458
199,24,206.52937534185185
199,25,167.04703291569604
199,26,191.4361314477137
199,27,179.35511970098742
199,28,186.71355296265392
199,29,189.78317454819626
199,30,175.32729918896075
199,31,212.3888985647718
199,32,220.32928216464643
199,33,196.9730345081698
199,34,197.36351454407122
199,35,192.56127564272174
199,36,193.59148420795827
199,37,211.7931044088109
199,38,201.54413091526658
199,39,182.47211315125605
199,40,191.01815625089512
199,41,184.15766926202923
199,42,157.45029517201328
199,43,180.92168341686192
199,44,169.5963753247779
199,45,191.57399675267516
199,46,188.009526322101
199,47,185.18063780621014
199,48,175.28754457180912
199,49,184.14734814891563
199,50,195.74923273612512
199,51,188.25291790946358
199,52,213.56600028620596
199,53,191.08597497022856
199,54,172.72119692969864
199,55,194.35929874659632
199,56,176.67387316691747
199,57,194.47967593620706
199,58,183.97888488467288
199,59,194.6068465542994
199,60,179.8582454721909
199,61,184.84309973390918
199,62,178.33828225522302
199,63,202.5089693583359
199,64,191.46642402534053
199,65,195.37136145201657
199,66,176.12321055025677
199,67,176.85223936212424
199,68,175.75276696657238
199,69,189.67978057324945
199,70,186.51907589441544
199,71,149.69669002533192
199,72,201.10075967504235
199,73,175.47175030958897
199,74,180.6107972262762
199,75,201.8306944710057
199,76,218.26596824296576
199,77,172.60397979273694
199,78,199.63155216960877
199,79,203.95209808630898
199,80,175.66062048885215
199,81,196.8247238162803
199,82,205.72069409194955
199,83,191.51642996477312
199,84,167.99595336068887
199,85,175.2591501889765
199,86,216.44172738015914
199,87,184.51268249099667
199,88,152.35093881397188
199,89,185.1367003241976
199,90,170.18510972639342
199,91,178.36898624636524
199,92,183.93179626000347
199,93,174.44914250852162
199,94,194.1856573837067
199,95,190.26938274542772
199,96,180.26720775015565
199,97,170.948498448779
199,98,162.80047726060002
199,99,175.62316065398772
199,100,181.27895441784494
199,101,189.20769306815782
199,102,170.93123921619554
199,103,174.65065045136726
199,104,194.7128772386568
199,105,183.93961402175773
199,106,182.92724781339348
199,107,170.4735366604
199,108,159.20602822711953
199,109,153.7774285425985
199,110,140.6554066847384
199,111,180.40738022728328
199,112,154.38997200120502
199,113,177.197207426565
199,114,169.8498138357245
199,115,160.98189043049206
199,116,185.31049635768431
199,117,161.48618428280315
200,1,85.13274610129156
200,2,94.74244200312387
200,3,104.62046610403922
200,4,86.30780676114227
200,5,88.31796558986389
200,6,88.12741893960629
200,7,122.91719547817775
200,8,99.92929903944605
200,9,106.19671458987432
200,10,106.53305001582339
200,11,79.20097716147575
200,12,106.17816596529156
200,13,115.46334529525484
200,14,96.53177246055566
200,15,91.0795950823449
200,16,104.80714672980685
200,17,75.18311809443549
200,18,106.59177937455388
200,19,83.35716887434683
200,20,97.07987857372063
200,21,106.94970948871924
200,22,82.85156201104837
200,23,63.18037046806421
200,24,104.44318089084118
200,25,124.47989475983923
200,26,98.35803890841635
200,27,109.55343684022955
200,28,92.9005363935139
200,29,113.8259598015502
200,30,100.4019543507602
200,31,114.25186412770563
200,32,84.89185448058561
200,33,94.99391435103462
200,34,95.28671809357184
200,35,124.07410446484573
200,36,87.82254068164184
200,37,97.55996399278229
200,38,83.32573868016334
200,39,118.54723920575634
200,40,107.39042045568203
200,41,81.64610126503248
200,42,118.94445848001487
200,43,104.54457873431238
200,44,84.12308797644073
200,45,87.73867967509432
200,46,89.51869496648578
200,47,102.20642013385805
200,48,107.38347047244315
200,49,91.40100245882786
200,50,104.9860587642761
200,51,94.47489105560089
200,52,102.62028507873038
200,53,105.57439398689894
200,54,95.13488137131208
200,55,101.65534314609977
200,56,79.22216949858557
200,57,89.11988558136363
200,58,90.69161747446924
200,59,107.20674582017091
200,60,92.41990988918405
201,1,158.6870282589225
201,2,143.47572811495047
201,3,160.39778607148764
201,4,169.13140821140405
201,5,145.7997183061816
201,6,165.25460680520337
201,7,145.87706342282763
201,8,167.68031659964618
201,9,142.19649400015624
201,10,159.78308573504182
201,11,150.86583021873957
201,12,159.65525204877486
201,13,156.30541207468923
201,14,154.675273674482
201,15,138.1927632055449
201,16,164.87123534794955
201,17,122.65043240390514
201,18,165.2306318819392
201,19,150.6383890924335
201,20,152.23160232922964
201,21,165.26376443599293
201,22,142.00588369978504
201,23,148.04651535119046
201,24,150.99899565506348
201,25,135.35770681142458
202,1,160.36526150508143
202,2,171.53249907244754
202,3,160.85187250300805
202,4,173.12120748785674
202,5,177.10685326148814
202,6,160.22489085907
202,7,157.26467776663048
202,8,183.6861272572205
202,9,157.21398995185882
202,10,159.09610086287285
202,11,162.9024849213747
202,12,174.33503496216872
202,13,166.57241998848622
202,14,155.4477999309238
202,15,171.93283964539296
202,16,177.73166746222705
202,17,159.4085360570607
202,18,180.60289801297768
202,19,175.04724341051042
202,20,171.9323862937672
202,21,176.36480551458953
202,22,173.20348502464185
202,23,157.97450436997315
202,24,175.70314295154094
202,25,163.09858665319916
202,26,168.09048331317172
202,27,166.38427976614912
202,28,148.3870622942195
202,29,158.38616625899886
202,30,167.56176773674815
202,31,174.78123078304634
202,32,168.2045498093139
202,33,174.30465920254937
202,34,173.07316972033732
202,35,170.30451074262237
202,36,169.95973876280186
202,37,151.18969422568625
202,38,161.29568512165133
202,39,169.83409340792423
202,40,156.9709630823927
202,41,166.49444230727386
202,42,171.17995058476663
202,43,137.49713418983447
202,44,176.49048402928747
202,45,122.7324337972168
202,46,160.23711034705047
202,47,165.80897395634383
202,48,153.84074018789397
202,49,178.64668930608605
202,50,156.17704360434436
202,51,171.8030951178298
202,52,164.21913544423296
202,53,159.82935172376165
202,54,167.84813676205522
202,55,178.16552913358464
202,56,159.08768011332722
202,57,171.76872066430224
202,58,155.13819092832273
202,59,161.6878098637826
202,60,138.8886971505708
202,61,145.95269110039953
202,62,159.95332390367548
202,63,178.84438907204458
202,64,183.0614764558195
202,65,159.6832171227361
202,66,153.74270850834728
202,67,150.56158574348956
202,68,149.28220004164177
202,69,154.4207864235359
202,70,152.46076314058882
202,71,161.89819047012134
202,72,168.72448893482215
202,73,140.01740697174682
202,74,147.488184537724
202,75,129.48295536038495
202,76,168.89790718768927
202,77,160.3876708621392
202,78,165.85572508858604
202,79,144.27072729502834
202,80,165.36762534170703
202,81,172.96696697245352
202,82,155.51345440772275
202,83,157.5633441303944
202,84,151.06814229390875
202,85,150.29240965603094
202,86,138.7223295225631
202,87,141.0496763548872
202,88,157.28015946730739
202,89,164.2210301728701
202,90,153.230871613021
202,91,176.83171487997606
202,92,145.34395168963238
202,93,147.01879185737926
202,94,132.03498027183377
202,95,153.59372612216976
202,96,162.32135098882281
202,97,121.90501493432384
202,98,139.9936821029769
202,99,151.3641389133045
202,100,148.83485203934833
202,101,126.78131750231114
202,102,145.76841213689477
202,103,142.0942442337473
202,104,147.7742236073973
202,105,146.47971519837301
202,106,133.9343969158508
202,107,145.1044049768825
202,108,124.15297120619653
202,109,147.98496305301524
202,110,134.35439206426963
202,111,142.79566543673718
202,112,129.72844566417916
202,113,167.52865104473312
202,114,120.80356750478677
202,115,116.77863344394427
202,116,125.37379789641273
202,117,155.67802050973842
202,118,117.8735565935931
202,119,159.92497056291904
202,120,139.27168259422615
202,121,147.33508576050372
202,122,126.18250118421565
202,123,116.16312860417383
202,124,119.45374679937959
203,1,152.76619965307327
203,2,172.2082724346983
203,3,159.78334948362317
203,4,174.49919817339105
203,5,148.11088007123908
203,6,164.97501298812858
203,7,145.14767908354406
203,8,182.34940045307303
203,9,179.78078737766918
203,10,157.0805112772141
203,11,161.93594866243802
203,12,153.27758408717636
203,13,145.16056511744682
203,14,122.20204319062759
203,15,162.4829902542624
203,16,168.147601137709
203,17,158.17902265227895
203,18,174.74115328923654
203,19,155.991677874139
203,20,152.15036516632244
203,21,174.66087768200669
203,22,159.74002733728412
203,23,154.11175728047965
203,24,173.37162872050976
203,25,182.73710276612837
203,26,180.07462836644117
203,27,142.41318238272652
203,28,184.79781563245342
203,29,153.026996374203
203,30,156.8035366504846
203,31,158.97368246390397
203,32,146.91681835990312
203,33,164.24533466592402
203,34,164.14781628341734
203,35,157.15365409483638
203,36,159.51147268038767
203,37,166.5559435310861
203,38,171.73469224069413
203,39,179.41470806416328
203,40,142.75158166332403
203,41,145.03028340506717
203,42,161.61137966730894
203,43,148.21696901673567
203,44,162.08577760166372
203,45,147.94344174276193
203,46,156.15011300377228
203,47,174.01123048874433
203,48,141.80552132471348
203,49,148.61587925980712
203,50,164.82378229025198
203,51,157.88942744385713
203,52,154.8941581070103
203,53,149.90407145448262
203,54,144.7095761331002
203,55,144.86921023555624
203,56,169.6508187332438
203,57,162.99783327240584
203,58,165.47664797340985
203,59,136.96672433337517
203,60,150.84430048086506
203,61,154.42755626648432
203,62,149.56270541989215
203,63,160.43816091504414
203,64,150.18234775459132
203,65,155.22838165993744
203,66,121.78062251867232
203,67,150.8971578547862
203,68,157.45480158778082
203,69,154.59756660764106
203,70,127.23034972442838
203,71,165.5139942700771
203,72,140.6519796404682
203,73,132.03829647418024
203,74,172.442286713449
203,75,158.51495767805318
203,76,160.5699021464534
203,77,172.76019472455664
203,78,168.00677622787043
203,79,151.26219448677148
203,80,155.84480575971975
203,81,140.97280997177586
203,82,159.11987766560196
203,83,159.4848189189579
203,84,165.19815264559293
203,85,177.66009850803675
203,86,147.5190223906393
203,87,161.22641677317733
203,88,145.10360825323733
203,89,151.0263766378339
203,90,179.26779775633622
203,91,111.37095738740754
203,92,149.59426925976732
203,93,150.8230319862705
203,94,147.81046897402848
203,95,162.06327702296403
203,96,178.13933207443188
203,97,155.64358960102982
203,98,133.0646950665323
203,99,149.58120692659577
203,100,153.57156349978322
203,101,151.8019816638116
203,102,170.8282645565996
203,103,168.90394418638607
203,104,160.96857338683185
203,105,134.21060041637975
203,106,133.86356906708534
203,107,154.40839086561027
203,108,155.36908312087326
203,109,149.8579135643231
203,110,154.53436285824137
203,111,134.3905154021486
203,112,135.20056745879265
203,113,177.3855498918856
203,114,156.37421693795477
203,115,159.53222911477496
204,1,185.97264275121415
204,2,190.44507761915156
204,3,167.63555630348128
204,4,180.271326019938
204,5,174.609598657451
204,6,153.10935093385342
204,7,161.82856705686572
204,8,171.09601364441914
204,9,175.88803939490754
204,10,175.49382469912234
204,11,164.73773726963555
204,12,166.1594987229837
204,13,168.7947161176926
204,14,170.8144967805638
204,15,174.6188542739692
204,16,152.12948319599673
204,17,164.1369804572605
204,18,173.10512412316166
204,19,167.32073190584197
204,20,129.11600325079053
204,21,156.79240310750902
204,22,192.54016384871647
204,23,176.51949916434387
204,24,170.90389366368618
204,25,162.15066823202505
204,26,187.73903477155545
204,27,178.51127026839094
204,28,160.79220052967867
204,29,167.12112027502735
204,30,172.0778267760761
204,31,167.0915284860239
204,32,160.01700433612132
204,33,169.6670402970194
204,34,172.9869833563498
204,35,169.41728910649545
204,36,173.8823362246112
204,37,151.70555552391306
204,38,155.19963445350004
204,39,164.39988674517372
204,40,150.01621163174423
204,41,157.9141844049591
205,1,112.17939315745753
205,2,139.14067288421938
205,3,151.91247337117966
205,4,117.00869873298507
205,5,137.09547762000875
205,6,115.02567827443272
205,7,130.54361524959677
205,8,130.19640730512765
205,9,131.03169056271872
205,10,122.32093535031163
205,11,103.90565692343807
205,12,93.15559731382382
205,13,98.53005376517103
205,14,107.8523293100152
205,15,124.50782946735126
205,16,141.79855677964952
205,17,120.57309057752718
205,18,114.72591262704373
205,19,134.89821493694762
205,20,124.51327163579845
205,21,126.32315539396222
205,22,113.41101370302204
205,23,109.86296214734466
205,24,123.49620827579201
205,25,137.43166365689103
205,26,110.59146737175615
205,27,145.92727494443534
205,28,117.53579837256984
205,29,107.60257055010152
205,30,106.87873572185345
205,31,101.4878002712212
206,1,144.5869021294202
206,2,131.33259709674167
206,3,153.44009863851534
206,4,132.1205036620304
206,5,137.4825687524717
206,6,136.311120817576
206,7,120.07033135186794
206,8,151.6340710595905
206,9,148.46411060394166
206,10,132.8805333359487
206,11,143.08064902556362
206,12,141.15655632017297
206,13,142.13810859922523
206,14,151.6726600463153
206,15,149.97605498851772
206,16,138.21661512531136
206,17,122.15396883605717
206,18,137.52449629458715
206,19,132.2144482378717
206,20,158.08361074799177
206,21,124.21672367594874
206,22,122.27661118777178
206,23,143.6464726063714
206,24,147.0948470624062
206,25,137.32734202790743
206,26,130.2757902095036
206,27,140.05236404811149
206,28,153.3416323366473
206,29,160.55911814375577
206,30,135.08132260366256
206,31,145.07662682957016
206,32,135.0737753933936
206,33,124.22275584980525
206,34,128.23318876903795
206,35,153.86147939371585
206,36,131.05736308767518
206,37,117.83782450477156
206,38,136.97247272291133
206,39,144.62254843286792
206,40,143.047563045453
206,41,122.52969134630985
206,42,124.53242598993529
206,43,143.01944998231193
206,44,136.3594419500223
206,45,158.1528345624829
206,46,130.02620839229348
206,47,136.8427580270145
206,48,139.53565504201106
206,49,129.16544801364944
206,50,134.8771775565765
206,51,139.74598310358124
206,52,131.83586527880834
206,53,125.80936800524069
206,54,115.29762757405115
206,55,127.45937076129485
206,56,128.96276920698438
206,57,113.30419641217304
206,58,134.3980684631606
206,59,133.4095546708777
206,60,118.70967721081979
206,61,118.71800511121546
206,62,130.26944458916842
206,63,115.16970283575938
206,64,148.7154687483271
206,65,127.85709780748584
206,66,136.94046873471234
206,67,123.19682707636093
206,68,134.2300381251698
206,69,131.40825298128038
206,70,125.73755821877421
206,71,119.09125571078766
206,72,105.41460536658997
206,73,117.66797533620411
206,74,136.818147138496
206,75,157.33918996781722
206,76,128.68723895324365
206,77,127.16817545177037
206,78,137.1934306123876
206,79,119.18702675435634
206,80,125.19244640004035
206,81,131.48878826394503
206,82,117.42468760011252
206,83,135.2032445596342
206,84,127.77757022478181
206,85,136.4929001100245
206,86,131.02810783837776
206,87,130.03790598071646
206,88,120.08603209895227
206,89,123.33148420316866
206,90,124.92482990826102
206,91,122.45197382692277
206,92,104.6673085285438
206,93,86.38375545204326
206,94,135.39973000354075
206,95,141.76753538833145
206,96,119.32096635275957
206,97,117.049878245547
206,98,111.6091133379814
206,99,126.38800565407291
206,100,115.57336341914925
206,101,119.80334472367394
206,102,98.79143307584309
206,103,120.55495809010608
206,104,108.72386883857689
206,105,124.49464599053317
206,106,121.50429437289858
206,107,128.3686423015315
206,108,86.50724830100808
206,109,118.80023033737234
206,110,123.28144498733309
206,111,108.10058952528198
206,112,129.4771148302534
206,113,102.91149475051498
206,114,99.98725601215847
206,115,86.38993154777563
206,116,101.81335326078988
206,117,115.5407715599722
206,118,111.23583866674744
206,119,113.24676454112341
206,120,111.57724679999956
206,121,103.74941115548427
206,122,74.50276770421624
206,123,94.77313752516784
206,124,103.97771960198588
206,125,120.56895289631939
206,126,96.64109568109416
206,127,116.7608501789291
206,128,100.52341172676824
206,129,99.82430148778803
206,130,98.22525121327635
206,131,110.08377967060369
206,132,96.69588979086257
206,133,93.32858571719407
206,134,83.60982506914297
206,135,90.84350249302952
206,136,111.34271265315328
206,137,97.9569524176186
206,138,109.57388717141293
206,139,82.14951521930197
206,140,88.50358091756789
206,141,89.12316180737253
206,142,91.19223965118726
206,143,79.28033210418653
206,144,64.47764768273191
206,145,88.36881537001318
206,146,97.96172613888484
206,147,92.8708828210365
206,148,92.97008154087962
206,149,102.1147105588825
206,150,85.87664132156351
206,151,91.59011491933052
206,152,76.24115755311504
206,153,50.58234936699591
206,154,80.2750930827242
206,155,59.55776068346313
206,156,87.07768365259835
206,157,75.9557485492769
206,158,47.87755929611012
206,159,88.54548670640361
206,160,55.840876321974065
206,161,85.78297837706486
206,162,65.0041124760537
207,1,110.73416347437887
207,2,130.27724595641484
207,3,137.83594529508264
207,4,119.43995568119135
207,5,137.6742369125932
207,6,134.3006041833214
207,7,127.61330589133286
207,8,135.6719598221389
207,9,140.45862342101464
207,10,138.35276202337263
207,11,117.42849112991098
207,12,105.65613780549756
207,13,145.6586051145132
207,14,130.189344996812
207,15,113.70559309142845
207,16,128.0604154444227
207,17,144.0886438241796
207,18,104.20480596600828
207,19,126.1180878408486
207,20,140.83733734396083
207,21,126.97851283049386
207,22,145.43006109886483
207,23,131.40876581930206
207,24,121.7692847463477
207,25,113.3012898099405
207,26,115.12731497252389
207,27,152.53402692904638
207,28,112.66867815777368
207,29,133.32912794731965
207,30,129.0907277969236
207,31,138.03999936871696
207,32,121.74132625675702
207,33,123.22408272082248
207,34,134.6671098485822
207,35,108.12526128054014
207,36,123.60265730324318
207,37,129.59504991471476
207,38,121.03882753540529
207,39,127.5580095591722
207,40,133.79529142307
207,41,117.79368436956429
207,42,112.72060881450307
207,43,111.8050486630018
207,44,114.71338089409255
207,45,113.26372969177464
207,46,102.41596749149176
207,47,119.27639598579844
207,48,143.3449177045186
207,49,120.386329177265
207,50,145.91113704803865
207,51,110.3862911255128
207,52,158.20736094754102
207,53,113.3656882303112
207,54,109.74908429323841
207,55,137.5859738374711
207,56,115.25255149305303
207,57,125.01605553873378
207,58,141.4506655431178
207,59,110.01292531412037
207,60,128.18330162164784
207,61,126.96855430005235
207,62,119.52271129682777
207,63,108.38032595325058
207,64,129.90695334442717
207,65,123.07302042281663
207,66,165.78333610201662
207,67,125.82195786815282
207,68,120.63699436999741
207,69,129.06920691613777
207,70,113.93694258738105
207,71,140.9802123581685
207,72,140.2058258158213
207,73,150.40345310651173
207,74,104.8173769687055
207,75,117.06907181992574
207,76,129.61864498125215
207,77,107.48635695653502
207,78,120.49113118367677
207,79,122.09932241147908
207,80,110.88964479092829
207,81,105.39878679551475
207,82,120.3796229162981
207,83,120.2311710980066
207,84,97.61450179742678
207,85,127.03181863801728
207,86,115.14451292722515
207,87,95.20886430321116
207,88,119.8671157338249
207,89,119.38344382119976
207,90,118.16345326480223
207,91,133.9459398896215
207,92,120.28630417993554
207,93,115.05675279168645
207,94,121.31956189634366
207,95,112.91154672268021
207,96,88.94856233450992
207,97,115.26837102537684
207,98,82.31848676430673
207,99,102.81601899764064
207,100,111.57644288707525
207,101,98.62283303476579
207,102,97.31169732014678
207,103,89.22418521146756
207,104,119.98914913156477
207,105,110.4822794227075
207,106,104.21869066583895
207,107,113.4785008396866
207,108,88.68899233362026
207,109,93.07672245210415
207,110,95.54895162093453
207,111,118.2199099182908
207,112,115.58697670038237
207,113,96.38212315631972
207,114,118.56312136173074
207,115,121.17795675405068
207,116,106.1367482489295
207,117,109.8967454601443
207,118,112.63879710390756
207,119,97.59651957359893
207,120,98.0064850164199
207,121,112.79202855553012
207,122,124.75842317484057
207,123,71.04477832651173
207,124,116.54722679705446
207,125,104.84159146928141
207,126,109.89278793403355
207,127,98.7449239364214
207,128,111.91639481107995
207,129,127.2767554024831
207,130,93.42591734010784
207,131,109.37965381767572
207,132,116.33868420323415
207,133,112.91577323234378
207,134,82.61338614463602
207,135,95.01844389448524
207,136,93.09518207173096
207,137,135.52417876490654
207,138,95.87182999514334
207,139,95.02711481747247
207,140,115.0269287846022
207,141,102.65082961707958
208,1,153.62219580609963
208,2,124.79641595244175
208,3,170.2158903820382
208,4,165.36452619949705
208,5,128.490543003958
208,6,171.39716200355906
208,7,164.47807882733468
208,8,149.5308781280619
208,9,170.25192424748093
208,10,152.750954074334
208,11,157.91266140557855
208,12,150.55238805423141
208,13,141.77254601137975
208,14,133.09798926436633
208,15,154.9392312330674
208,16,150.96678810488083
208,17,180.7242712528605
208,18,167.6145418710512
208,19,145.35295294826938
208,20,159.84240098207374
208,21,152.11934829079837
208,22,180.6916443741211
208,23,148.11283213279967
208,24,155.63896465543803
208,25,140.38911009393632
208,26,156.66539924659446
208,27,144.12685367031372
208,28,167.10139947568678
208,29,139.99504994459858
208,30,148.496131732536
208,31,156.5139273086461
208,32,157.82340037437098
208,33,136.56122707950271
208,34,168.7315171963637
208,35,152.53129104363325
208,36,150.94408171448595
208,37,145.70754788345948
208,38,142.4053058456775
208,39,161.9301075164185
208,40,153.30326729721128
208,41,147.03419837548427
208,42,150.7598101671465
208,43,136.05049614318705
208,44,157.6247670542216
208,45,141.0729331649418
208,46,152.35947195922927
208,47,167.33399882227968
208,48,139.13620598837588
208,49,167.0917733783499
208,50,164.46972596954583
208,51,140.56512782954815
208,52,153.93986902920005
208,53,135.21154626946372
208,54,145.98079806222813
208,55,146.0468515957691
208,56,161.05942022816453
208,57,147.0464587441893
208,58,164.119518170628
208,59,135.1891592973334
208,60,159.07796172823146
208,61,120.40879784646677
208,62,128.55851944491587
208,63,144.89263936819043
208,64,132.62609812137816
208,65,129.47110802450334
208,66,123.47082450391463
208,67,140.13841762059747
208,68,145.71252343442757
208,69,119.84585269910167
208,70,123.68152360052773
208,71,141.94948018260038
208,72,150.9611403865274
208,73,146.48818645844585
208,74,121.05799053099327
208,75,139.37424516640021
208,76,140.51124117059226
208,77,138.3089429181855
208,78,132.76675308532867
208,79,149.33930129699002
208,80,142.1267652498791
208,81,140.90512464315543
208,82,124.80530380202981
208,83,141.99841298416868
208,84,125.74429426325514
208,85,124.51395202116692
208,86,118.96985039289575
208,87,130.06722085992078
208,88,136.2089408640968
208,89,128.31359639061702
208,90,118.92945333019452
208,91,120.53238119786693
208,92,134.66973952729313
208,93,127.23948634745466
208,94,106.32760544904158
208,95,112.45879903726018
208,96,118.80975071627472
208,97,131.2702852108123
208,98,126.59160428261384
208,99,115.25745251191256
208,100,118.0372265223632
208,101,125.65075598949625
208,102,109.41610288853553
208,103,122.41248380624893
208,104,154.07683858934615
208,105,109.21372200817132
208,106,105.33974887785007
208,107,127.98437961731543
208,108,86.17008666781476
208,109,139.87286996707553
208,110,108.09821353847656
208,111,114.65803609017894
208,112,122.32679339696188
208,113,106.37756693501433
208,114,137.06566604520776
208,115,103.8359801259794
208,116,123.00471253012802
208,117,110.75388218330045
208,118,110.99830536879745
208,119,76.73855829516833
208,120,109.41981165952893
208,121,96.34594523919077
208,122,99.73154529201565
208,123,87.69420121561416
208,124,94.34407792846469
208,125,98.07024721466587
208,126,100.33957151359209
208,127,75.13742206239112
208,128,97.68956991136656
208,129,76.14904588270292
208,130,88.82790473350178
208,131,78.26855353515566
208,132,67.78770414803148
208,133,77.35127169641055
208,134,80.45790272150771
208,135,57.75179727883369
208,136,60.31583643762133
208,137,53.860195679772005
208,138,75.58267438418989
208,139,78.21828668054513
208,140,64.55559386006644
208,141,81.93321633790038
208,142,63.114081373787485
208,143,63.40600543504115
208,144,54.68392705820588
208,145,74.66720188040199
208,146,88.92445122989739
208,147,43.02274539330392
208,148,50.939073589288455
208,149,58.88866242322547
208,150,31.218648475587543
208,151,15.694847783110163
208,152,41.61465220777609
208,153,6.394559524895158
208,154,30.0673159481521
208,155,28.43665054594021
208,156,27.465371387763298
208,157,29.066396333670127
208,158,10.9037031345797
208,159,-4.082017725697369
208,160,27.883690380134794
208,161,34.08867672079941
208,162,17.682168468556483
208,163,11.109542440186488
208,164,4.860735315261991
208,165,6.6152694741031155
208,166,26.768399535845674
209,1,180.57574243719864
209,2,196.0588205926615
209,3,195.65239955086145
209,4,196.9067371024721
209,5,194.63253750696458
209,6,165.03906711660238
209,7,181.37256754324335
209,8,177.52396772990323
209,9,172.30798629316268
209,10,190.40861226122797
209,11,184.76727122895682
209,12,186.06014974931895
209,13,196.4739248689948
209,14,169.0557306419214
209,15,170.62965676501335
209,16,181.15236256127537
209,17,185.324850869285
209,18,156.7248440079129
209,19,185.21772779027378
209,20,177.23476894747
209,21,185.80116490521323
209,22,163.45805298904452
209,23,209.08302861420088
209,24,174.79459802438214
209,25,169.89714052365161
209,26,188.32926321127889
209,27,164.42962371269823
209,28,169.2982641164126
209,29,179.34444199693098
209,30,172.62647725528223
209,31,165.67850420717878
209,32,174.54704500974185
209,33,181.61914468057512
209,34,172.55434735790914
209,35,191.73120213243237
209,36,175.17655180359725
209,37,176.715571406683
209,38,188.11270792945288
209,39,159.47083909150388
209,40,196.39839287543145
209,41,181.7177192390809
209,42,150.80722533157677
209,43,179.1525228377941
209,44,161.8811051579687
209,45,185.9268504949796
209,46,139.8682975798656
209,47,190.1895113890787
209,48,160.87970082092215
209,49,172.5919741606558
209,50,153.96535909728846
209,51,178.65530598931946
209,52,148.38887806626735
209,53,153.22422751157137
209,54,147.46570999827236
209,55,174.5585474806794
209,56,166.15078320097382
209,57,180.64610196726426
209,58,129.6434041792454
209,59,180.4883077014747
209,60,180.81573874666356
209,61,186.57490487510222
209,62,157.5345252030238
209,63,133.7929521957485
209,64,163.39863425022486
209,65,165.7618657103376
209,66,144.11396171314118
209,67,167.0420719788599
209,68,126.68001395825559
209,69,142.83790769103507
209,70,149.07612074231292
209,71,139.91598904995772
209,72,175.61852240322332
209,73,148.49179904054472
209,74,157.6947711842222
209,75,177.75037448039075
209,76,157.52680256466556
209,77,162.75736470344418
209,78,165.64488806130248
209,79,160.2406977506762
209,80,166.57132098839065
209,81,173.0923730897921
209,82,146.74398372860742
209,83,135.3793853414827
209,84,143.20765663521888
209,85,163.32562429257814
209,86,157.75766502467013
209,87,149.275071958873
209,88,169.23696172727796
209,89,145.1599731864335
209,90,133.6794063299676
209,91,142.30071248752938
209,92,139.40311651237425
209,93,140.62678645356937
209,94,145.86414261042955
209,95,145.52986502880958
209,96,144.7706747561533
209,97,139.46248557079525
209,98,135.80162880745047
209,99,122.02884069333959
209,100,121.70520306300023
209,101,126.59601821032993
209,102,139.48138733158703
209,103,121.13577590060595
209,104,133.7624370469057
209,105,131.7386980240699
209,106,143.51743138397433
209,107,118.23151530225732
209,108,108.58402281908639
209,109,128.41529210698354
209,110,115.34224953765079
209,111,112.0384837880265
209,112,122.3982540474899
209,113,131.32516472746647
209,114,136.39846618835873
209,115,107.20808537690755
209,116,130.28511704205448
209,117,118.65072356120072
209,118,84.72079322860372
209,119,102.92113841146056
209,120,119.80319445666828
209,121,85.84480815189454
209,122,105.01741441562626
209,123,103.02799141810101
209,124,86.8262180143065
209,125,134.6846797814942
209,126,90.99846252101997
209,127,84.39608209658763
209,128,58.29775659349252
209,129,93.85870270402665
209,130,83.43636553426768
209,131,103.20311394824239
210,1,116.88213318882481
210,2,126.41581804054294
210,3,119.3027659555155
210,4,108.89768271178764
210,5,136.57259081902157
210,6,131.49356045364402
210,7,119.88651723453222
210,8,140.3494814003716
210,9,122.38540858801571
210,10,135.02378828034125
210,11,132.42106863778463
210,12,129.5590297047529
210,13,134.47986204145127
210,14,144.58563891142694
210,15,102.08792988223286
210,16,116.40817591686209
210,17,129.60262146040623
210,18,133.68992422158044
210,19,127.8512954396574
210,20,135.5704175783976
210,21,110.14280990570842
210,22,116.9986353904169
210,23,103.3525256508292
210,24,130.49687843955326
210,25,131.21564697788563
210,26,132.41497643991897
210,27,136.12811068950396
210,28,102.16168260650738
210,29,98.23006398332654
210,30,107.03549310550443
210,31,111.18474647896801
210,32,113.15808575585834
210,33,116.62493460303085
210,34,127.24284353022813
210,35,87.99485488490609
210,36,119.35870081311441
210,37,124.44738600026903
210,38,113.53514197152253
210,39,124.47892133324058
210,40,125.28470279283647
210,41,120.88329284213978
210,42,136.32798653393547
210,43,124.06684643596236
210,44,129.95341562168323
210,45,136.98972789239633
210,46,110.01489566695818
210,47,122.8496969522239
210,48,109.98192436136014
210,49,110.91339874641562
210,50,105.67134754707513
210,51,131.25711346096796
210,52,107.83887353290629
210,53,101.02042475134658
210,54,121.54043877870572
210,55,121.049663042053
210,56,97.8332749205365
210,57,114.06518302938639
210,58,141.81173613274586
210,59,125.40540729220083
210,60,134.33918999217713
210,61,114.35203801290481
210,62,112.246316292345
210,63,117.97145134961465
210,64,115.90227501435584
210,65,126.37202491026255
210,66,114.90116754334304
210,67,123.78919354818208
210,68,119.23220355349622
210,69,104.93874431584845
210,70,89.46050191641552
210,71,108.45358118174772
210,72,92.2494089542015
210,73,117.00092433807731
210,74,110.79790477423376
210,75,127.81092968286976
210,76,128.06763858628256
210,77,98.1584444550972
210,78,108.4773936782367
210,79,101.59672524614143
210,80,92.8940294291533
210,81,120.49518318555783
210,82,112.24101775067538
210,83,108.97027695491124
210,84,98.51090582759207
210,85,120.25574154090282
210,86,117.16996770523838
210,87,124.70046135318262
210,88,109.75639544951264
210,89,89.12054039979557
210,90,110.46077386211982
210,91,98.2889656592015
210,92,123.70797870634124
210,93,114.68084196447307
210,94,103.10973670100793
210,95,95.0261723047006
210,96,117.79007269652357
210,97,112.07050535008602
210,98,79.421451356131
210,99,108.2039604195088
210,100,104.29218014292564
210,101,111.64529761452286
210,102,95.6802835620183
210,103,90.54428453632863
210,104,83.00163388857618
210,105,83.28966036276688
210,106,106.86643651083432
210,107,100.03301309994276
210,108,94.25821148434625
210,109,102.45854618656449
210,110,83.87145196266647
210,111,77.81083521911933
210,112,79.45951050732401
210,113,119.24500763988908
210,114,110.3850166160264
210,115,124.65056833795825
210,116,92.80435430046782
210,117,102.28882327692554
210,118,85.1862105510736
210,119,99.40193496836582
210,120,83.03761410350853
210,121,93.0081906192645
210,122,96.1834117437611
210,123,77.02255546951346
210,124,81.33718713126291
210,125,89.14991627934069
210,126,73.12013967495295
210,127,73.25223985181219
210,128,86.43261242956942
210,129,74.9360155573886
210,130,98.1970013636892
210,131,74.66245639002591
210,132,88.92580360631109
210,133,87.09835966600804
210,134,92.93884535702819
210,135,96.48068210764177
210,136,83.61140890625393
210,137,65.12553573995683
210,138,90.71216242694209
210,139,84.95690020571055
210,140,83.45385637594154
210,141,74.36546079466643
210,142,66.7275654533878
210,143,62.262903538656246
210,144,61.4183034497255
210,145,61.103733820913476
210,146,62.62355091714926
210,147,67.60576498801674
210,148,54.194207523083605
210,149,49.93933440637193
210,150,40.31849944037094
210,151,41.423574953805655
210,152,48.1489416717086
210,153,41.8398528162943
210,154,45.58467043566634
210,155,49.77372343469324
210,156,46.630374192187446
210,157,60.91249154128309
210,158,53.41916864053201
210,159,46.49260289535232
210,160,35.70823990309145
210,161,27.987677719895146
210,162,30.559387068824435
210,163,39.375947179411014
210,164,34.0006676004632
210,165,40.70992790033779
210,166,32.573717345941986
210,167,25.93314745061798
210,168,26.501821033387387
210,169,7.486330383202585
210,170,-1.096334274756373
210,171,10.285973483718408
210,172,35.75406360873603
210,173,3.1709099156796583
210,174,-15.817764966159302
210,175,3.2699116761650657
210,176,9.342679453497112
210,177,-1.9661699724529171
210,178,-44.623365882485814
210,179,-6.815864175427123
210,180,-57.38489508792554
210,181,-33.50639012285683
210,182,-38.10924929139583
211,1,150.55567558910843
211,2,133.98232756777725
211,3,159.43063465122395
211,4,130.22239699537022
211,5,144.90319059279136
211,6,132.9985020301392
211,7,155.77699461763405
211,8,150.6541144359726
211,9,154.41118108567025
211,10,133.18468551151454
211,11,144.81002088692185
211,12,146.99080688651884
211,13,130.3335226311974
211,14,141.84952975215128
211,15,131.00249203774
211,16,138.67300749105925
211,17,148.1340916362169
211,18,158.5334698875522
211,19,128.0053759665243
211,20,138.7389101690278
211,21,141.06103151882417
211,22,135.2089353457268
211,23,138.66029393662757
211,24,137.21647397660126
211,25,136.29173618350615
211,26,132.27903137274552
211,27,147.160037365662
211,28,166.52671568346705
211,29,142.30204995841632
211,30,155.08830389211653
211,31,139.95791924456717
211,32,128.2816756697357
211,33,130.17574054362922
211,34,114.38698766317248
211,35,134.90342585821782
211,36,118.57588534936076
211,37,105.87005624525773
211,38,139.9334842084354
211,39,133.72843308746087
211,40,139.16224571914063
211,41,127.51936390713672
211,42,156.50972636435472
211,43,137.203653722936
211,44,157.3489269478523
211,45,117.09507390607178
211,46,125.49195299178973
211,47,137.9186195067232
211,48,149.19293985170225
211,49,150.53943076353607
211,50,140.13546697163838
211,51,118.86923935991217
211,52,129.5302314803048
211,53,145.34917004660383
211,54,134.62460851906508
211,55,128.87554700193868
211,56,134.33929215003445
211,57,132.62288690030255
211,58,128.0784763350166
211,59,152.64920495238766
211,60,145.12059285318537
211,61,104.02273095685814
211,62,156.88511515215214
211,63,140.0986149946475
211,64,123.58311502345168
211,65,128.92190884199954
211,66,145.53212253588572
211,67,110.9152401839674
211,68,117.04099775651412
211,69,156.85896356807643
211,70,135.74874439887208
211,71,128.0241446901855
211,72,116.99585918291268
211,73,142.3298760792386
211,74,150.0723983520511
211,75,153.36400525770296
211,76,136.30021627279348
211,77,127.4324410224799
211,78,112.90642059323727
211,79,113.80587295295118
211,80,140.62030858809885
211,81,139.21270471079333
211,82,113.41209011383762
211,83,131.80060277499433
211,84,155.449046782589
211,85,108.43242667159211
211,86,123.16700188039249
211,87,128.12707903907722
211,88,110.36526185590628
211,89,118.14284452931315
211,90,119.22189687395439
211,91,120.9580891590449
211,92,113.93808089740924
211,93,122.81630716946529
211,94,125.7828207183702
211,95,132.3508065790229
211,96,129.2911200811359
211,97,96.98462808259501
211,98,107.4731318683771
211,99,109.42180514860229
211,100,108.05010535173642
211,101,127.3212454814784
211,102,115.76008737285883
211,103,108.13835162594478
211,104,95.19528695582267
211,105,94.67699399394041
211,106,111.79989791968546
211,107,117.38273353726254
211,108,75.01044586196804
211,109,106.93556625195197
211,110,108.4584102484223
211,111,94.0538881522225
211,112,111.06643608693412
211,113,102.8795764001261
211,114,99.61084899709385
211,115,98.53210978503921
211,116,106.84802844843216
211,117,105.49746156619221
211,118,99.03424405325495
211,119,98.49959698942257
211,120,98.21173257779446
211,121,78.20221274772484
211,122,97.08507553955133
211,123,75.93038786643592
211,124,98.91767814464401
211,125,75.79734578567877
211,126,85.26544640726206
211,127,71.30114573926403
211,128,72.61397845850297
211,129,82.48644770310057
211,130,80.50645805253589
211,131,63.1141470425282
211,132,55.719169497460825
211,133,83.07408704280533
211,134,56.76711003740638
211,135,49.169902404588356
211,136,56.22501961165108
211,137,64.69132466499286
211,138,59.90673893312487
211,139,59.364958445839875
211,140,36.47695109590859
211,141,29.260433643918077
211,142,67.88028696185211
211,143,38.084337742497155
211,144,23.117159516041283
211,145,49.80201034991478
211,146,56.907442521282064
211,147,35.101657095729024
211,148,55.50744603579369
211,149,63.54793742835318
211,150,19.572493451712944
211,151,40.83919901573972
211,152,0.34615224363369634
211,153,-2.198681754540303
211,154,14.194258515446563
211,155,53.6084404557987
212,1,198.5664943461161
212,2,181.50462166660873
212,3,215.02241084470006
212,4,181.68025699107238
212,5,166.00119648534746
212,6,164.40420697433
212,7,182.67559783672914
212,8,195.97464467816462
212,9,162.53301457281486
212,10,172.68903341570694
212,11,188.7373146924292
212,12,169.82890610805043
212,13,194.47859047301608
212,14,191.6414496375437
212,15,183.45624820209196
212,16,178.46985078637226
212,17,153.36105326152028
212,18,207.6064228540199
212,19,199.05204989726917
212,20,200.01669145756023
212,21,171.7350976053567
212,22,196.99812584790197
212,23,158.17350702498516
212,24,189.55226209403918
212,25,194.71265780218528
212,26,149.2982429938129
212,27,186.6665010601282
212,28,170.36077406382537
212,29,192.97297476868698
212,30,182.31703280210058
212,31,167.76546161074657
212,32,176.87233145219943
212,33,181.09044198603078
212,34,179.4314095133741
212,35,167.06628187953174
212,36,204.6725827167902
212,37,177.02872510928864
212,38,202.60636599319696
212,39,187.46822915723897
212,40,167.1977459549962
212,41,196.62464739848656
212,42,165.51120047083532
212,43,199.58729497681634
212,44,186.25430126468564
212,45,161.29027404155204
212,46,181.5947936226803
212,47,172.76363108318765
212,48,183.4896393506715
212,49,186.8677978082851
212,50,186.55233735653746
212,51,182.43492740271904
212,52,174.42295912020927
212,53,188.66406330577593
212,54,167.95758855874737
212,55,188.07376714644488
212,56,160.97832348458178
212,57,193.78669256995636
212,58,182.85124264427577
212,59,183.06898457874195
212,60,169.6075435655148
212,61,200.62599922290974
212,62,186.77132291720045
212,63,191.35085980127042
212,64,180.24374938641995
212,65,162.15285939030582
212,66,184.36173008359037
212,67,186.87819436089922
212,68,180.56451002819085
212,69,194.88210903391882
212,70,188.8501967996781
212,71,164.61415620482876
212,72,177.01243319758942
212,73,196.6635367704148
212,74,211.34976279441616
212,75,185.0077511896161
212,76,166.24830256836867
212,77,155.1479707929975
212,78,159.0512085045557
212,79,163.35520047933096
212,80,180.7888620164813
212,81,156.91781648895994
212,82,162.13987137089134
212,83,164.0674244683978
212,84,172.13337206777942
212,85,174.6693570023781
212,86,158.2705947062277
212,87,174.27886854428652
212,88,176.6711435029065
212,89,153.01872248498694
212,90,167.84750614856603
212,91,178.1562742576134
212,92,167.65847368667164
212,93,180.10794239016832
212,94,155.89828875054081
212,95,178.17788980796468
212,96,172.3156792746522
212,97,163.74384389282204
212,98,152.12270525276836
212,99,178.90973337584
212,100,180.6404917602922
212,101,195.35624792757153
212,102,186.2901648415791
212,103,155.4558956171677
212,104,187.11030809237127
212,105,163.35495089677715
212,106,159.30885919507273
212,107,171.72200881484605
212,108,166.66057663676474
212,109,153.4938304034149
212,110,183.92254504339508
212,111,145.3730320319737
212,112,160.45458771911217
212,113,155.69486919558403
212,114,164.29467850801302
212,115,151.1739087945316
212,116,163.50760547903337
212,117,157.27841642848216
212,118,172.31941326557717
212,119,155.40546994520264
212,120,167.07618100570107
212,121,173.09750988041196
212,122,136.66549148521153
212,123,158.6167073497054
212,124,183.40621038657264
212,125,136.86837475383072
212,126,143.32122217411234
212,127,173.90488310637738
212,128,144.54058837531193
212,129,140.40599234639376
212,130,164.25026661849552
212,131,164.76234034824301
212,132,152.67750316714228
212,133,165.23303723820572
212,134,152.34973738920235
212,135,160.0547224902548
212,136,148.59329940811585
212,137,155.94700159718195
212,138,153.70348900398676
212,139,139.51968421008496
212,140,126.81295692485583
212,141,133.83758351940196
212,142,162.30487754091882
212,143,138.2952070102474
212,144,167.27527948953502
212,145,153.3466031817079
212,146,149.31216974699055
212,147,143.95642673553812
212,148,130.24015360153862
212,149,135.05562844820815
212,150,136.652197862124
212,151,162.79658157905214
212,152,150.49752421816083
212,153,131.57201854418963
212,154,154.37686871494225
212,155,149.31583931094792
212,156,146.33066931271605
212,157,145.35675225563318
212,158,143.51973035073752
212,159,133.38566995711153
212,160,121.48437696911424
212,161,127.99512306565885
212,162,117.1108715010123
212,163,143.4296146255001
212,164,118.00336918015819
212,165,126.60082457332464
212,166,103.50747708350536
212,167,113.70812976245361
212,168,126.87344292891066
212,169,126.25159620022896
212,170,123.8786234229774
212,171,137.20368905907526
212,172,113.60012079244188
212,173,127.1938960931584
212,174,130.79196184156172
212,175,125.94340464883862
212,176,123.1554964140887
212,177,119.33498599041195
212,178,132.57623696921655
212,179,102.21331037052005
212,180,121.43816749791586
212,181,123.96163146259642
212,182,105.16233021676453
212,183,107.00719264757936
212,184,104.6997791222675
212,185,92.52587415817106
212,186,123.27891856810311
212,187,110.11186085659574
213,1,129.74053792181803
213,2,111.48763674272777
213,3,93.87125268184172
213,4,111.24935795209603
213,5,102.99625625149929
213,6,131.80484570688714
213,7,89.41077357549511
213,8,114.34929737065977
213,9,131.6143052768748
213,10,119.55592769625218
213,11,135.48354336062766
213,12,129.96576431212452
213,13,98.20206506837712
213,14,109.557463678575
213,15,107.34139754984062
213,16,120.26274176807783
213,17,115.39618416959274
213,18,108.39317238795047
213,19,106.00485343291075
213,20,113.75049376099923
213,21,110.06733172141685
213,22,133.14506199893367
213,23,149.03275028680946
213,24,125.71229181493982
213,25,112.49121794185339
213,26,121.84816050135123
213,27,124.77416706841905
213,28,130.8741885153795
213,29,110.86584953395504
213,30,96.85927141253342
213,31,144.38057170801767
213,32,100.38002018042607
213,33,120.34267324532993
213,34,122.67033882543183
213,35,85.3123957016287
213,36,95.41054329082544
213,37,126.61796814747504
213,38,102.83817880480638
213,39,104.31625658045232
213,40,137.84535790327936
213,41,133.59447806151002
213,42,106.25397190471267
213,43,107.55240921638324
213,44,128.32352343748062
213,45,118.50661857667728
213,46,121.03709301051276
213,47,123.85474710784183
213,48,115.31651461050205
213,49,89.89137157105142
213,50,130.86871265900118
213,51,92.22407078877586
213,52,96.14823303150479
213,53,112.00794664577552
213,54,126.45603053573723
213,55,127.77516796706186
213,56,105.89379432018177
213,57,110.83935321842728
213,58,96.58211196729098
213,59,120.66906686579023
213,60,113.48245546962426
213,61,106.58205757765973
213,62,115.49002482278593
213,63,99.31338927915203
213,64,94.70610886912618
213,65,113.20290571275837
213,66,88.19480203316925
213,67,123.91258162199665
213,68,96.95518280265242
213,69,103.87504509199789
213,70,120.71118326792202
213,71,125.61916445897077
213,72,111.86464729171712
213,73,116.61185602987098
213,74,101.31049553419143
213,75,130.80883253041247
213,76,112.52418729221972
213,77,123.74744838595507
213,78,100.76001426823495
213,79,87.7624286671562
213,80,114.82347540015326
213,81,113.70137371413875
213,82,112.07626614351466
213,83,112.68789530437789
213,84,94.10380177445768
213,85,108.6249003896155
213,86,76.37521692211885
213,87,90.43091045474284
213,88,94.07758647887385
213,89,88.02201151724876
213,90,107.56513885931781
213,91,108.13448605863232
213,92,110.68646572522266
213,93,105.3268996376064
213,94,117.01036130500142
213,95,101.39901798915525
213,96,89.28422690929438
213,97,96.59245716295118
213,98,102.98208745848387
213,99,136.88790303870337
213,100,114.72591689338878
213,101,137.83288887902745
213,102,102.90467195776728
213,103,82.60064300223894
213,104,96.90076816466899
213,105,108.13349144618405
213,106,89.05165802276315
213,107,87.48174983081844
213,108,101.11110643846041
213,109,99.70470946775458
213,110,92.80573658526555
213,111,107.79915015100414
213,112,84.26718481833814
213,113,81.32338167951093
213,114,114.77144175636931
213,115,97.78815772829694
213,116,108.47855429105402
213,117,102.32211451617331
213,118,95.51251915367902
213,119,131.1230496160133
213,120,92.80981079536286
213,121,71.42887906781834
213,122,117.17605396034196
213,123,105.77980978354753
213,124,109.62512652462465
213,125,81.6881559072499
213,126,102.5672251399883
213,127,103.04926548296498
213,128,87.92523455139599
213,129,89.50220134923438
213,130,106.25937476778927
213,131,89.46965005202219
213,132,100.89060112855077
213,133,98.55526671030384
213,134,104.82930069210124
213,135,83.73884711940627
213,136,94.82587876141042
213,137,96.17169005110918
213,138,84.30574599095416
213,139,97.08051715221518
213,140,103.42792677402758
213,141,83.51700387827441
213,142,108.8418772394798
213,143,106.6774917585135
213,144,84.92375181183161
213,145,91.81856516312837
213,146,81.43100078369753
213,147,93.40517682005157
213,148,95.7089126673527
213,149,96.1170370506079
213,150,86.38912276973133
213,151,84.59987946297042
213,152,69.41838637453475
213,153,78.8802349857142
213,154,60.94221321854275
213,155,93.9051699473639
213,156,82.2822040281535
213,157,72.20937030857749
213,158,97.31995880299655
213,159,108.93974882155453
214,1,145.13952480626176
214,2,172.68553413794143
214,3,163.2843157305615
214,4,145.00495644692273
214,5,164.23698801494174
214,6,167.81209098993713
214,7,163.2940736009332
214,8,168.9085251989236
214,9,160.77972498355666
214,10,175.832347955562
214,11,157.67984111842816
214,12,158.02997838275041
214,13,176.12578184497397
214,14,188.579598101569
214,15,156.50973941280245
214,16,176.50582866915647
214,17,133.97151023142942
214,18,160.66693950721674
214,19,169.91893619399343
214,20,166.78420754768013
214,21,148.50271902810346
214,22,155.05834069065895
214,23,179.83443527008785
214,24,161.26684482143173
214,25,180.17858326929854
214,26,157.24112007754593
214,27,153.63744532994315
214,28,154.7985005260125
214,29,201.17860546403972
214,30,143.34713687581825
214,31,174.80047822730558
214,32,161.6638172767125
214,33,174.88932288140495
214,34,134.63957629114884
214,35,175.65759357810748
214,36,174.52417532096297
214,37,168.67293864048406
214,38,156.14038511138642
214,39,156.0684662851345
214,40,151.42587385119987
214,41,158.3442932416874
214,42,145.80078403404332
214,43,176.358198950933
214,44,159.50425537670526
214,45,165.71884921949822
214,46,174.73268559046846
214,47,151.75213062488183
214,48,158.62384585839754
214,49,161.23378061321273
214,50,172.41473653329012
214,51,169.81019842182286
214,52,173.8101229979875
214,53,134.61028988361795
214,54,151.07610533329716
214,55,173.06661482826166
214,56,139.74799454240565
214,57,164.921206007406
214,58,144.83275928937655
214,59,157.98031186930893
214,60,168.26160328983678
214,61,157.19893378079723
214,62,152.50303018541308
214,63,152.9324235583772
214,64,159.4102420170384
214,65,154.57696467352798
214,66,141.4965151819997
214,67,161.65069600853894
214,68,175.01340479587088
214,69,139.8958278083228
214,70,125.12260283980868
214,71,159.6930510356542
214,72,156.08355862255848
214,73,168.25635531581065
214,74,121.70712348248344
214,75,131.79234213601012
215,1,148.6757051397144
215,2,111.10446315181616
215,3,111.40581120423303
215,4,123.26763557517552
215,5,111.46552835419425
215,6,105.69555527462944
215,7,126.09457373124314
215,8,123.24433211692667
215,9,120.24626990936667
215,10,128.6414906364589
215,11,126.43239017840824
215,12,149.87424171893508
215,13,132.0336957429754
215,14,138.45261674094945
215,15,104.55744878003316
215,16,114.16696075728396
215,17,111.28502769621264
215,18,119.41277013313083
215,19,114.6870729427028
215,20,140.77256252258667
215,21,118.8558869853805
215,22,83.39545072553301
215,23,133.84035358996334
215,24,114.99670179720124
215,25,107.46446228440618
215,26,116.5421243206365
215,27,139.74401692543324
215,28,119.21083312060364
215,29,132.10738985837088
215,30,121.28080659147236
215,31,128.78055695568037
215,32,113.7768721482571
215,33,137.99041724226845
215,34,128.79568337244564
215,35,138.71067003442295
215,36,136.8198020349737
215,37,119.08422181346396
215,38,135.80827386576857
215,39,104.54590525927051
215,40,138.49764560914628
215,41,120.50289730484656
215,42,117.15142449015548
215,43,112.91311151780246
215,44,128.4659391069581
215,45,123.65810610984772
215,46,125.7676484107069
215,47,120.7283922206625
215,48,121.09515489799378
215,49,123.94341842654103
215,50,103.88257363747107
215,51,133.19568219174835
215,52,122.09393424551672
215,53,127.78534943875275
215,54,133.44897189905896
215,55,134.5092669196747
215,56,106.79304489591595
215,57,146.99675410598866
215,58,115.81604128127947
215,59,128.3786825924617
215,60,128.0248091088506
215,61,100.07910456315585
215,62,103.90734282434278
215,63,99.13437588719535
215,64,143.2305552447433
215,65,92.69989064904075
215,66,130.85472483089688
215,67,110.75868026242097
215,68,99.00716738514166
215,69,119.70155717983289
215,70,115.36953582749993
215,71,107.4373140675234
216,1,130.74834559492592
216,2,120.03260552675783
216,3,148.4042020294437
216,4,142.5949343477987
216,5,142.67555239865032
216,6,141.92134609758068
216,7,140.86752421838173
216,8,151.5861116796077
216,9,155.42697415738076
216,10,142.0276379062998
216,11,133.38219783684326
216,12,146.56124008428014
216,13,131.83900178317708
216,14,123.94236904144054
216,15,122.01219502736785
216,16,124.49018349862308
216,17,159.89448465385794
216,18,154.10053177695227
216,19,145.12693592398136
216,20,128.68178459376213
216,21,154.87749259734846
216,22,133.3872282132943
216,23,150.06375213267165
216,24,142.35130311093235
216,25,130.40597497214912
216,26,106.19143176246871
216,27,134.78444400630542
216,28,116.32312149634527
216,29,123.40689244342502
216,30,127.15741325621639
216,31,139.56656341125927
216,32,133.5949727312036
216,33,133.37933543547842
216,34,127.3890895411314
216,35,118.4625100182675
216,36,145.1058229139744
216,37,159.37064528041083
216,38,141.8068091156092
216,39,137.1657978796793
216,40,134.53829775470513
216,41,115.99770688209537
216,42,130.8345397181838
216,43,138.20762188814115
216,44,137.92733505310753
216,45,138.7966338277838
216,46,133.8373720181262
216,47,119.78204642506171
216,48,117.23290253225423
216,49,103.05288936204306
216,50,150.42590801652113
216,51,129.25473298355791
216,52,126.61415547777142
216,53,115.7997123626701
216,54,124.13889872794243
216,55,141.32556684657902
216,56,130.13257940382755
216,57,131.35547422948002
216,58,112.51361019766046
216,59,104.29748159973678
216,60,116.84017052324634
216,61,107.9367876549004
216,62,125.7833233402198
216,63,123.9029397195045
216,64,137.69957536244328
216,65,123.3525457516007
216,66,123.8788943509935
216,67,101.83239811278327
216,68,140.59114042424335
216,69,134.628936854926
216,70,115.93023914435616
216,71,107.70744358943921
216,72,112.57749660050467
216,73,135.8069995045371
216,74,133.7349270157356
216,75,133.99844182650122
216,76,121.63205291360646
216,77,130.08464085329615
216,78,129.8436642155284
216,79,104.86186825299228
216,80,136.6332943574671
216,81,132.5356804685216
216,82,110.82167705814936
216,83,102.80817859459057
216,84,97.73266886649799
216,85,134.63441338383564
216,86,97.87988715652318
216,87,128.54965230113885
216,88,128.9362777054339
216,89,102.96020202214277
216,90,91.40374715126381
216,91,112.44347618139
216,92,103.47412998489017
216,93,118.32976238922856
216,94,98.00270369770442
216,95,122.41532646528503
216,96,111.24714984358434
216,97,106.21670903662744
216,98,117.1981356530232
216,99,104.01023334884667
216,100,97.47593449114356
217,1,148.84485858441622
217,2,146.61533350276295
217,3,143.43981707939383
217,4,161.62638724006683
217,5,131.9420230761898
217,6,146.62370294319408
217,7,159.90232200446917
217,8,135.1626071346618
217,9,148.15248589924158
217,10,156.41095372169366
217,11,171.98683652910404
217,12,133.55139533393958
217,13,163.40811890356417
217,14,158.138155129418
217,15,163.68714254468796
217,16,150.82830173888942
217,17,153.60638858439052
217,18,146.03359741435997
217,19,153.86207009953068
217,20,155.70282648768625
217,21,187.65212149341824
217,22,163.8724304330899
217,23,154.56993638588028
217,24,145.88222194209084
217,25,178.98531067021395
217,26,177.9369409797655
217,27,159.3685986827768
217,28,165.0842357084548
217,29,168.04851763357146
217,30,141.57494292379852
217,31,166.58431871203356
217,32,156.19675785231811
217,33,153.17913854304788
217,34,161.54871176207234
217,35,158.30200038651674
217,36,151.41993508083397
217,37,135.79637432602613
217,38,165.95992777025822
217,39,163.9684098935104
217,40,153.0938283468713
217,41,155.53114482961973
217,42,155.36357421652792
217,43,160.53533603670076
217,44,180.59518396732165
217,45,174.28408391073754
217,46,155.75232287098333
217,47,123.15887113620556
217,48,146.78609161514032
217,49,144.73908995241072
218,1,203.85330245952355
218,2,206.76415179749165
218,3,183.49488361377735
218,4,200.7487851012629
218,5,210.67303162105964
218,6,194.82590200801496
218,7,194.20614551620383
218,8,184.40097696603334
218,9,197.93836867176287
218,10,175.4937926230923
218,11,174.53489052100485
218,12,206.66009301838494
218,13,180.84994458455185
218,14,176.7882223575507
218,15,204.29480328733916
218,16,194.41272463764471
218,17,198.61668753481354
218,18,204.31170976571593
218,19,198.0829373053275
218,20,188.99045374419802
218,21,184.88384798666812
218,22,199.85035775232973
218,23,195.38811905192415
218,24,188.89809309407428
218,25,182.73538517727866
218,26,180.06415162781195
218,27,196.44307775152265
218,28,188.95715090892918
218,29,197.28867368915962
218,30,167.491807360886
218,31,208.5880086257821
218,32,216.0952684976728
218,33,207.78083348175278
219,1,195.98823928867932
219,2,159.04582723780914
219,3,189.8845352552962
219,4,210.9004128293891
219,5,187.66123961202538
219,6,172.79598114510736
219,7,177.17375627344154
219,8,169.3212247273841
219,9,178.79520852193673
219,10,208.35237278682325
219,11,180.35862549471494
219,12,175.55469952460408
219,13,170.0448560177174
219,14,166.7367986715908
219,15,196.02939030097332
219,16,157.15886221273104
219,17,178.0575340881187
219,18,188.20894838187087
219,19,172.74396919776336
219,20,173.4450655233377
219,21,179.12489444907987
219,22,194.04752198344795
219,23,189.4218620199972
219,24,165.3723181317182
219,25,166.77302192353818
219,26,183.38373849224445
219,27,184.81165108637651
219,28,180.6147429223638
219,29,167.09112309647753
219,30,170.90308529894537
219,31,157.39792246155412
219,32,167.53548639648943
219,33,147.2244239288484
219,34,189.06134860119346
219,35,188.85243792270194
219,36,172.3969827166802
219,37,185.35429754176585
219,38,161.215717448511
219,39,193.44301139732124
219,40,186.8476830190848
219,41,168.20059719464916
219,42,183.47465309136896
219,43,171.30018146222574
219,44,199.43758282630006
219,45,179.53097867318138
219,46,186.18818547580304
219,47,172.92367128497426
219,48,174.3508697366924
219,49,190.9324606400769
219,50,176.96117389027495
219,51,165.59637956815277
219,52,171.3068957959913
219,53,176.0011449808444
219,54,162.15017443926627
219,55,173.5591609071853
219,56,205.24005584641418
219,57,170.9584631516409
219,58,169.44725701379502
219,59,184.99492608261062
219,60,186.41562648910622
219,61,153.74071733288292
219,62,164.87102776017855
219,63,161.11835839382547
219,64,196.40952084200399
219,65,174.50572036526864
219,66,186.75354151935608
219,67,186.06966122744052
219,68,159.95309574903513
219,69,180.46828436515352
219,70,185.2990401803545
219,71,180.43380502617947
219,72,183.9706167113036
219,73,159.1172607646513
219,74,176.7284717664079
219,75,183.52803921249142
219,76,191.5667894132057
219,77,166.26632424276613
219,78,175.09345925337402
219,79,171.07911392267852
219,80,148.1709645526571
219,81,194.97142475024884
219,82,161.0422049775225
219,83,169.15743196595577
219,84,160.32508921955014
219,85,171.21813388597366
219,86,159.1196900361174
219,87,183.66416478296742
219,88,156.72015527750045
219,89,177.11888455272128
219,90,175.7228367489297
219,91,151.39296834493143
219,92,159.93451185309095
219,93,154.49549739965005
219,94,163.24362303384987
219,95,176.27397209955961
219,96,148.1755927185004
219,97,146.52528128300764
219,98,158.31472591090278
219,99,194.3733076344215
219,100,155.0707731346847
219,101,157.20060491975892
219,102,182.73589403233927
219,103,150.42955969212926
219,104,145.5301622441766
219,105,160.53698390162754
219,106,158.52844631408516
219,107,169.96407056357566
219,108,171.90499688455748
219,109,176.3495222027923
219,110,135.33640552154247
219,111,158.4118674188503
219,112,169.66023363784188
219,113,160.31725793845544
219,114,146.9801381293728
219,115,175.59646775491274
219,116,185.13347586119198
219,117,151.1408387335905
219,118,167.5651543759741
219,119,159.5904871241728
219,120,163.73486246032553
219,121,159.64073984626157
219,122,136.6553716027338
219,123,144.35290145638282
219,124,164.0024980113085
219,125,176.00167242414318
219,126,129.76880823446118
219,127,148.48198015806702
219,128,143.94223698646238
219,129,141.89251877235802
219,130,144.37385167628963
219,131,130.41313266089855
219,132,152.25721395966684
219,133,153.95472943365894
219,134,165.60479971308087
219,135,143.23048126392678
219,136,149.46259266985726
219,137,115.0976478688317
219,138,131.00054576761613
219,139,143.35004473107256
219,140,141.45898352163204
219,141,141.08724453196191
219,142,162.33610344659974
219,143,151.73588935600128
219,144,132.40284115438408
219,145,130.99512694534496
219,146,142.0389140233019
219,147,122.15023389210546
219,148,139.01284121797653
219,149,126.92369371648965
219,150,141.12218234321335
219,151,141.99825052540837
219,152,134.75050512552116
219,153,123.4942957274543
219,154,126.6815698225837
219,155,123.62630174792866
219,156,143.01550442570442
219,157,121.25847612581856
219,158,128.16487775909627
219,159,125.39678611809359
219,160,112.4754791956002
219,161,150.9584637721855
220,1,157.98546265146433
220,2,155.301457288042
220,3,122.27504706961918
220,4,143.89331944601872
220,5,154.91719970573467
220,6,151.2945550101722
220,7,170.10282094369177
220,8,114.89937785290385
220,9,143.11130391242477
220,10,140.516355130414
220,11,156.71684681048646
220,12,105.37421005842043
220,13,149.5045289337213
220,14,147.51724105823087
220,15,163.38247291387233
220,16,122.1361099497517
220,17,152.2166799123588
220,18,123.75973251143296
220,19,151.9128686174663
220,20,164.6983882205459
220,21,164.592643291071
220,22,138.10921194237744
220,23,163.6589195872657
220,24,143.1078660347921
220,25,160.19168541784165
220,26,136.9008921551722
220,27,149.5906058806213
220,28,141.53539476317383
220,29,128.24853152715514
220,30,148.07663604406844
220,31,123.59757064290898
220,32,140.01007949486666
220,33,140.01533952575846
220,34,145.18887547797203
220,35,134.73234267569933
220,36,137.71595547013567
220,37,141.17547246970207
220,38,125.25849787314655
220,39,137.89806961921568
220,40,170.52626078153844
220,41,155.0879137856391
220,42,140.7358308409457
220,43,142.2539625129648
220,44,136.4782649057961
220,45,131.3485066737485
220,46,146.0689140768809
220,47,165.3865654587571
220,48,156.98093596135004
220,49,149.80563639767206
220,50,156.96872702059773
220,51,142.61042129588895
220,52,152.74066746125754
220,53,128.0562776346269
220,54,118.0393832692207
221,1,124.12424516757164
221,2,115.71872348147735
221,3,131.6204212724042
221,4,139.10390023987566
221,5,137.44620545949874
221,6,127.16772534570191
221,7,125.67271577806969
221,8,114.64597177983524
221,9,150.14190689644602
221,10,122.57742064900958
221,11,122.9402779815282
221,12,123.53401838057471
221,13,110.23912395298248
221,14,113.37426490696089
221,15,128.3054068860365
221,16,108.9245096951563
221,17,100.19554243936727
221,18,116.30968946879148
221,19,117.36567011926672
221,20,128.36514681044355
221,21,109.0191049580535
221,22,106.66713058852474
221,23,127.68550147910719
221,24,118.7697789006852
221,25,122.78798866777652
221,26,135.50323934529297
221,27,136.64175001152034
221,28,129.0178590111318
221,29,142.5032009913557
221,30,136.3155353589682
221,31,130.3292884803377
221,32,121.15073903440498
221,33,108.60671702883701
221,34,101.0276713558851
221,35,121.33778938777687
221,36,131.07383585938078
221,37,124.12690624546667
221,38,104.21067470573325
221,39,136.77218450046348
221,40,113.31808668866142
221,41,131.52977989675128
221,42,135.70423951486737
221,43,129.1983895893136
221,44,98.00273876026768
221,45,140.16538606848917
221,46,90.03125642234227
221,47,122.83635920103552
221,48,103.56821376251173
221,49,104.10492531119235
221,50,112.24603697714338
221,51,103.80105713164085
221,52,130.12366516577458
221,53,100.44677622526797
221,54,79.7237524035445
221,55,129.69739977092104
222,1,112.14320123396465
222,2,127.33550858312083
222,3,135.17854882499523
222,4,122.06905219671171
222,5,147.32621532412304
222,6,134.32383141330502
222,7,118.6663443623911
222,8,135.30214171800617
222,9,130.07601941133908
222,10,110.68300587289559
222,11,117.75661040885461
222,12,143.26707794344838
222,13,111.13896687558736
222,14,117.92806343162374
222,15,116.70264411814424
222,16,121.56021914577286
222,17,117.62453303064831
222,18,139.6572506807497
222,19,135.95255457971507
222,20,120.44736540612939
222,21,116.20638356811833
222,22,133.18659000550542
222,23,131.02634050310007
222,24,119.88479925010324
222,25,111.52739089981333
222,26,111.46178216944827
222,27,99.31550485140906
222,28,96.97705710364971
222,29,125.91483533492283
222,30,112.3247815228824
222,31,117.2961939349043
222,32,127.95810127621371
222,33,114.63694364121329
222,34,110.87899452698184
222,35,112.77757583220227
222,36,123.11616725865315
222,37,105.75130882003577
222,38,114.36010293172149
222,39,113.0636724977885
222,40,101.62805257964646
222,41,100.83490517925384
222,42,96.96447647276364
222,43,110.97158061704977
222,44,126.11871305236127
222,45,97.1808781201471
222,46,133.0064828828181
222,47,115.94962889841554
222,48,117.9709516661751
222,49,106.02350606751861
222,50,124.96602246165276
222,51,96.66306162341061
222,52,94.8094408379402
222,53,91.39955730420479
222,54,100.90095270497113
222,55,116.91665549360914
222,56,101.49957334477949
222,57,103.53070447201753
222,58,114.35116943564935
222,59,100.27245618431334
222,60,97.03301650763751
222,61,126.4467555135343
222,62,99.4406580022769
222,63,97.46817751644994
222,64,109.55993220384698
222,65,123.35687101929216
222,66,134.44339757011767
222,67,97.76846885237319
222,68,109.87010425796325
222,69,125.4565973594581
222,70,131.41255215505953
222,71,113.53510391668533
222,72,118.21416167473944
222,73,111.74280185553653
222,74,128.42180396019103
222,75,106.83868202027224
222,76,103.72176663523715
222,77,123.5633105714951
222,78,106.30368714373617
222,79,119.50775906029594
222,80,98.74862871639198
222,81,107.37025890779478
222,82,146.41779226305516
222,83,113.78996691173961
222,84,118.61788574089587
222,85,100.47048662577436
222,86,116.64008038936299
222,87,110.31614941062435
222,88,128.7425195623
222,89,104.03506749444932
222,90,117.93998874493263
222,91,138.92703831137624
222,92,114.2512046497286
222,93,97.12432868217729
222,94,88.93955938187719
222,95,107.98397446404124
222,96,108.18241160393518
222,97,105.73524191452452
222,98,113.88119658694632
222,99,98.92846211526921
222,100,105.97240122326184
222,101,101.64253635046043
222,102,126.38254994862655
222,103,119.78858362669416
222,104,111.0691267008151
222,105,109.61045819700666
222,106,108.93364789756743
222,107,128.11504986196087
222,108,104.49054304842139
222,109,122.34808051853179
222,110,104.57984717935324
222,111,112.2218146758969
222,112,114.68686348447955
222,113,74.83065764776984
222,114,103.62192771202535
222,115,93.40397815476172
222,116,94.28003060961782
222,117,97.97544996206125
222,118,103.30988577707467
222,119,108.66075186815578
222,120,111.56201273116312
222,121,89.10378201411368
222,122,95.24220369581599
222,123,104.39830925405113
222,124,104.75192687912204
222,125,86.89590033550485
222,126,116.26967898059956
222,127,114.49791106415068
222,128,83.81777617883927
222,129,102.98138553192257
222,130,82.94406569041894
222,131,96.36935818731581
222,132,98.65763415131369
222,133,90.9687720426009
222,134,80.35338447041431
222,135,97.04703592013539
222,136,86.4939973340006
222,137,101.36251202258427
222,138,83.71819187741494
222,139,107.72175728999719
222,140,111.55101558952447
222,141,73.67912451779557
222,142,86.22917204933037
222,143,115.58941803748894
222,144,93.0097985889297
222,145,99.9907033831987
222,146,81.00170348773099
222,147,95.1182617833183
222,148,104.96361229421018
222,149,83.26199229805934
222,150,79.68415450606699
222,151,99.97297849175084
222,152,89.31531673369318
222,153,86.73581038047996
222,154,99.73414762753237
222,155,76.73912946911878
222,156,85.66150996681245
222,157,79.63390625575994
222,158,80.58359508417925
222,159,98.05390007079404
222,160,102.61543804765097
222,161,72.10180381993268
222,162,57.28007559230173
222,163,102.7063506208433
222,164,71.25669677559927
222,165,98.23077132565959
222,166,74.41123938027158
222,167,90.52108767951722
222,168,71.94204776897823
222,169,107.91909733406646
222,170,80.42699488129438
222,171,98.06065342317015
222,172,68.43202420038142
222,173,69.6925286263504
222,174,85.39359164374764
222,175,60.19078698116209
222,176,83.06191790648154
222,177,54.86368056269566
222,178,62.03496439165974
222,179,81.09257725807402
222,180,91.80669266649056
223,1,166.55841673450777
223,2,182.63650284852338
223,3,153.68667052680394
223,4,167.16783391905483
223,5,199.90675865008234
223,6,189.53940482976031
223,7,182.97979942528764
223,8,168.90684116689226
223,9,168.5707289332713
223,10,184.85495881752286
223,11,164.04837631204282
223,12,172.2239791528482
223,13,180.33895196104277
223,14,175.81466296602594
223,15,199.0619017610734
223,16,186.5834921711794
223,17,187.65810053965834
223,18,172.547292815143
223,19,194.09011917381576
223,20,158.5107819965997
223,21,182.67972130371345
223,22,157.8448531735703
223,23,202.6915808384074
223,24,188.73751504356187
223,25,173.83816138384282
223,26,186.331321792597
223,27,191.75613667423022
223,28,164.00727372374968
223,29,174.9406756340759
224,1,180.05955274881126
224,2,157.40690998774517
224,3,168.64560994558997
224,4,159.71568571581156
224,5,168.37618789018597
224,6,147.52127790545637
224,7,174.9476315697757
224,8,177.59688684972934
224,9,172.575305351289
224,10,163.8639398345913
224,11,185.72774261538143
224,12,152.1155668736028
224,13,188.48341693791008
224,14,187.92639035098546
224,15,159.25692794333736
224,16,169.5711610345752
224,17,182.39731929906702
224,18,174.71506357685575
224,19,147.89346901378303
224,20,180.26180223083065
224,21,170.11298755677126
224,22,146.08507282805658
224,23,152.66298329947313
224,24,200.35132384283497
224,25,164.84693368575972
224,26,168.37435711733997
224,27,171.57962165433128
224,28,168.57350268652226
224,29,186.3136670354579
224,30,165.75949047897302
224,31,170.53044742402562
224,32,143.43552813847782
224,33,178.69765773373365
224,34,184.70069428146235
224,35,145.15135710263712
224,36,143.58688021586568
224,37,161.1967873064641
224,38,153.5979227548669
224,39,177.99611336248927
224,40,165.7425350498379
224,41,172.14137283428863
224,42,180.7969574802337
224,43,168.2618532123961
225,1,125.25797079737822
225,2,120.53228651311656
225,3,129.8288003016787
225,4,122.70846217048529
225,5,114.2808907404251
225,6,124.01510857509857
225,7,125.14664190357144
225,8,141.70890266518836
225,9,148.08333147050143
225,10,129.4144391501759
225,11,124.7815158734229
225,12,115.50155177608394
225,13,146.52885797137424
225,14,135.64194758207304
225,15,128.449388741632
225,16,147.99819442151056
225,17,117.97578906569834
225,18,104.60556979531248
225,19,121.2299049135836
225,20,134.80486857263895
225,21,127.94852292578435
225,22,141.4730024797318
225,23,110.73721798462066
225,24,135.54656755626638
225,25,118.9445984481863
225,26,117.29846877377713
225,27,149.2970934953264
225,28,109.84792161458608
225,29,113.48321042826137
225,30,106.84686625812174
225,31,146.71533263322635
225,32,137.21043042589008
225,33,130.56823823873856
225,34,122.72167789149535
225,35,110.41317279668874
225,36,119.54632688527636
225,37,109.37421774664836
225,38,114.97223407584534
225,39,119.89232731703669
225,40,123.46488137427514
225,41,112.46378674673906
225,42,107.44498952053254
225,43,132.01986144668626
225,44,125.06188836184447
225,45,119.30882770846074
225,46,125.7265377747899
225,47,119.26123706689395
225,48,136.5606396824296
225,49,123.96386939735385
225,50,134.82132819246908
225,51,123.82177046970901
225,52,106.59792754773662
225,53,97.34297840937506
225,54,116.59486411519902
225,55,109.44086964665621
225,56,93.13254957207391
225,57,93.6987587241747
225,58,138.5225137386733
225,59,105.08370907414792
225,60,122.61716723587597
225,61,105.68935479890206
225,62,90.83309308966273
225,63,106.09922599060519
225,64,107.99892191556137
225,65,122.0310430635509
225,66,96.28361821625003
225,67,123.16208403175551
225,68,119.94212096030242
225,69,139.7205468469183
225,70,130.75423918565502
225,71,126.78884875377844
225,72,97.67515838847612
225,73,126.61863841519516
225,74,125.3988079066039
225,75,114.70392170757987
225,76,113.58563934420818
225,77,128.75029379663465
225,78,135.05286798916495
225,79,105.65407962621248
225,80,87.41722625563852
225,81,93.64414766550908
225,82,110.08509413739375
225,83,105.14537373146595
225,84,81.95418942314427
225,85,98.59911294629273
225,86,119.7564195582454
225,87,122.77189830879797
225,88,105.17898796869122
225,89,118.9483495493696
225,90,94.97304762002022
225,91,86.78965111766593
225,92,91.72080753479531
225,93,96.29611535839649
225,94,99.59186859971669
225,95,103.21496939208009
225,96,106.9890486681179
225,97,106.31757333234418
225,98,84.75723341679986
225,99,89.39723234585836
225,100,95.41540024763526
225,101,101.1568612939227
225,102,106.17665747158753
225,103,89.71992990919534
225,104,98.13867656941147
225,105,101.57212301345862
225,106,95.6625060575534
225,107,75.92190957899584
225,108,89.85422375672351
225,109,83.97804154147889
225,110,94.92837024564506
225,111,103.23636023344443
225,112,79.18059178892872
225,113,75.83954883999832
225,114,65.77567257337068
225,115,86.2007125332384
225,116,85.53761040496465
225,117,96.99269288597134
225,118,78.6169399022765
225,119,70.98229736039502
225,120,76.37357234412048
225,121,72.94192391879915
225,122,88.99527687076625
225,123,58.19325490288611
225,124,61.618891770078335
225,125,86.48424885808345
225,126,73.6204767647796
225,127,54.962825970527774
225,128,98.28568082957645
225,129,78.57045883044339
225,130,87.4921574861437
225,131,58.158780566933274
225,132,58.619624384060444
225,133,64.95708912595
225,134,52.26905535811966
225,135,84.6314578516176
225,136,70.7780197996035
225,137,79.90511156777939
225,138,48.99823786809429
225,139,53.624225952866254
225,140,68.47037773819466
225,141,73.52241998562386
225,142,78.56153929707943
225,143,78.77833859396196
225,144,60.12194172137242
225,145,60.80961006354846
225,146,53.703993183422426
225,147,42.45676649145753
225,148,70.62365181268979
225,149,31.982488019391894
225,150,30.23306310216867
225,151,36.24192458370089
225,152,58.890044250649225
225,153,49.48008422210114
225,154,58.833880189136835
225,155,36.62418508082192
225,156,25.862766312231543
225,157,46.812154629893485
225,158,18.190552430147363
225,159,33.99859862071753
225,160,46.813334238271636
225,161,45.870477512158686
225,162,-3.2441707360267173
225,163,33.16912749389303
225,164,24.128001643366588
225,165,11.685940219416807
225,166,-1.9398663782340009
226,1,147.5795148394318
226,2,177.57499091720092
226,3,167.254396323151
226,4,155.54183901562646
226,5,186.3613816477955
226,6,167.57242823206616
226,7,179.01978938082175
226,8,173.26768535320298
226,9,167.44333661181008
226,10,149.2682222381991
226,11,159.23989893039106
226,12,159.80898604414688
226,13,162.12453771254513
226,14,155.9755541217164
226,15,143.8720432427508
226,16,165.1776674697321
226,17,155.01432529062004
226,18,179.4160074994652
226,19,163.99083268624236
226,20,158.25982581393328
226,21,164.90514931469806
226,22,161.9898606459974
226,23,173.10468526263867
226,24,159.14800005211146
226,25,176.98597126609093
226,26,147.87473478595348
226,27,163.28262007367448
226,28,156.08468824195734
226,29,134.44086082143622
226,30,162.6154519770207
226,31,151.48825182019937
226,32,159.58328509468993
226,33,156.38261053163296
226,34,159.9853450232622
226,35,163.79081710635364
226,36,170.11701957759215
226,37,167.97523547319724
226,38,160.38428884306632
226,39,158.30053776261775
226,40,171.7669115061217
226,41,160.8352847356291
226,42,164.54522270434245
226,43,158.54338279244257
226,44,158.45485709651985
226,45,148.34121213588514
226,46,144.40408493293944
226,47,163.98764313401625
226,48,159.49231368467736
226,49,177.50524059945747
226,50,157.40813698961574
226,51,155.83628530226997
226,52,148.5437296355376
226,53,168.31360292583122
226,54,163.67948808860092
226,55,142.79097751437803
226,56,139.37157656293857
226,57,166.80014515837684
226,58,139.26446797701647
226,59,152.17368533174158
226,60,161.56467017546674
226,61,173.4254524167918
226,62,167.69554717706342
226,63,179.5330369505391
226,64,160.07393214099284
226,65,150.38611422190297
226,66,159.2811197883857
226,67,160.3704161711794
226,68,145.91408161929576
226,69,168.6912631284431
226,70,147.25645120085392
226,71,161.50060860918165
226,72,171.69878645355493
226,73,153.36723542109394
226,74,152.6158845207683
226,75,151.50613051139953
226,76,135.29395621117146
226,77,156.47317643602582
226,78,175.1190181589409
226,79,160.19548946772557
226,80,130.85202129062964
226,81,150.25721799930034
226,82,144.33145409948338
226,83,137.19324618960673
226,84,136.02269102561695
226,85,159.9385958205312
226,86,157.28434030747303
226,87,135.52635406216723
226,88,148.5853254510439
226,89,146.52377609637188
226,90,124.48959655664657
226,91,162.99960245989496
226,92,139.93337365722255
226,93,154.70228283009783
226,94,145.99110706606734
226,95,127.67104918169207
226,96,139.92473786175833
226,97,159.55597694251628
226,98,156.0621354545874
226,99,139.715100607551
226,100,148.4747810839326
226,101,149.5932435797513
226,102,135.83747514256538
226,103,135.11895220376755
226,104,159.46467871387722
226,105,121.03570187725563
226,106,147.89722073057783
226,107,123.50546933151782
226,108,142.52489128751768
226,109,147.71373625917477
226,110,146.0212388448199
226,111,158.9899167777112
226,112,133.4389873007749
226,113,157.10333285173692
226,114,131.8267593347191
226,115,137.78701995356096
226,116,125.53387421856314
226,117,141.9029633017126
226,118,162.86241538230388
226,119,151.477503504997
226,120,155.31807306172414
226,121,145.7521959304795
226,122,134.5081350379478
226,123,165.74074026724702
226,124,136.32246827159543
226,125,137.92967053122265
226,126,140.77967645234457
226,127,163.20951339685416
226,128,142.6879529837679
226,129,148.03157796088635
226,130,135.99265989290143
226,131,135.02534109606495
226,132,142.83955188523396
226,133,142.0375486720368
226,134,134.84608496110013
226,135,127.39183023944497
226,136,168.64809585185867
226,137,107.7423114675039
226,138,136.97322971400718
226,139,135.23830228969746
226,140,123.64723809318821
226,141,138.796663465444
226,142,131.3529499949218
226,143,119.81285980304528
226,144,139.31240909022745
226,145,128.81423977825034
226,146,127.65914241575956
226,147,140.68088560878095
226,148,135.3358209608341
226,149,119.34015584879671
226,150,127.98496245105343
226,151,136.05456811638578
226,152,163.23588294951333
226,153,119.5026741310212
226,154,122.22659187447425
226,155,142.89420769277058
226,156,148.0456380253454
226,157,126.68518901919015
226,158,115.6274891597277
226,159,112.49494224892987
226,160,126.65674097665033
226,161,121.50245911745151
226,162,118.6309351915479
226,163,127.26409220143978
226,164,124.75676761725481
226,165,98.6754643586537
227,1,115.1942739282822
227,2,102.75029847456608
227,3,116.51757832780277
227,4,104.03536063821957
227,5,79.07212482306932
227,6,106.74331439387606
227,7,96.7771646741603
227,8,126.82900847944256
227,9,88.72448012660607
227,10,108.76582018896443
227,11,91.56666017396492
227,12,86.60897600137105
227,13,76.64413288753713
227,14,109.58805983688217
227,15,101.69904703254724
227,16,111.0359370918668
227,17,121.35318514287792
227,18,102.85507401534414
227,19,111.74933120394417
227,20,108.48523873837985
227,21,115.64635157731391
227,22,116.5763053102637
227,23,100.6464652008508
227,24,100.07098613710696
227,25,96.5162986657815
227,26,112.36549209999066
227,27,105.31240436872758
227,28,120.70695789729507
227,29,121.67120656969928
227,30,91.90276286680455
227,31,105.56824405617954
227,32,116.42363468237454
227,33,97.96428672742331
227,34,102.73621648803964
227,35,88.26683207653696
227,36,96.72260410180752
227,37,122.33348889491754
227,38,104.28526447113836
227,39,98.12377265248506
227,40,92.54623220157373
227,41,99.31979262057575
227,42,107.51419963059016
227,43,106.5084408941184
227,44,103.20618439153623
227,45,103.96958818398707
227,46,94.09214419501222
227,47,101.19873329237453
227,48,91.26335354214825
227,49,78.10418022455997
227,50,100.50935545100947
227,51,80.74861851348396
227,52,104.01205050326098
227,53,110.16310741425696
227,54,118.0216076172801
227,55,107.2391026043988
227,56,87.951577019041
227,57,78.12769925418252
227,58,116.70537610705651
227,59,122.19026495410071
227,60,80.06056991606602
227,61,118.157773315128
227,62,83.2796958652616
227,63,84.26005154271843
227,64,98.36172866150446
227,65,98.10130398763431
227,66,92.79140824876959
227,67,99.25057743948128
227,68,85.66240863731946
227,69,94.94331069277541
227,70,98.52145158094936
227,71,80.92220405207627
227,72,72.70615662322234
227,73,129.6250807333272
227,74,102.92512835285015
227,75,112.41277623642964
227,76,82.89376755710691
227,77,95.8403253360375
227,78,104.3247090099976
227,79,88.35473079024086
227,80,111.99172126986377
227,81,92.1891728864939
227,82,88.45992793272308
227,83,71.97630378227768
227,84,83.44176275970676
227,85,110.13860072464013
227,86,82.91356214315601
227,87,89.73107721195993
227,88,83.19401376604219
227,89,95.1139571081876
227,90,72.54713232712675
227,91,84.83420060699427
227,92,100.9509518984487
227,93,70.31320033588418
227,94,83.85751479877945
227,95,88.03993941463705
227,96,102.01251224548469
227,97,98.05418040109362
227,98,97.27290705509222
227,99,95.85226415217767
227,100,58.847652373260644
227,101,83.49117579923768
227,102,115.17140096281219
227,103,71.3962258913889
227,104,71.25748311809002
227,105,81.81805639016966
227,106,55.95168853240466
227,107,80.48241746389249
227,108,63.472382780462794
227,109,104.35113764359994
227,110,64.83757920220523
227,111,94.80132992794825
227,112,73.71612976211327
227,113,67.2231216400105
227,114,70.77415096741606
227,115,82.8946547247906
227,116,92.33326271690021
227,117,69.404286484576
227,118,68.2203205509577
227,119,66.89672446605255
227,120,65.09097874384315
227,121,89.51871172383835
227,122,88.5924673625268
227,123,65.72558965047938
227,124,60.00062546993286
227,125,83.08320182933676
227,126,68.45488376504363
227,127,57.03236093571468
227,128,51.8801657033473
227,129,62.058704361996206
227,130,54.08192917710403
227,131,76.68897973467392
227,132,60.72908511348942
227,133,51.719177869090345
227,134,49.31827748737851
227,135,58.294857439665066
227,136,52.41365363071236
227,137,74.04298037766421
227,138,51.26510310875892
227,139,70.7600936332019
227,140,58.655428574325924
227,141,66.37347321469133
227,142,63.139086849703745
227,143,54.95848857756573
227,144,42.03897603563382
227,145,47.1709800706376
227,146,62.863140727633436
227,147,60.20848432798084
227,148,44.55353238809039
227,149,48.88597840857983
227,150,52.966704506019596
227,151,21.344660553979338
227,152,43.79211977806699
227,153,48.354445812132326
227,154,45.83608933501091
227,155,36.68817074668186
227,156,35.55852966201928
227,157,36.40365101866337
227,158,33.31547831973148
227,159,23.19327729176439
227,160,33.61697339195234
227,161,13.687998106099258
227,162,35.99772427865537
227,163,38.35819708410418
227,164,48.821851425127534
227,165,48.434126283180376
227,166,32.09856434644462
227,167,27.18701394568052
227,168,14.320444275144837
227,169,41.70505233536824
227,170,28.835947477833543
227,171,13.391965693408565
227,172,17.912107136347913
227,173,20.560688823257806
227,174,12.201645469984214
227,175,19.7292289492907
227,176,13.673724483000115
227,177,3.3398996130854357
227,178,12.502455630026816
227,179,10.841195951812551
227,180,14.016801661011414
228,1,123.5500478859467
228,2,110.86234338168288
228,3,105.98322371886752
228,4,107.684771881497
228,5,113.267375978161
228,6,103.14247378153959
228,7,114.02608549501747
228,8,112.42818483303563
228,9,117.89198742980807
228,10,91.96510939154541
228,11,110.70213373069419
228,12,113.236471183307
228,13,115.68971032139962
228,14,87.43950246887107
228,15,127.18940301164548
228,16,102.92862951716234
228,17,120.29273372878379
228,18,108.59408392972546
228,19,114.25922267665737
228,20,109.03467489810282
228,21,114.63274260930484
228,22,102.98488953990454
228,23,117.25850230640935
228,24,109.91247364002629
228,25,122.86987166020117
228,26,121.86736523328
228,27,118.65537976167252
228,28,126.83545257817605
228,29,95.06248507415148
228,30,114.94569086129923
228,31,124.60408786669723
228,32,105.05209525192913
228,33,93.82194666181022
228,34,119.20936229772633
228,35,99.69096851997165
228,36,117.52721813580865
228,37,126.65038974679192
228,38,97.82368858057453
228,39,95.00331941715558
228,40,91.15472465899802
228,41,105.81799120857613
228,42,107.70679586179176
228,43,85.93612753682828
228,44,92.70225769699027
229,1,139.7069335997876
229,2,147.3955322579568
229,3,137.1357236146432
229,4,139.83040729608183
229,5,152.88773120139376
229,6,148.4826142125239
229,7,143.05144451051456
229,8,141.77342628852057
229,9,135.80344739627617
229,10,125.62582912787911
229,11,145.47503131724807
229,12,117.19103061546775
229,13,137.98062473205937
229,14,130.87454545116634
229,15,142.40796262276854
229,16,139.97753706449294
229,17,134.08062710188096
229,18,145.19244464863004
229,19,129.92222299941932
229,20,133.5210773389772
229,21,145.10128808642185
229,22,152.5080455442585
229,23,132.99780837621074
229,24,158.808229081842
229,25,122.99577306132414
229,26,159.08330389657203
229,27,124.74390802112612
229,28,149.3054460808853
229,29,141.42840514583077
229,30,150.24676536499464
229,31,160.7279116577629
229,32,148.36049709564395
229,33,134.11957059866108
229,34,128.86928461863863
229,35,143.8139158350823
229,36,137.9461883203112
229,37,148.601072298894
229,38,135.1217936089888
229,39,131.297592375995
229,40,138.1993494480339
229,41,138.95417680146056
229,42,154.63604266564653
229,43,130.76333308611356
229,44,161.02221043714235
229,45,146.26931074515596
229,46,138.48683603447716
229,47,132.63876849945518
229,48,127.69938976352569
229,49,146.2303834966806
229,50,149.34224034489307
229,51,129.58848235188634
229,52,144.3010862046358
229,53,141.21037718142907
229,54,103.52716823087394
229,55,145.31926961676072
229,56,107.49692278081056
229,57,134.40212468794198
229,58,116.28823653801373
229,59,138.29188815231464
229,60,138.3183195915335
229,61,122.10620656524407
229,62,132.34039925661637
229,63,122.30225805762166
229,64,125.72818380522949
229,65,126.93062437153276
229,66,115.53423957203631
229,67,138.7285847821404
229,68,138.0129152817026
229,69,117.11314395064255
229,70,121.3054571649991
229,71,133.57681637325004
229,72,118.40421057375352
229,73,101.22085131877247
229,74,132.25812964590295
229,75,117.47745355270308
229,76,117.3006662074913
229,77,121.66549947908061
229,78,123.7631729356508
229,79,97.63858460345364
229,80,121.50837517118634
229,81,113.57043668450933
229,82,128.62090402025933
229,83,121.54667338001309
229,84,122.45784914101387
229,85,132.67122720871703
229,86,113.28156966569804
229,87,145.62182614592166
229,88,88.16979408325278
229,89,117.26961386342737
229,90,113.74213411649544
229,91,130.41821499875368
229,92,106.47273089592636
229,93,121.00027184820647
229,94,121.85936569276964
229,95,98.67792353844561
229,96,126.30257616138988
229,97,112.15440146621404
229,98,91.00631608875119
229,99,126.49630271609931
229,100,102.12134653039539
229,101,134.34144859214575
229,102,108.44772386719706
229,103,106.33449307181581
229,104,88.98063353241741
229,105,126.86369181637565
229,106,114.84892784863769
229,107,118.89373549121228
229,108,90.47995826059196
229,109,103.38930757288472
230,1,187.43902978607366
230,2,168.4419956295751
230,3,156.7779918325905
230,4,180.93631716995878
230,5,183.25816278556886
230,6,175.2781805039922
230,7,187.66827687384648
230,8,151.4522501424508
230,9,159.80673611639213
230,10,173.52785425270122
230,11,158.1243235119764
230,12,157.798379523294
230,13,175.628960691276
230,14,149.23075819257792
230,15,171.93711256091046
230,16,172.15555832808604
230,17,168.31001323753298
230,18,172.59422261947475
230,19,174.2118598690431
230,20,164.0186076760292
230,21,169.45402379339066
230,22,180.18612508459773
230,23,171.19404922828107
230,24,168.07453083898872
230,25,174.03114640964486
230,26,159.5028487523814
230,27,173.14730688842974
230,28,172.31526645577833
230,29,197.53325240902632
230,30,174.87436498668103
230,31,180.2234755121026
230,32,181.54621387508087
230,33,170.43514706339192
230,34,135.63125518467132
230,35,166.16373926789674
230,36,167.02407227515505
230,37,165.6462425487407
230,38,158.9870670008604
230,39,183.25551026660833
230,40,147.78020798248326
230,41,159.3135237885872
230,42,184.76895969088946
230,43,142.58327527365327
230,44,166.91458311527822
230,45,174.40463458909653
230,46,145.09214939834783
230,47,150.8409535029714
230,48,172.1992408600927
230,49,172.29158589040162
230,50,161.37110809004662
230,51,202.42597968588962
230,52,183.92156442899432
230,53,160.64220075621415
230,54,168.39427976263687
230,55,173.89873709645326
230,56,164.55301479932677
230,57,171.27044003894116
230,58,183.84470418700948
230,59,181.29087369859917
230,60,156.18848916438583
230,61,159.76526030958485
230,62,169.27368136988662
230,63,158.15270631592284
230,64,146.62608749666833
230,65,156.0238962276344
230,66,206.93595315873972
230,67,156.2987956678553
230,68,184.27681843934988
230,69,153.60025457177107
230,70,175.6021153365291
230,71,166.30797936689487
230,72,149.19563927082345
230,73,166.09057543509698
230,74,161.49334794883907
230,75,144.60562066140847
230,76,151.59476555154833
230,77,158.79191811980854
230,78,128.85334832317312
230,79,153.0172357837946
230,80,163.37324444435944
230,81,171.4087598845872
230,82,139.33953247549653
230,83,168.10733824063936
230,84,135.5977403615907
230,85,166.4413644642118
230,86,144.4695962814876
230,87,162.71775042287481
230,88,157.06264058873785
230,89,159.97633102272084
230,90,145.48267009359552
230,91,161.77384724409785
230,92,158.81205563594995
230,93,146.3965182926695
230,94,148.63962228380842
230,95,172.48685830109753
230,96,178.9354772089573
230,97,168.3066381133758
230,98,137.0801196906541
230,99,137.27396208620485
230,100,157.32759934526985
230,101,155.8971927122111
230,102,151.99323681248643
230,103,158.231144289457
230,104,165.3289522774212
230,105,150.51295658508752
230,106,168.2860478181974
230,107,154.7049588798036
230,108,143.67768694493134
230,109,144.20551299973886
230,110,171.85525073973258
230,111,156.55307716508833
230,112,125.67103173072246
230,113,182.35420086565136
230,114,133.3910672294951
230,115,160.02324385642714
230,116,138.98297704103607
230,117,143.86769689503126
230,118,144.45985421845398
230,119,147.35976577059773
230,120,149.15630234422133
230,121,169.30317559997638
230,122,144.1816872355339
230,123,142.13945641811733
230,124,137.36674115253118
230,125,148.2551361349615
231,1,165.11098500595836
231,2,151.54681668563717
231,3,161.00338250906498
231,4,158.94739706812106
231,5,161.93853628143552
231,6,155.7065012860403
231,7,164.72726194873394
231,8,129.69668510337942
231,9,149.6008173344744
231,10,150.06897381547606
231,11,151.64321949160512
231,12,165.82120179945196
231,13,138.7565924505252
231,14,138.93036658166238
231,15,152.53998952627444
231,16,154.955974221004
231,17,158.22513856178557
231,18,148.33267067994166
231,19,159.280382323901
231,20,152.23355345307937
231,21,165.02875092517934
231,22,159.425679479049
231,23,161.19402815791545
231,24,129.03808364981523
231,25,150.44357097033208
231,26,159.42795476334868
231,27,149.08609373398212
231,28,156.361213891636
231,29,166.08605679017637
231,30,141.00548807113955
231,31,147.96619104027923
231,32,151.18117606574378
231,33,150.80262154257798
231,34,174.44990515348763
231,35,172.76426195579552
231,36,147.39921198569937
231,37,169.62444887492893
231,38,143.52737204587902
231,39,163.8555575595019
231,40,163.7307950387476
231,41,135.70945314774872
231,42,133.8266545786173
231,43,152.15482581554534
231,44,118.82492011509021
231,45,155.6591777973954
231,46,127.31916988452576
231,47,124.15789812121511
231,48,135.80359056308225
231,49,138.0064635828894
231,50,156.54047817645915
231,51,171.1679328894461
231,52,134.01132215210237
231,53,161.83979900117265
231,54,136.34937414023443
231,55,173.76051684708364
231,56,150.61059703747014
231,57,118.60016149933654
231,58,144.77786730532534
231,59,147.09469965028984
231,60,133.27949595051905
231,61,140.22436274383654
231,62,146.01609198217193
231,63,146.58327093470143
231,64,153.07965668987163
231,65,142.21135473136383
231,66,135.91351421898435
231,67,135.05797293103387
231,68,165.28307225114258
231,69,119.04023119846534
231,70,134.82885821287346
231,71,133.47911124353413
231,72,148.04688702439307
231,73,131.10167788533727
231,74,142.80143941802817
231,75,149.97229109410546
231,76,123.44093563687056
231,77,124.75750471076753
231,78,148.88190799127187
231,79,115.10738924906036
231,80,143.4334535200178
231,81,151.17764070947305
231,82,135.66829263466207
231,83,154.09365880358382
231,84,126.42400412818824
231,85,111.72143145914742
231,86,135.09022086266486
231,87,128.68318609864218
231,88,139.14891220563732
231,89,124.91343233182852
231,90,117.27360960264195
231,91,125.97105838170683
231,92,138.06804914060194
231,93,131.8114836404784
231,94,125.84576345936512
231,95,127.51575896522263
231,96,135.64388626142318
231,97,134.9454420391703
231,98,144.8203946502108
231,99,123.10156303897384
231,100,113.61977231184574
231,101,136.25494833487028
231,102,119.66292536825495
231,103,125.07375406115898
231,104,110.67898660626815
231,105,151.24599722871062
231,106,140.0646960727463
231,107,108.24620819635311
231,108,131.6515403996964
231,109,134.88824225756252
231,110,123.61055437038158
231,111,117.07771964483254
231,112,135.2072757274218
231,113,111.3912503393658
231,114,96.82206739152753
231,115,128.85993372452504
231,116,113.71125577355997
231,117,115.20535914593347
231,118,110.01469852690207
231,119,108.43806156767823
231,120,106.88003561990627
231,121,101.7239867777098
231,122,103.36269172054017
231,123,100.42370032340841
231,124,103.68585156031622
231,125,92.30475661119999
231,126,115.70517409755848
231,127,111.15832830490399
231,128,99.95196468815266
231,129,109.20907658281067
231,130,80.2903242769462
231,131,102.9429070389233
231,132,89.07159829665034
231,133,81.47682198322582
231,134,88.13003930255945
231,135,95.40814839041559
231,136,83.54682293129008
231,137,76.57323279247066
231,138,84.91335837135557
231,139,86.73334565217374
231,140,75.8933856744261
231,141,99.60606236800231
231,142,89.19061511835753
231,143,88.65703977599333
231,144,73.15166667026642
231,145,79.67608618483791
231,146,84.316369581662
231,147,72.68838101562142
231,148,100.64393650767306
231,149,62.60540141315869
231,150,90.39562927137013
231,151,51.68017545893963
231,152,63.17330573959771
231,153,76.59298764260166
231,154,78.72360463027144
231,155,60.5468952344454
231,156,45.400657402067736
231,157,49.87975331369671
231,158,47.48691535675607
231,159,71.72551378656499
231,160,45.37950129244564
231,161,46.431933047519124
231,162,60.864719794473785
231,163,34.92367417589412
231,164,27.662011247579358
231,165,26.677360434514412
231,166,68.64458664127596
231,167,17.90863691193954
231,168,36.18955769758759
231,169,28.409567524737213
231,170,50.13589136392693
231,171,39.058570126479026
231,172,8.878455068224866
231,173,28.22996172362764
231,174,34.514331567595946
231,175,21.448484139880748
231,176,36.25737393955205
231,177,20.155113053624518
231,178,13.476086000358919
231,179,6.6717674881074345
231,180,5.947323990185396
231,181,11.393202227736765
231,182,7.4199443244651775
231,183,-12.920699640380917
231,184,-29.486591910339484
231,185,-5.9072253554622876
231,186,-11.287178306087299
231,187,0.45375662123115035
232,1,94.66862304309325
232,2,106.20318374176713
232,3,111.62729646758089
232,4,123.02248001999396
232,5,133.70284243597416
232,6,116.40243719075806
232,7,113.25373850683536
232,8,109.79703150553541
232,9,129.5482784560154
232,10,126.85802996341226
232,11,132.33781956865278
232,12,116.3692478273515
232,13,114.2188809540894
232,14,130.3344427523043
232,15,136.09036259808636
232,16,135.24821425080881
232,17,126.79566515424813
232,18,126.73278255746845
232,19,140.7523549178586
232,20,130.17718375041295
232,21,95.23224576263601
232,22,138.2405634068491
232,23,144.72114250005689
232,24,113.4252390457259
232,25,114.68235336249927
232,26,127.98340253063361
232,27,138.98715020641248
232,28,122.86439085533493
232,29,123.63983736436057
232,30,138.1573061740346
232,31,122.65619202831294
232,32,115.9035658172943
232,33,108.86689172179467
232,34,115.39846578348806
232,35,138.59337120947748
232,36,104.47599891709979
232,37,139.07787607829232
232,38,125.83414545554842
232,39,110.62591585834889
232,40,110.59884321063873
232,41,109.50699512704887
232,42,136.91326841256523
232,43,120.57131406317785
232,44,152.20284492417704
232,45,112.85289764345362
232,46,118.8530804710972
232,47,123.36739922301786
232,48,120.91461332145263
232,49,112.955989661692
232,50,92.97739462110621
232,51,111.58373303835833
232,52,136.2093096525059
232,53,145.69937152700004
232,54,111.68512759505393
232,55,103.93149478766281
232,56,137.16906133385055
232,57,129.55451019637258
232,58,127.86376049866521
232,59,125.8793252273972
232,60,139.40457761655853
232,61,119.97668505422916
232,62,119.16892801183712
232,63,137.67491653306934
232,64,135.1320556880455
232,65,127.28441304498847
232,66,133.52688524597033
232,67,117.67677361505048
232,68,123.76288595957885
232,69,103.30312268604757
232,70,125.92938447862252
232,71,106.30272835221695
232,72,107.35040413770184
232,73,133.73656763349572
232,74,100.8808632691871
232,75,101.67091826797696
232,76,101.96749841379642
232,77,109.19584842954646
232,78,116.45032318534504
232,79,117.2195072318209
232,80,102.1602680265787
232,81,113.21416513466829
232,82,107.596269430127
232,83,127.30567334558873
232,84,121.6296084065034
232,85,112.96522352164902
232,86,110.91619338410237
232,87,122.46780651680456
232,88,98.27632828379865
232,89,109.64888086551218
232,90,138.308415732703
232,91,119.18865266507783
232,92,106.54778607132903
232,93,102.08467124644812
232,94,108.93407172969455
232,95,126.14583279313956
232,96,113.07631009675242
232,97,93.35965541305632
232,98,113.6773059445186
232,99,109.02293626913888
232,100,102.33932756901777
232,101,109.34660515571886
232,102,101.75826518076792
232,103,109.88691749052668
232,104,120.77149848145928
232,105,137.9865649850908
232,106,102.1779486931191
232,107,96.09099757226068
232,108,119.10820894709468
232,109,117.30786099452962
232,110,126.81033458614547
232,111,123.18819980704575
232,112,92.20608574858488
232,113,119.50307494420849
232,114,109.44637184744352
232,115,126.98895719340362
232,116,108.68897053813271
232,117,95.98615661590884
232,118,101.38680643900443
232,119,108.23861084204691
232,120,105.01667523362266
232,121,135.14644452995708
232,122,122.29478140877472
232,123,104.56822799615475
232,124,104.70804061405943
232,125,105.88910541166115
232,126,101.51288611879136
232,127,83.38869217978208
232,128,106.24705916515813
232,129,105.62256594654173
232,130,89.52404295760061
232,131,102.24567609701626
232,132,114.08229824571754
232,133,115.68056955149223
232,134,100.78181318684801
232,135,100.56286504051968
232,136,92.76419743758015
232,137,84.93211765425076
232,138,111.3119409704741
232,139,101.63398199151561
232,140,89.37831652422756
232,141,91.44649509523879
232,142,91.32879860826506
232,143,95.04982830764493
232,144,79.89890604544053
232,145,90.20274138994137
232,146,102.57041367562488
232,147,101.95592428377859
232,148,90.92024771036813
232,149,86.25864885143528
232,150,82.4309795221925
232,151,90.7880851603768
232,152,113.3161638607271
232,153,98.1822579326763
232,154,107.71760226724291
232,155,86.38624107996293
232,156,87.97120996424201
232,157,79.87898808209138
232,158,77.57488172777812
232,159,71.12110803325777
233,1,159.31142461751006
233,2,178.50871872269636
233,3,158.28213462041458
233,4,133.62742123873613
233,5,149.8191019237638
233,6,171.42446723717876
233,7,156.32178332904004
233,8,161.76957255008892
233,9,152.75400547738536
233,10,181.21477389538632
233,11,173.13705259744165
233,12,152.1227074298149
233,13,145.05931028554915
233,14,158.4411890256015
233,15,170.99419721757295
233,16,155.32148765168677
233,17,136.32634971272637
233,18,141.858613586126
233,19,150.2594719941044
233,20,152.12660345891345
233,21,159.8593158170188
233,22,171.25096168524033
233,23,148.61877360881044
233,24,166.3781962141511
233,25,154.92368209584674
233,26,160.05362760193384
233,27,157.26354894198448
233,28,158.9115272581621
233,29,155.84572697086696
233,30,155.61114427528082
233,31,160.25044355064892
233,32,150.9285204801854
233,33,152.36914368276484
233,34,146.46971138039953
233,35,145.85636000653903
233,36,150.5680083388579
233,37,131.87909812900762
233,38,166.79860859861947
233,39,157.46345765671867
233,40,152.2915602170615
234,1,146.0126076068991
234,2,163.2398631213655
234,3,168.2730086978263
234,4,149.89513699599775
234,5,174.1639274181216
234,6,173.07647566452215
234,7,171.3238302753889
234,8,174.96330412988027
234,9,154.1946279698168
234,10,160.9896582781803
234,11,152.09688934125734
234,12,161.52060243098822
234,13,186.21594944431854
234,14,187.34068396283692
234,15,145.32818720176147
234,16,162.1523954839504
234,17,182.25353272782377
234,18,152.84806618643051
234,19,159.20605002537195
234,20,140.03271894560748
234,21,152.65690099872882
234,22,176.07461125627742
234,23,164.8325132080936
234,24,152.44008331539226
234,25,167.43564819537278
234,26,165.33884030554327
234,27,171.4073133501006
234,28,157.40212273528596
234,29,156.94642892706906
234,30,168.23882748777396
234,31,175.85895741217246
234,32,175.51516846420418
234,33,168.76202848950197
234,34,157.59124519534816
234,35,180.1068989743144
234,36,166.17144881849526
234,37,167.90087656953256
234,38,154.2759727611483
234,39,163.86104413816065
234,40,159.58273615781945
234,41,160.58309128927067
234,42,172.33764432922908
234,43,174.90351595116954
234,44,150.13244403139106
234,45,164.52534696688235
234,46,174.88514074902196
234,47,163.60273077907186
234,48,136.20239394565579
234,49,173.03219689184334
234,50,179.9386968249455
234,51,162.46924753903295
234,52,170.60518777064135
234,53,166.28690819289477
234,54,180.03849061637447
234,55,159.4325867243606
234,56,138.27412995466875
234,57,163.2238931669126
234,58,176.023797906877
234,59,177.54403472419654
234,60,146.75496613847645
234,61,192.39544433574338
234,62,163.12711831015622
234,63,147.8630956289926
234,64,162.33946035557892
234,65,150.2292675673234
234,66,163.759283989697
234,67,157.89915202454722
234,68,168.94530350728746
234,69,177.04037621648604
234,70,152.57696022323944
234,71,174.26040958906378
234,72,164.3176267376257
234,73,167.63066434412758
234,74,141.06374125565344
234,75,159.53062611918722
234,76,179.20769047635258
234,77,146.23681127078453
234,78,148.64052315696608
234,79,158.6332459234909
234,80,176.2197495131113
234,81,176.40039451155462
234,82,133.9004950413364
234,83,167.50498024178523
234,84,154.54376748557843
234,85,159.13520837212127
234,86,138.33745156075747
234,87,151.03922661611432
234,88,169.87354793497798
234,89,167.9079524924382
234,90,146.27156715572346
234,91,134.6872989983167
234,92,176.5654240563963
234,93,149.58508596652246
234,94,150.9571951083708
234,95,127.68628109886777
234,96,153.78656043718365
234,97,152.2348157724482
234,98,169.8594089831895
234,99,151.07238388049882
234,100,155.7518243383238
234,101,168.563742474842
234,102,116.42842510755145
234,103,153.41911068128684
234,104,151.93110132012225
234,105,139.09432085337176
234,106,143.5248967246007
234,107,153.51896921454318
234,108,143.62398825530545
234,109,147.98990613345813
234,110,154.74735672116367
234,111,145.02966098079924
234,112,121.26164068736398
234,113,124.48623585981113
234,114,143.3598930731605
234,115,173.11936427967157
234,116,157.88839908079535
234,117,143.8543076307833
234,118,118.35360359165497
234,119,128.0381264903699
234,120,160.1050920972266
234,121,131.65254318191
234,122,147.36312983710377
234,123,148.76170549868402
234,124,116.48550782158418
234,125,118.1618202304744
234,126,142.76587785442098
234,127,131.31261314962467
234,128,138.9045966910271
234,129,146.5576553016508
234,130,140.8749635947679
234,131,122.6298683931891
234,132,132.24361001233046
234,133,141.72442834978574
234,134,128.05148025396193
234,135,159.7733729665415
234,136,118.25116714784235
234,137,120.56903991282161
234,138,161.28828539444658
234,139,131.1326573296392
234,140,141.7042562757415
234,141,136.64562862395542
234,142,142.7701416787677
234,143,111.26183414475963
234,144,129.5589212398554
234,145,120.25048962383153
234,146,115.3565889668971
234,147,131.60837557283958
235,1,140.63805785551813
235,2,119.954314454837
235,3,123.69394496931636
235,4,141.8276156957727
235,5,152.33231727902603
235,6,131.77498055358592
235,7,140.2408395738239
235,8,122.03924396158982
235,9,130.6635392719836
235,10,119.1857060627226
235,11,109.98881797111244
235,12,143.0866226169237
235,13,123.78159377002885
235,14,147.85021010289347
235,15,158.12660851611145
235,16,133.79354898463498
235,17,142.3464328783375
235,18,157.75067971671524
235,19,114.7621025628905
235,20,147.26361755801918
235,21,116.2010215224218
235,22,137.35113262381492
235,23,141.29301404337457
235,24,129.7377367496738
235,25,133.36152506522922
235,26,147.58026211168908
235,27,153.15016028761602
235,28,122.88502660929953
235,29,136.61865648362436
235,30,128.90487765204307
235,31,159.93148731924884
235,32,111.76859090135986
235,33,130.83988517058606
235,34,134.75426871771924
235,35,129.06156267323968
235,36,137.30691477494838
235,37,146.2412391111866
235,38,127.91422515277372
235,39,111.89150890912424
235,40,130.99611228497815
235,41,157.69011074495938
235,42,144.74471593521594
235,43,146.69468120521924
235,44,131.26958459299203
235,45,133.3398331871722
235,46,143.21231935087417
235,47,139.69621690757776
235,48,134.00603818292439
235,49,125.21643000365293
235,50,114.9448582230907
235,51,121.35428761736694
235,52,109.87525447872758
235,53,122.7983967079781
235,54,136.499500751117
235,55,130.94674358206248
235,56,109.02986266118387
235,57,128.43329569556954
235,58,139.64479175342422
235,59,145.45249390634854
235,60,131.36897380753362
235,61,142.72253026793624
235,62,121.63469809536036
235,63,139.0982896716596
235,64,130.3108971996844
235,65,123.5510081328539
235,66,126.5892337967889
235,67,123.66211251337518
235,68,128.98441621874372
235,69,100.21784158613445
235,70,146.90570772469073
235,71,130.2480863269302
235,72,136.90186369283037
235,73,133.4724693074968
235,74,137.30012343039562
235,75,108.94391314598033
235,76,137.76407667825697
235,77,137.50486036850634
235,78,137.71866020641028
235,79,129.3228731573763
235,80,125.65053645510488
235,81,137.85584281632327
235,82,132.87354156310903
235,83,131.21643649013276
235,84,126.98865783354267
235,85,131.26097153072624
235,86,141.41043383368378
235,87,135.61172169715428
235,88,121.60235492626816
235,89,132.93974569237616
235,90,132.6934783266115
235,91,118.93840457520128
235,92,147.58714702451834
235,93,117.30425541017757
235,94,134.776523097069
235,95,121.60962565994123
235,96,128.2987145749139
235,97,152.55492620878067
235,98,105.65427075532352
235,99,103.56366820183757
235,100,112.50520324292302
235,101,148.12731196199456
235,102,140.69224044326256
236,1,186.68655258155923
236,2,207.89961055013555
236,3,159.17920941012562
236,4,160.91700207051326
236,5,188.23424251700635
236,6,178.95132914713759
236,7,146.9900615261795
236,8,180.49716335509584
236,9,194.27528252361662
236,10,185.9205659977597
236,11,160.47584529805317
236,12,183.65873368324537
236,13,190.50117735245294
236,14,171.0891044481541
236,15,153.65510689827352
236,16,170.49121341726277
236,17,185.79890409820655
236,18,159.4750447239494
236,19,193.55706392799766
236,20,199.69858732132707
236,21,161.7447669866524
236,22,196.89836579614348
236,23,184.81897089033737
236,24,168.87445888644288
236,25,179.66118504724
236,26,155.07822941679478
236,27,205.10288133789436
236,28,181.03675952360936
236,29,183.82220308483375
236,30,205.01794388066628
236,31,198.12033309722028
236,32,184.0247884155251
236,33,177.42590690671932
236,34,198.14209024999582
236,35,168.665963879459
236,36,147.64604035292723
236,37,174.2197734360525
236,38,176.47490080360149
236,39,149.2916878745964
236,40,199.50645258390432
236,41,174.93257756731327
236,42,199.29044761613477
236,43,184.01762787615735
236,44,172.7766183013082
236,45,191.37579023779108
236,46,189.84326476857677
236,47,169.52756100418628
236,48,194.49914134860592
236,49,174.15004305230104
236,50,177.38155724227545
236,51,186.4320439598814
236,52,178.6040085558052
236,53,185.8578174029899
236,54,167.2761012328192
236,55,182.95525947251008
236,56,145.69166243496875
236,57,161.43963347229874
236,58,184.07806440788409
236,59,195.38662921968353
236,60,175.91876539948862
236,61,174.37225878957543
236,62,166.02696478251164
236,63,170.46706100116717
236,64,198.5462739552895
236,65,158.05654134001816
236,66,158.31598107416357
236,67,167.24034595219564
236,68,163.56499513868766
236,69,195.63371716569236
236,70,175.04011365169572
236,71,162.14989168427564
236,72,171.59437677123788
236,73,163.97947911908705
236,74,161.44898200601165
236,75,172.61875310483447
236,76,147.6487406122178
236,77,152.14996706425154
236,78,190.91096658826427
236,79,160.499332208361
236,80,168.73466819298483
236,81,159.6544207887855
236,82,167.09825346832076
236,83,156.11006089113653
236,84,159.0793249683702
236,85,209.00298390596436
236,86,165.76434293379134
236,87,177.85541242435283
236,88,171.91432623617584
236,89,151.87022211176372
236,90,167.90624910910992
236,91,174.0469786665417
236,92,154.32552955841675
236,93,171.976676301907
236,94,179.11595651614334
236,95,196.33474235775793
236,96,169.1977806748837
236,97,175.87815664161462
236,98,187.86837974092487
236,99,161.86600353249378
236,100,159.90694617637928
236,101,182.778774561928
236,102,191.35205416737153
236,103,184.44157844250003
236,104,180.57368312392646
236,105,182.29691063268547
236,106,161.47425685390772
236,107,180.76912357837136
236,108,151.31700873454247
236,109,164.46961284556892
236,110,172.84277583280345
236,111,160.17985206454614
236,112,165.13689880888705
236,113,153.67579355850467
236,114,157.18432550186117
236,115,172.76447829175595
236,116,165.35377549761324
236,117,174.32301830788492
236,118,146.84690374670754
236,119,162.8031297136622
236,120,155.6739941149499
236,121,130.50943846057635
236,122,182.7735986028565
236,123,152.99421331589838
236,124,176.1474209114749
236,125,170.85699004546768
236,126,141.52958264930203
236,127,175.07493293789594
236,128,153.30078815056913
236,129,148.90987723108992
236,130,158.93588670992176
236,131,149.64327028639673
236,132,136.27341898224404
236,133,144.5004518306814
236,134,181.9925536586743
236,135,166.93700715775776
236,136,162.7959321882081
236,137,172.82315801028744
236,138,140.77518213981966
236,139,158.06580415357166
236,140,167.4208000985891
236,141,137.81090936898545
236,142,140.5277260801522
236,143,158.96451480804535
236,144,120.54175465174194
236,145,145.1443062097751
236,146,158.86217004726495
236,147,152.93236049345433
236,148,137.77755566201813
236,149,148.73684354298166
236,150,129.20678564372065
236,151,156.78680171664746
236,152,142.79938766214036
236,153,139.71083187936165
236,154,127.62373495953216
236,155,143.44785448881157
236,156,145.90818388332264
236,157,144.4624225007792
236,158,142.38217330072803
236,159,152.1988444969611
236,160,127.77814195700194
236,161,143.114455120216
236,162,127.80138507829543
236,163,161.89856254585902
236,164,152.94090836215037
236,165,126.60505957330315
236,166,128.78943501604954
236,167,158.56250220173388
236,168,122.53757054224116
236,169,134.81544779398973
236,170,154.08127886045258
236,171,124.75893395386083
236,172,144.48443996546848
236,173,116.30217882309807
236,174,112.04483874476136
236,175,124.70116986070934
236,176,150.8654495127921
236,177,126.91558640794392
236,178,121.07216424338549
236,179,124.47790333423472
236,180,147.88388717651833
236,181,124.5006335674043
236,182,119.29673280243878
236,183,158.73406762171362
236,184,131.64649027225823
236,185,127.44665457639348
236,186,116.8741155578391
236,187,135.6055201334384
236,188,127.30401725043339
236,189,130.3023427869557
236,190,127.76167223564698
236,191,123.27509464987088
236,192,112.81825960727292
236,193,107.423451412149
236,194,105.41355750506773
236,195,114.46447562365938
236,196,123.58965057000023
236,197,99.4339889993862
236,198,100.5874176266152
236,199,124.67750385772524
236,200,111.08702145946154
236,201,128.31590106053773
236,202,116.93871497383952
236,203,110.0491318235654
236,204,102.89141778633348
236,205,89.19841701261612
236,206,114.25734782838845
236,207,103.77191015759308
236,208,98.54685886151128
236,209,88.41128953637963
236,210,97.56687785333634
236,211,90.70113822232088
236,212,92.7760353066551
236,213,104.53227099455398
236,214,113.46904998834361
236,215,99.82983343108936
236,216,77.51230077979562
236,217,66.06076889203541
236,218,89.61349968281866
236,219,79.60453494254034
236,220,84.58421885722055
236,221,104.45451767382474
236,222,89.61841445133177
236,223,86.38868218681455
236,224,85.33739402925858
236,225,69.0055686071646
236,226,85.90002359404025
236,227,96.51953544429853
236,228,58.41771958444588
236,229,78.17729063607112
236,230,76.64883635834849
236,231,63.90990808193601
236,232,71.76480451891257
236,233,70.12854390424036
236,234,76.37055981450249
236,235,80.01865036153322
236,236,71.39967440228793
236,237,90.09934952335607
236,238,73.90752691437956
236,239,48.85312713905296
236,240,61.48449750821601
236,241,57.11774449982477
236,242,48.80185547869769
236,243,65.7239309380384
236,244,57.68067106575472
236,245,62.19957388207695
236,246,51.07612807441183
236,247,59.13578679229977
236,248,69.17929590385029
236,249,30.735920451552374
236,250,37.63489422920975
236,251,42.902396244164265
236,252,45.30277831704734
236,253,51.93202461570036
236,254,9.222151481240871
236,255,37.40695840137778
236,256,21.267052148854418
236,257,28.192228036663437
236,258,24.105674366190215
236,259,26.731231942809245
236,260,33.96592066495941
236,261,21.942433017102303
236,262,34.18570619876846
236,263,3.53618577416637
236,264,25.31164770064788
236,265,10.638372989858908
236,266,11.614762297562265
236,267,-8.795778090097883
236,268,23.223521861757035
236,269,19.376960339723155
236,270,23.853773007314885
236,271,-11.055546407449583
236,272,4.401486259623198
236,273,0.2824658276003902
236,274,19.4205492917863
237,1,149.16428748407634
237,2,144.96403429347265
237,3,137.23579915331356
237,4,126.52471805811365
237,5,118.48203909303993
237,6,131.92336019605864
237,7,152.73080387496157
237,8,141.88517120520555
237,9,127.07385709194205
237,10,159.95549907068198
237,11,133.89557939299266
237,12,146.4792134540112
237,13,166.4585528040261
237,14,154.65210147028847
237,15,117.16900499134499
237,16,155.087557702318
237,17,151.6982826530002
237,18,132.69843733638118
237,19,132.0011936865194
237,20,141.7218919862571
237,21,136.99504408569192
237,22,130.73511484523624
237,23,130.51635699049075
237,24,144.40614560696122
237,25,135.2135647285686
237,26,129.6378211461997
237,27,135.64051792371174
237,28,121.78222035926592
237,29,145.99781793906004
237,30,118.85100515985687
237,31,111.9992637230971
237,32,116.60597715211043
237,33,118.88570881481428
237,34,120.81941133046348
237,35,123.12031778739038
237,36,131.62797039919678
237,37,163.08980388065538
237,38,136.04106642738043
237,39,144.47140225808835
237,40,135.9096405798191
237,41,127.8741069746684
237,42,141.73493727577443
237,43,118.59298223815131
237,44,143.91897214872733
237,45,159.61894422763726
237,46,131.7800116159342
237,47,115.71665866282274
237,48,115.0295173446284
237,49,127.7289236780125
237,50,149.15925888115453
237,51,143.97653788221214
237,52,125.19014743803564
237,53,141.7054528230874
237,54,135.79475785023533
237,55,140.75118799124903
237,56,112.1267107247113
237,57,106.50380664030672
237,58,134.06486214086908
237,59,118.15883562534145
237,60,141.58239156495256
237,61,131.63008346119022
237,62,134.65479263133602
237,63,139.0480335482207
237,64,149.02940216523712
237,65,160.07643950688362
237,66,125.74995140329702
237,67,124.86053822840768
237,68,115.18456531153788
237,69,112.07290001111687
237,70,134.66707770635549
237,71,152.24917217347684
237,72,125.21334554518398
237,73,142.2720405516302
237,74,130.02544183602004
237,75,130.92206861277373
237,76,133.39956815567712
237,77,145.67352373390895
237,78,136.4658181963532
237,79,140.599143732441
237,80,132.95359739271225
237,81,124.03058095864981
237,82,112.21088360223075
237,83,126.72698408093129
237,84,149.0956300306425
237,85,125.5108556814157
237,86,113.13985901280103
237,87,135.2682439588607
237,88,127.81751992336649
237,89,120.72427663911367
237,90,131.1975061514604
237,91,133.7198831759888
237,92,110.6173112293036
237,93,136.68812606433494
237,94,112.9892657462915
237,95,133.6260421167317
237,96,132.57633950791205
237,97,118.41279879020294
237,98,126.23277625056653
237,99,124.40476442211366
237,100,115.65539052285749
237,101,101.81861463358655
237,102,119.54667808650993
237,103,119.77252390771173
237,104,112.14487568279583
237,105,110.45173261937452
237,106,134.90703927332652
237,107,122.78795703032665
237,108,146.89479116067378
237,109,141.72430052074196
237,110,118.44028723936935
237,111,119.18207452383649
237,112,104.94776631483546
237,113,115.3756949584058
237,114,116.28371565074485
237,115,126.10482753119868
237,116,124.08657794590545
237,117,131.08367322871345
237,118,129.48577633059176
237,119,109.452462840105
237,120,117.42086393034697
237,121,87.87530981011514
237,122,115.5552005773934
237,123,99.56280653033173
237,124,118.19011700586998
237,125,116.12278544091532
237,126,128.20527062152541
237,127,131.23959919650224
237,128,110.49272141538677
237,129,112.55455146466556
237,130,89.19092722677306
237,131,121.64122547748411
237,132,111.91836691349454
237,133,119.60701757058996
237,134,110.91073148328724
237,135,129.29972379074025
237,136,123.17301168425911
237,137,88.78902761899371
237,138,131.62847082102235
237,139,114.80281022806594
237,140,100.41371903281834
237,141,110.34031190981477
237,142,101.85041506986454
237,143,120.3607438263789
237,144,115.69172717103356
237,145,96.70480571282678
237,146,125.13891303750279
237,147,108.49513196886255
237,148,127.30575753247831
237,149,107.94593574103783
237,150,121.36146557875327
237,151,92.3570492962026
237,152,101.4638848999166
237,153,121.55425734051096
237,154,100.41540920276748
237,155,95.52055621198815
237,156,122.45579736182844
237,157,121.88917997424869
237,158,115.87771245318436
237,159,103.14254481152602
237,160,87.02114887859352
237,161,92.46631057115155
237,162,105.59162841904617
237,163,118.27493676434096
237,164,124.87658126489987
237,165,118.30735159055621
237,166,107.26076392337563
237,167,113.11757813324948
237,168,121.88448249412613
237,169,84.79736296761985
237,170,90.31360802325071
237,171,124.52643471441843
237,172,72.65460075892042
237,173,107.8073757966049
237,174,95.31378069395578
237,175,103.33917234636465
237,176,129.68463468560367
237,177,99.51386546839785
237,178,92.41522842992708
237,179,86.29512876252556
237,180,95.24618140801613
237,181,112.6888741068542
237,182,91.03766160232772
237,183,105.57830229241517
237,184,100.19744277309655
237,185,93.4596929442996
237,186,91.03796570837585
237,187,88.24036334497941
237,188,80.44927495373122
237,189,106.02936437582684
237,190,82.9429616549096
237,191,93.66450679596164
237,192,105.47805319827603
237,193,90.6137029869642
237,194,94.23326836776687
237,195,125.82812805291906
237,196,90.4577342681805
237,197,67.03760237916867
237,198,59.48270187979506
237,199,91.82952306245716
237,200,82.96166196632839
237,201,72.34027991368202
237,202,82.05231993013876
237,203,93.51147850484267
237,204,62.570164458556974
237,205,64.8620656627536
237,206,68.31898829495913
237,207,76.14604181960749
237,208,101.1754472166358
237,209,72.64561612390389
237,210,83.07545395482157
237,211,84.31525923111622
237,212,73.62314465397503
237,213,72.69307685126842
237,214,75.4149890568442
237,215,101.94663790905179
237,216,76.26195041131723
237,217,58.20077945542289
237,218,65.34930331296346
237,219,76.78495624942298
237,220,57.275362553147716
237,221,51.21357168080431
237,222,73.08154570393526
237,223,63.29230029647442
237,224,63.04111468480551
237,225,72.87386748600693
237,226,71.96226891312836
237,227,75.56624325209123
237,228,74.8671669671312
237,229,82.68532368792512
237,230,73.14658925644471
237,231,81.56478915047774
237,232,75.4093672083909
237,233,39.08052166346533
237,234,61.7186122346684
237,235,44.95946295727481
238,1,185.30925631576974
238,2,190.72136117068294
238,3,197.8016164731962
238,4,189.2215839503333
238,5,172.30031518217584
238,6,197.3342347919679
238,7,170.07154796454415
238,8,206.71826856757252
238,9,207.534194550135
238,10,181.92430659738602
238,11,188.37881106636632
238,12,204.23706748680706
238,13,190.85190608799894
238,14,166.53837972978363
238,15,187.2648414403593
238,16,166.31982165506633
238,17,180.51516545527556
238,18,177.25419658987084
238,19,181.92742554799042
238,20,199.58589840077912
238,21,189.24215132877725
238,22,180.1743727624853
238,23,200.77339753836713
238,24,174.10122311184386
238,25,185.2329486295639
238,26,174.506060529151
238,27,203.23831189897464
238,28,170.68043877197488
238,29,188.93628683333372
238,30,174.1472789089603
238,31,210.35254741729295
238,32,174.3186872588558
238,33,205.35729965336213
238,34,180.93801522039576
238,35,156.99124372822553
238,36,206.4710369890745
238,37,189.9374766907349
238,38,164.8543477554922
238,39,179.9892565207847
238,40,184.53906909547368
238,41,163.5003752201883
238,42,209.05859271109512
238,43,178.3150699342441
238,44,185.6149534103315
238,45,204.5447547093936
238,46,176.62863335323345
238,47,167.7705012614606
238,48,199.0797743581934
238,49,199.67689919851546
238,50,188.44202717372536
238,51,191.11869326539454
238,52,183.07100794463622
238,53,190.17644029075018
238,54,184.10118009038706
238,55,207.68588957304746
238,56,181.9232889085033
238,57,166.1000702432575
238,58,164.6370651338657
238,59,177.1848521076172
238,60,186.49266660602734
238,61,185.63129685547756
238,62,192.28252735446586
238,63,190.5946445293739
238,64,179.05400183947495
238,65,181.1880283084538
238,66,166.07165562907176
238,67,186.6098729558289
238,68,178.84395902269898
238,69,157.8904021337803
238,70,153.09369861881714
238,71,181.08508348428586
238,72,150.21734643015952
238,73,161.0063984756198
238,74,180.06388132913708
238,75,158.11615698364767
238,76,192.77298934728606
238,77,180.14973148525314
238,78,181.80518862684403
238,79,160.02448760279367
238,80,173.56529295191285
238,81,177.8698503084015
238,82,177.01769200590206
238,83,176.0493894845058
238,84,164.1880701084301
238,85,170.88125505853532
238,86,187.64603352630365
238,87,150.03859630581428
238,88,171.53594022077596
238,89,173.69800996049162
238,90,171.7068682889294
238,91,173.55703301160975
238,92,188.25797440169845
238,93,190.1188030865378
238,94,172.0651963854034
239,1,150.5260893871382
239,2,120.6482755756515
239,3,137.17980195684504
239,4,96.09491043506569
239,5,150.89440969791758
239,6,142.48174775578082
239,7,130.3463137801955
239,8,141.57985783105687
239,9,139.06362308248936
239,10,127.38144729733176
239,11,139.40210630878573
239,12,117.68290503718163
239,13,143.8392953315706
239,14,140.0830884396637
239,15,131.65786624710017
239,16,119.39197912473901
239,17,119.86960635162541
239,18,122.00678790288657
239,19,144.5922593450814
239,20,119.30090513917821
239,21,133.43228938972607
239,22,112.44178130434011
239,23,133.7616229420746
239,24,118.62441233699064
239,25,112.50269929211936
239,26,123.93695175716857
239,27,115.29962770170096
239,28,149.5876753621851
239,29,123.19102254059544
239,30,167.40186898081447
239,31,141.44519507631048
239,32,107.12052771958406
239,33,132.79955203909049
239,34,119.60076995951385
239,35,125.57103831255517
239,36,109.40080567909172
239,37,103.32500566422823
239,38,132.52637575801782
239,39,134.82523653934913
239,40,125.20968587580137
239,41,146.26729828008683
239,42,121.99712831696525
239,43,115.89926816030493
239,44,133.11448565898172
239,45,139.70869628436049
239,46,118.83238561319013
239,47,118.11205977875215
239,48,113.8911538315806
239,49,108.22940984736488
239,50,127.49232245332678
239,51,125.67599741976301
239,52,121.3453960477782
239,53,118.5538410214358
239,54,131.0667077383041
239,55,107.2246669627566
239,56,126.10835733749263
239,57,124.01954822771222
239,58,133.77279889121564
239,59,126.94090304906422
239,60,119.52288978842262
239,61,116.19410052357125
239,62,115.21589386504638
239,63,143.7028298587029
239,64,107.51655034776195
239,65,112.65044008942641
239,66,114.60411626504356
239,67,107.9444680401939
239,68,117.96900851826649
239,69,127.89699824000127
239,70,123.37226445362467
239,71,97.8863641298667
239,72,126.0104418892588
239,73,115.85496467861958
239,74,131.3448764776913
239,75,127.05602366892708
239,76,110.02114598910703
239,77,102.39932414717623
239,78,135.2295591067159
239,79,132.77010054764833
239,80,134.92766311469313
239,81,108.295355437127
239,82,85.46954191054101
239,83,135.40163340421714
239,84,120.58396483097022
239,85,122.14139538120799
239,86,114.93754929944407
239,87,130.7443528461299
239,88,110.04253556297044
239,89,103.0808947935875
239,90,120.2998723682249
239,91,111.5707939551794
239,92,118.34677664936316
239,93,131.93122133777797
239,94,104.59968744883372
239,95,125.68636658622563
239,96,100.8678754040302
239,97,129.9234192561853
239,98,94.65328131344722
239,99,123.51800218232529
239,100,115.97898118255398
239,101,113.65666315969429
239,102,124.70142757493886
239,103,95.81215671158134
239,104,112.61807721904188
239,105,126.06449682187667
239,106,104.67506347833114
240,1,121.40484076204302
240,2,147.10148956120975
240,3,139.29441287414375
240,4,128.8161553026439
240,5,137.44459417986945
240,6,144.21721961972798
240,7,144.16017801724956
240,8,119.72811577530956
240,9,149.97924552921177
240,10,112.92593148204469
240,11,131.56424145612982
240,12,156.18467894627975
240,13,142.9038062968466
240,14,124.60171554931003
240,15,116.31457398561906
240,16,134.62074127032975
240,17,120.18896765584941
240,18,144.8705984258777
240,19,121.23964523987524
240,20,122.9796226060862
240,21,136.52416388522397
240,22,140.6335165713972
240,23,116.22707555769011
240,24,139.74557687163178
240,25,141.9243222521036
240,26,118.17978034035332
240,27,138.8311627012081
240,28,115.4686390767456
240,29,141.50946308691346
240,30,137.37147209700925
240,31,118.20797117716575
240,32,125.22978843640158
240,33,124.69211781259219
240,34,111.0370245288068
240,35,125.81625318819715
240,36,140.51257213197823
240,37,143.44544153215975
240,38,132.13804239076853
240,39,117.90138548192044
240,40,136.4519842353693
240,41,129.64501770056813
240,42,116.12805035572092
240,43,140.1909842394016
240,44,116.04455381238222
240,45,120.212648480614
240,46,136.1915383807427
240,47,140.49256778769632
240,48,126.98251209175214
240,49,115.9634224751644
240,50,123.79632190813572
241,1,218.4245861492018
241,2,184.56681821595703
241,3,210.80037217238714
241,4,201.18891075650754
241,5,196.46110448025865
241,6,181.26487292096863
241,7,178.4181865664068
241,8,175.66728773869545
241,9,193.57745909610094
241,10,179.7664808679765
241,11,180.96400718102086
241,12,190.8576836907523
241,13,201.75768635088752
241,14,188.44183594377682
241,15,187.9068315093391
241,16,195.97320046829554
241,17,173.60449503135897
241,18,200.07508447393047
241,19,200.00252996833296
241,20,178.0641981817098
241,21,170.13204714289168
241,22,194.0813163069979
241,23,198.34288044639106
241,24,212.58330994028074
241,25,209.04196844561375
241,26,180.65411914025754
241,27,177.52375882348133
241,28,205.24998824850627
241,29,202.43763170175225
241,30,193.80028103462973
241,31,187.94394531125727
241,32,178.1468508192993
241,33,198.78561807613005
241,34,195.7333457295681
241,35,189.06196746832575
241,36,190.32562027587846
241,37,198.6903631969326
241,38,208.90488936141628
241,39,176.99598374793277
241,40,216.32962735096226
241,41,174.56830205052393
241,42,195.90787874830858
241,43,195.566821346285
241,44,205.8109858167736
242,1,110.15422334994946
242,2,121.29324176982482
242,3,116.1450349480001
242,4,112.40395414007071
242,5,103.25774501026171
242,6,114.02112071025476
242,7,107.80642957858072
242,8,106.67962428249302
242,9,109.44167524343356
242,10,116.76943013082928
242,11,101.71336842626624
242,12,125.44385653680365
242,13,94.56262219983182
242,14,122.01025058102095
242,15,107.95205614179577
242,16,130.45194415032165
242,17,102.37814201942092
242,18,110.10621871083276
242,19,108.8254085703229
242,20,114.24603157332604
242,21,127.60347307003394
242,22,101.00752185263991
242,23,114.12466021710861
242,24,111.89010426645109
242,25,94.91921300800459
242,26,103.62148317582614
242,27,100.39853712373588
242,28,96.52143661623268
242,29,107.42420866260363
242,30,130.20524377328547
242,31,104.52911349499482
242,32,110.41996501955146
242,33,93.495013098669
242,34,93.32920028784429
242,35,106.47237893555575
242,36,106.6909758427646
242,37,112.4384971446998
242,38,103.65641829963715
242,39,106.94942850177176
242,40,105.3833047956432
242,41,101.40724834545108
242,42,92.90086769551272
242,43,94.77508288829995
242,44,115.68961436898826
242,45,110.2691263708839
242,46,111.83773379749618
242,47,125.28333279084472
242,48,128.09457486199972
242,49,117.21409117912117
242,50,122.85026076266513
242,51,113.88373619400227
242,52,96.81851410200034
242,53,105.47022598732292
242,54,109.89108154472342
242,55,124.88590631855186
242,56,116.35615187379153
242,57,91.79497498169803
242,58,116.33034976421914
242,59,114.58767298976454
242,60,109.416196092483
242,61,97.88341531049082
242,62,103.71214332976524
242,63,114.25349746036954
242,64,134.57509209639102
242,65,84.23418262861378
242,66,93.23217864304752
242,67,113.62493131265364
242,68,119.08347732386028
242,69,123.35320836823666
242,70,114.80069583799923
242,71,110.00583208802709
242,72,78.31196111371537
242,73,119.55806211827439
242,74,93.99549480752466
242,75,96.50441733041953
242,76,124.08427240845049
242,77,115.64504038879386
242,78,107.25358503057942
242,79,119.00102347244683
242,80,82.92336572431668
242,81,116.86606166147249
242,82,114.5052082722832
242,83,91.6505009225366
242,84,89.0777407474161
242,85,110.60271587029274
242,86,71.20056719414424
242,87,103.28270791237446
242,88,90.08981557103834
242,89,90.62983293484285
242,90,100.1908765934786
242,91,101.62579779983207
242,92,111.17825217013888
242,93,107.66405375186878
242,94,105.15367750648875
242,95,122.81150746870117
242,96,91.45641257587704
242,97,102.11337333153642
242,98,114.87965863494901
242,99,98.33129337728315
242,100,70.0499398797474
242,101,98.99994786248135
242,102,111.48894731889595
242,103,68.90962951073016
242,104,121.14994872468378
242,105,107.21032285931142
242,106,97.93058493451827
242,107,69.23866967254435
242,108,80.161164439618
242,109,93.8019879064741
242,110,103.97183923693228
242,111,79.1133603811395
242,112,68.28547224048089
242,113,114.11691279071238
242,114,92.1124698086278
242,115,90.58452852024493
242,116,84.71835325953725
242,117,75.18821904604556
242,118,102.43147158373176
242,119,85.99300274095003
242,120,85.26378237229801
242,121,83.73675470384478
242,122,107.36156931430742
242,123,78.76017444804165
242,124,78.72023713404633
242,125,102.01599906723277
242,126,69.00932642926637
242,127,75.9456899900324
242,128,109.00653857448197
242,129,61.55521808336562
242,130,84.51452021535079
242,131,76.3883011983562
242,132,70.33371424243524
242,133,69.87482911728148
242,134,79.50745071724668
242,135,64.0408682132329
242,136,73.14941970588552
242,137,76.50512282716954
242,138,80.00534569362935
242,139,83.44774728982156
242,140,106.01320116423449
242,141,66.10902788607928
242,142,65.96514853703411
242,143,69.39443937219039
242,144,82.33198030763015
242,145,64.96265636169846
242,146,85.5296533578512
242,147,60.708558079000795
242,148,65.59751720652275
242,149,78.01712692748697
242,150,84.3090527815948
242,151,45.0596940194082
242,152,72.62163511309336
242,153,84.75447809443722
242,154,44.468797381770855
242,155,61.52665584474744
242,156,66.36149296790973
242,157,62.92808518483071
242,158,86.77053104922379
242,159,68.00365909535321
242,160,62.86328300867899
242,161,56.76097608575219
242,162,62.24538005179056
242,163,50.21328432862356
242,164,35.220502507843776
242,165,45.828133832255844
242,166,44.38335923682462
242,167,51.7099686359943
242,168,42.99969151234836
242,169,30.486897009679524
242,170,43.85780072011403
242,171,43.66790658321406
242,172,59.3156419191364
242,173,31.54786022168264
242,174,57.78772152935562
242,175,41.79895508450136
242,176,34.37203481186589
242,177,33.25980141021137
242,178,36.78681107322336
242,179,54.122849020699505
242,180,40.58465958081797
242,181,32.08854954684648
242,182,2.5457008474695613
242,183,19.15046248028375
242,184,30.91844813559146
242,185,18.99262494694267
242,186,48.41183755185921
242,187,12.923188543361903
242,188,16.99489144491963
242,189,34.1951664118169
242,190,24.459241040953202
242,191,31.04932286409894
242,192,20.65722822821408
242,193,-11.76580468154134
242,194,19.584487864289258
243,1,113.14564311773574
243,2,114.98586615767272
243,3,126.5871434234723
243,4,132.55161983246944
243,5,115.90728879075323
243,6,100.17223076675145
243,7,132.9257135196167
243,8,140.3465487754147
243,9,141.7624267696592
243,10,129.09876821177022
243,11,106.88527160872036
243,12,106.63830534123554
243,13,108.83146803216368
243,14,128.0232110498473
243,15,112.21233463340468
243,16,103.29691809562064
243,17,120.35099139151862
243,18,113.43599032407656
243,19,118.38759727050638
243,20,138.285543436039
243,21,120.02703261905845
243,22,116.49767677991622
243,23,112.2218317852894
243,24,127.83289914386114
243,25,107.53408324128395
243,26,107.38623491836915
243,27,112.99747779779864
243,28,101.36948509213107
243,29,138.8423257925606
243,30,133.05514848054736
243,31,131.688347273026
243,32,140.8809933086377
243,33,113.29931242309976
243,34,114.74974486940482
243,35,106.54984753367899
243,36,109.4685937100221
243,37,139.80404473698582
243,38,115.77121911250288
243,39,111.62849962907785
243,40,113.87828896143765
244,1,114.44079676621914
244,2,101.9318051968803
244,3,137.2969126736789
244,4,98.24727081323363
244,5,135.6352200362453
244,6,127.20123804063041
244,7,120.34103469054389
244,8,139.82219785659254
244,9,117.42148971358984
244,10,117.43755538271216
244,11,112.39537117425061
244,12,131.31007360233343
244,13,93.47575833438168
244,14,133.97532831600256
244,15,135.0349408053371
244,16,110.85187485425558
244,17,128.40334059875022
244,18,117.27486099980888
244,19,114.30630568254855
244,20,137.0576882693931
244,21,120.26628267810156
244,22,112.79860153858317
244,23,122.80199009946955
244,24,124.75970647776558
244,25,111.79649952369073
244,26,108.15376629898674
244,27,109.1251808606612
244,28,119.42083468831697
244,29,106.41140608105343
244,30,105.60630539160775
244,31,102.1859884693622
244,32,128.66570106618747
244,33,115.25226439986727
244,34,120.03193669338361
244,35,94.46668521992251
244,36,142.94820474574954
244,37,129.51552205089683
244,38,123.82000107186468
244,39,108.94957326137228
244,40,103.69990406871511
244,41,116.52834466253262
244,42,107.69950904608413
244,43,122.16604727834056
244,44,111.55579135148582
244,45,96.64210883331543
244,46,131.41245597735542
244,47,136.13825993964565
244,48,124.79662479445687
244,49,123.96536236350948
245,1,133.28057982643804
245,2,127.39744130591862
245,3,150.6371945548235
245,4,132.48309586367395
245,5,137.33488455141196
245,6,136.60473836463643
245,7,141.78123080507794
245,8,137.57304113727878
245,9,134.92583992706932
245,10,157.26425420728629
245,11,142.32892176622408
245,12,121.21439308101981
245,13,129.59799363795173
245,14,128.23077535177435
245,15,132.86709103490284
245,16,143.06559156994626
245,17,133.25698932834348
245,18,126.86329114171531
245,19,137.78659795705607
245,20,128.1803991908746
245,21,121.15963163633569
245,22,146.33963038639195
245,23,135.1421153877236
245,24,146.67820958855737
245,25,135.5531600699469
245,26,146.72256536655914
245,27,130.88949818733818
245,28,142.38232841630088
245,29,132.96280304005631
245,30,141.32253307087376
245,31,128.8042224406381
245,32,136.62692600252194
245,33,139.13785305785132
245,34,148.31155908673827
245,35,130.65195806217525
245,36,138.48401755919622
245,37,128.84656233306305
245,38,127.93980870452651
245,39,118.48082076399442
245,40,133.6929754321318
245,41,136.21304469709867
245,42,137.0417380318977
245,43,132.96313287605153
245,44,138.4930832700702
245,45,140.482474213175
245,46,140.24055812727602
245,47,150.75045965707977
245,48,112.26179681198118
245,49,122.1496051561844
245,50,126.02528668478772
245,51,136.67945161468379
245,52,130.32621667878266
245,53,137.45337819507404
245,54,128.22025925156777
245,55,149.76707313962834
245,56,119.41302284887934
245,57,155.9052729627656
245,58,127.9417030182085
245,59,135.9340859011645
245,60,123.07808241809107
245,61,115.69531224988168
245,62,128.98559057975945
245,63,130.05340713139594
245,64,130.78653210685297
245,65,136.24112070637057
245,66,98.77583024076739
245,67,126.71645630079729
245,68,139.97016324388096
245,69,130.99919212214445
245,70,142.20436870472622
245,71,123.27088319093309
245,72,134.51592607350176
245,73,126.32022006733314
245,74,126.8651120579234
245,75,142.18143599494215
245,76,129.8368540625088
245,77,108.05965086635115
245,78,139.5328415504191
245,79,149.4159326455192
245,80,135.52586428837822
245,81,132.57963120342174
245,82,121.77902821481257
245,83,139.6106624518652
245,84,123.37814726629585
245,85,126.79683654129622
245,86,116.36806901331147
245,87,137.32932704583072
245,88,114.34901329118293
245,89,140.13998196343164
245,90,130.53693469912105
245,91,130.837971760433
245,92,150.27940065087023
245,93,124.06243822455872
245,94,136.60704951445223
245,95,106.92114686832792
245,96,106.17177971221099
245,97,122.31565127650538
245,98,137.03607797819132
245,99,126.33386170263839
245,100,122.84852519784181
245,101,129.03720207223523
245,102,125.81446025372861
245,103,121.37320263363654
245,104,131.86551612654875
245,105,143.31801429582265
245,106,121.26289089742932
245,107,116.58064899932651
245,108,116.80116648747935
245,109,115.60671592058497
245,110,135.28529501061712
245,111,115.13441677900119
245,112,118.9078525467703
245,113,112.30550500880054
245,114,118.1106917871657
245,115,109.16838907688361
245,116,138.47397451208963
245,117,115.36701119943609
245,118,142.48293994778214
245,119,123.23437484401802
245,120,99.04729057930672
245,121,122.09099045410403
245,122,119.59467241878883
245,123,124.77577064108482
245,124,124.48725403144635
245,125,135.13738147733238
245,126,119.41782609886286
245,127,130.00660223915474
245,128,97.87443429246196
245,129,112.46062642852485
245,130,129.75516804831568
245,131,104.1877714065995
245,132,133.5809146648171
245,133,117.56428104283259
245,134,112.3772696395099
245,135,122.8806266110696
245,136,129.97442369961936
245,137,100.0284229572353
245,138,119.49166575380514
245,139,109.39804256703792
245,140,107.47275877548964
245,141,125.38953418965684
245,142,112.98763684399455
245,143,113.96153242586297
245,144,122.84856443529134
245,145,123.89743284064753
245,146,121.14320631306327
245,147,118.64311893708509
245,148,120.39043112227228
245,149,104.71323800943355
245,150,116.53770355994493
245,151,88.02558954681444
245,152,106.66657198303437
245,153,79.82801472470601
245,154,108.48531799251941
245,155,109.44563913212914
245,156,80.20234172180062
245,157,119.38955111453834
245,158,107.36218535758962
245,159,113.05242375920352
245,160,114.64391941775102
245,161,91.53761401023075
245,162,93.95957262824959
245,163,140.44083975180547
245,164,116.72902566571429
245,165,101.6554883628487
245,166,105.81652504331578
245,167,97.89921259500989
245,168,111.9029130137933
245,169,100.47691098866198
245,170,110.11269711433852
245,171,111.34881465941726
245,172,99.27816482096387
245,173,83.42250050706207
245,174,74.8917745510189
245,175,81.28050803017686
245,176,122.53010352162528
245,177,99.32144667892135
245,178,104.92297202283225
245,179,124.22393485991779
245,180,122.40656588689308
245,181,90.94071088701457
245,182,110.62133612672915
245,183,110.33295589731279
245,184,94.01380701121525
245,185,109.03867226803413
245,186,90.06151637688163
245,187,106.21990524081048
245,188,78.31677323222539
245,189,95.69830415378237
245,190,103.03146889738855
245,191,91.51187482506066
245,192,88.68099638193235
245,193,89.85486747241521
245,194,101.71481063701503
245,195,114.19705253352004
245,196,85.2648770707383
245,197,97.32307896307611
245,198,83.31301711698325
245,199,97.25345468183514
245,200,85.93135047083342
245,201,74.55915911302145
245,202,101.82977952824149
245,203,100.99663806732133
245,204,97.03941921577643
245,205,70.9912616714937
245,206,64.38588124702073
245,207,74.2481697109688
245,208,82.6526865773194
245,209,89.35661152555258
245,210,64.73479258969019
245,211,86.73990342918842
245,212,67.03916635000496
245,213,73.35816134737252
245,214,86.48097418976977
245,215,75.38793978858303
245,216,47.53574655646662
245,217,48.72685896905023
245,218,60.77126064892218
245,219,49.887149613379734
245,220,78.28287752963661
245,221,61.213847365135734
245,222,79.28147563166567
245,223,43.58658573032881
245,224,74.15234618219256
245,225,73.64779501658631
245,226,81.25946201816987
245,227,75.05578966546454
245,228,69.57644463817269
245,229,76.12107453758654
245,230,65.66028711605759
245,231,26.033100509848737
245,232,59.378690883408126
245,233,52.593486030280474
245,234,42.234536337557074
245,235,32.413829117933346
245,236,37.44897146745643
245,237,45.458762972586555
245,238,45.90996246973373
245,239,36.567134453922336
245,240,38.89990420587128
245,241,38.55391639674781
245,242,32.761068456151406
245,243,38.42815517557028
245,244,38.061136337601056
245,245,29.577959743248357
245,246,39.470309844222356
245,247,16.36873409213149
245,248,12.443640094526927
245,249,17.748672252477263
245,250,9.323091269092401
245,251,15.686545208394818
245,252,17.407526539827813
245,253,-4.431840625198674
245,254,22.402416977769462
245,255,-1.3467579141070019
245,256,23.880270340901916
245,257,-13.910657154920045
245,258,24.22010937588493
245,259,-22.619251122436253
245,260,24.44985606339469
245,261,7.123816565632296
245,262,2.838199616955535
245,263,-1.4526113010579138
245,264,-18.90985127796739
245,265,1.779707536839851
246,1,139.2798355558407
246,2,139.98221792406548
246,3,115.6473278409103
246,4,111.18486652551655
246,5,125.70570334613149
246,6,127.0687591546739
246,7,135.85854095253308
246,8,136.28565871233877
246,9,144.9762347099895
246,10,113.20870434338576
246,11,134.87076619626168
246,12,145.4703480699609
246,13,154.01177280861884
246,14,148.30523755694594
246,15,140.3327255250333
246,16,117.26468655209464
246,17,125.54650230728294
246,18,128.66759466288931
246,19,129.96237816556823
246,20,140.9214392973081
246,21,141.3634701815099
246,22,130.51711812085705
246,23,127.01491809539584
246,24,139.82505583998864
246,25,143.1035071070437
246,26,114.12999396528903
246,27,152.64810416170076
246,28,131.38714004667418
246,29,123.95614937249775
246,30,132.7780201992573
246,31,116.35290342877852
246,32,127.82563844614924
246,33,131.91688371081545
246,34,148.1615847453213
246,35,136.6882045017992
246,36,124.94901759750792
246,37,129.80816062698432
246,38,111.37839768807316
246,39,132.2977621132086
246,40,130.2231686482628
246,41,146.39456845685345
246,42,140.52310536531877
246,43,142.67687380014104
246,44,129.16390345719992
246,45,119.29112188073486
246,46,113.59874279100768
246,47,131.92512990338582
246,48,113.12622901012946
246,49,113.85396084889362
246,50,159.33997070790792
246,51,133.14606865940004
246,52,147.00197323509929
246,53,119.37011393433204
246,54,101.1975738325782
246,55,107.13929381340859
246,56,115.6584348926117
246,57,136.56639628006815
246,58,132.23757209652103
246,59,136.16132440793444
246,60,147.6556606678423
246,61,126.66780129753897
246,62,121.96809399240738
246,63,128.12902940360073
246,64,115.7479852446777
246,65,127.05180743132951
246,66,124.02800268020655
246,67,114.59848624672304
246,68,153.68889478885103
246,69,130.30235788578284
246,70,137.58036072062532
246,71,117.99496023664688
246,72,111.03461860353855
246,73,122.56222668110422
246,74,146.9593772160515
246,75,132.05961299022601
246,76,113.19874589615938
246,77,133.30822099599027
246,78,88.7259989656668
246,79,121.12622883832228
246,80,123.70930459102965
247,1,177.69753166233568
247,2,175.48024900969904
247,3,171.6429109687233
247,4,182.58908073923521
247,5,192.0140093837981
247,6,194.89652302327158
247,7,167.90369401869248
247,8,167.16215494325297
247,9,171.40785778292047
247,10,153.49707793007838
247,11,169.42957626063435
247,12,170.32994292980584
247,13,201.80882036001276
247,14,175.54821703476046
247,15,170.30589643217536
247,16,190.61576197719842
247,17,173.92505203669862
247,18,172.96708650480286
247,19,186.0123534602535
247,20,184.01444507364795
247,21,182.52354777591972
247,22,143.44454540791776
247,23,163.71884885217878
247,24,187.39107044383127
247,25,197.5519119388773
247,26,179.32563604826282
247,27,175.1747940806381
247,28,164.41017947755608
247,29,179.15590974024235
247,30,172.02605426444643
247,31,191.78287234199524
247,32,166.663297677449
247,33,175.57528630933666
247,34,156.81921716365468
247,35,162.299590849776
247,36,173.32717657116882
247,37,171.38634026447835
247,38,159.50187920139433
247,39,165.15575413878105
247,40,185.74250823316106
247,41,193.46570120147953
247,42,192.18655104316713
247,43,158.84022311664012
247,44,162.47709738346748
247,45,186.2439814975587
247,46,155.45074590976583
247,47,192.31747170458402
247,48,191.43255654961104
247,49,149.81081634976726
247,50,178.7236949323924
247,51,165.30214645345404
247,52,165.93101470830152
247,53,168.5184261268223
247,54,168.77276547182555
247,55,157.1481829667464
247,56,180.66204010146612
247,57,173.25355250397843
247,58,162.40085248030664
247,59,171.02583576837787
247,60,193.68900005769683
247,61,146.88272735275677
247,62,172.1671408620823
247,63,183.98974391820957
247,64,173.39677717607265
247,65,159.23600360885757
247,66,201.21470667371614
247,67,161.9529983295579
247,68,158.42039051774918
247,69,186.4409794420426
247,70,172.4425258854244
247,71,183.9815697876329
247,72,170.74555202855845
247,73,156.90267882978515
247,74,173.43032650232635
247,75,149.90946510995127
247,76,187.98956794076366
247,77,181.68492760844674
247,78,175.7097239083596
247,79,168.0509042000267
247,80,166.97069532739988
247,81,159.00545344958664
247,82,163.13311020712717
247,83,163.13868046312564
247,84,186.08866005858
247,85,136.19404829143605
247,86,167.78768290825974
247,87,164.6045509067626
248,1,175.58300156844052
248,2,165.91886196549603
248,3,165.0882313896218
248,4,178.59750024575624
248,5,149.11232494033902
248,6,169.89016494832322
248,7,160.8155389201056
248,8,171.12251593061228
248,9,169.70143808353896
248,10,142.95905550591124
248,11,157.729682515499
248,12,144.05518254236813
248,13,165.729061918355
248,14,163.6220934654266
248,15,154.9772131380305
248,16,140.154388550749
248,17,180.93323949664045
248,18,154.68167824083503
248,19,164.26502995769988
248,20,158.5576625092508
248,21,152.55666447586555
248,22,159.34406865439087
248,23,145.5922104475976
248,24,176.30910097686137
248,25,148.3423516356488
248,26,144.06022930570907
248,27,164.55032485185075
248,28,156.8828751439869
248,29,159.56883402948006
248,30,174.98589696786803
248,31,152.11826950227987
248,32,167.71368923628324
248,33,143.42156662409252
248,34,144.57492357011506
248,35,183.66732824435167
248,36,176.36895625350007
248,37,150.78900631469878
248,38,164.06088084679504
248,39,164.85288439091528
248,40,137.11837734786968
248,41,161.32132001286664
248,42,158.7067227942607
248,43,177.06257277158147
248,44,180.9577347370505
248,45,178.11256038353167
248,46,168.50596169149503
248,47,134.24029274651548
248,48,142.0956553581418
248,49,149.10851181195903
248,50,155.23945286739763
248,51,147.14846585970372
248,52,170.5218082550782
248,53,139.29917237639893
248,54,158.21378097280103
248,55,126.24327024587546
248,56,160.8029178486904
248,57,137.96939517650753
248,58,144.43583044681145
248,59,159.89591983790888
248,60,157.64697628010617
248,61,168.82499751944852
248,62,161.6283793806433
248,63,142.77764340455178
248,64,160.40810191111086
248,65,158.88854867573536
248,66,144.2024028182932
248,67,134.38152443434956
248,68,128.5197378813391
248,69,143.45055444861646
248,70,144.37058587520733
248,71,154.4877693537419
248,72,145.77743377063598
248,73,158.27654025084485
248,74,153.04555561421148
248,75,164.88437257227633
248,76,157.91693218453293
248,77,161.83467357288464
248,78,127.11200497985556
248,79,150.44827387005353
248,80,159.50237795477005
248,81,136.70764149477327
248,82,167.52310084283818
248,83,125.95552186935674
248,84,146.6731622308871
248,85,130.59334192962706
248,86,146.7740480241555
248,87,145.37950315576018
248,88,157.33346704442374
248,89,160.0615790654483
248,90,138.5911136580835
248,91,149.84524017713557
248,92,143.69441458959773
248,93,171.1598985155797
248,94,138.91995746950124
248,95,131.21940808773797
248,96,150.16145470108313
248,97,141.77708395365335
248,98,150.27736571690912
248,99,139.3163093175899
248,100,123.75698853888753
248,101,142.53617971984932
248,102,165.65634852517542
248,103,147.9132455479412
248,104,154.7364737422613
248,105,144.23589649394853
248,106,145.04176259222731
248,107,163.53129341888416
248,108,144.56876647377794
248,109,134.29172213525453
248,110,156.17429777957295
248,111,140.62731648816407
248,112,136.70997769595124
248,113,142.02512735633354
248,114,109.41645197774778
248,115,154.55161451120512
248,116,132.7407263553614
248,117,150.26307398831705
248,118,120.79226132445183
248,119,133.25088336045883
248,120,127.05875756564637
248,121,135.50520697833417
248,122,123.8542690314207
248,123,110.81286629856186
248,124,142.58211125306116
248,125,140.56887900674337
248,126,149.29927214262716
248,127,123.07809839465335
248,128,133.81008832131192
248,129,117.30972841294715
248,130,120.24660489812959
248,131,131.93676426333695
248,132,115.15118330407859
248,133,132.78249027188576
248,134,119.94742760072404
248,135,149.88588188744325
248,136,125.2801730728388
248,137,140.95634876842087
248,138,115.75686574068823
248,139,121.43298886096454
248,140,110.80603447445174
248,141,119.31508815937559
248,142,119.51618078613683
248,143,122.26809423341183
248,144,115.08953035373997
248,145,136.97756792198925
248,146,123.07607965050556
248,147,112.8378776210302
248,148,96.25908380380133
248,149,106.629856522115
248,150,119.96590372771607
248,151,106.43659355975979
248,152,99.63289751035336
248,153,107.69907611938834
248,154,103.86062390593725
248,155,103.10700634657405
248,156,98.77879284326627
248,157,116.41748693629779
248,158,105.05803818997083
248,159,106.59041275834898
248,160,82.03741264127166
248,161,109.72417721513193
248,162,101.94869661369012
249,1,134.767749829276
249,2,150.70928062345047
249,3,119.6578265598946
249,4,126.13972663425375
249,5,149.83520157677412
249,6,151.75207512339693
249,7,136.3556639641829
249,8,121.6677608663449
249,9,120.8262030912083
249,10,160.29356225605443
249,11,145.72339025943802
249,12,148.322773773456
249,13,127.34843608338997
249,14,133.96605485770124
249,15,140.21176932249364
249,16,118.1234689863777
249,17,140.98168726745644
249,18,151.15297484995244
249,19,144.7325151820187
249,20,168.1222920563523
249,21,115.43292417755583
249,22,132.8038145645769
249,23,143.1620336599226
249,24,147.39396388603927
249,25,149.8469662634525
249,26,146.56963031562918
249,27,132.9790226699988
249,28,142.10267794101674
249,29,152.71087493310188
249,30,142.3751174701829
249,31,137.61524268850917
249,32,137.82165838283254
249,33,156.77506470093067
249,34,143.58645370029262
249,35,132.6592532086579
249,36,136.5540644137145
250,1,115.36531839577219
250,2,119.71150463004597
250,3,131.54782666420942
250,4,104.94180424744991
250,5,104.94912311332882
250,6,119.67342089692102
250,7,109.05536113893322
250,8,98.21337399763433
250,9,98.85019498001202
250,10,104.18026124002063
250,11,107.64560474040627
250,12,109.33860745267884
250,13,135.80325649344013
250,14,127.92435953151289
250,15,120.48502688058943
250,16,133.65280008442642
250,17,109.9365023987848
250,18,96.91684857069049
250,19,109.35011609133653
250,20,116.88189633008005
250,21,101.20707803201367
250,22,113.997766861532
250,23,119.95628100768226
250,24,107.52047482995113
250,25,95.68881054125086
250,26,112.338151070202
250,27,96.68703008414013
250,28,100.64999482026178
250,29,86.76905665624508
250,30,113.42987457136769
250,31,121.50398322186084
250,32,124.48819661711605
250,33,89.70104674940376
250,34,109.28429608876468
250,35,93.26104221153946
250,36,124.19019124963233
250,37,128.46371134625952
250,38,106.45635515689355
250,39,119.68528473098559
250,40,96.94116581023991
250,41,107.30849402495369
250,42,87.2128855032206
250,43,92.16048880340531
250,44,128.63212744749035
250,45,120.5697115877847
250,46,102.90868081052758
250,47,119.56308129930403
250,48,97.40832450894959
250,49,95.46536660531274
250,50,105.79647517546255
250,51,105.20698659886693
250,52,97.64896005064656
250,53,129.03566172551655
250,54,74.4499882983655
250,55,117.14588577801624
250,56,93.47065410750656
250,57,109.11925921942748
250,58,102.27153075405658
250,59,110.32794234034372
250,60,104.22754428649205
250,61,115.70212902459753
250,62,122.67511672354885
250,63,103.0221628139916
250,64,108.57547185513977
250,65,108.79872577340575
250,66,96.90557025798626
250,67,103.15117546769034
250,68,105.80827125930227
250,69,122.22503276088537
250,70,94.51600575198972
250,71,113.05684731736983
250,72,88.62335757161782
250,73,104.75452518375823
250,74,98.28345088748029
250,75,134.2519487519021
250,76,110.82130457409949
250,77,113.53191447918653
250,78,113.45026504126145
250,79,93.65172697012895
250,80,108.42603214897827
250,81,117.92988484432135
250,82,106.22677023185679
250,83,115.99783813972317
250,84,117.1231588120645
250,85,122.41359967557946
250,86,106.41326113206014
250,87,75.76114753099682
250,88,93.79646431541914
250,89,100.61116665438749
250,90,97.94319611368701
250,91,100.37820027219277
250,92,112.63892353970732
250,93,91.73516365465912
250,94,76.04151269373688
250,95,85.12256039048225
250,96,100.86832502693869
250,97,104.62616737351345
250,98,96.2624084450581
250,99,84.17944843324949
250,100,106.14618339969456
250,101,120.45654445570835
250,102,97.90972717381374
250,103,96.99634778503969
250,104,107.9297061145262
250,105,94.48747002411983
250,106,107.91987788437109
250,107,107.09835688240128
250,108,77.33254076736921
250,109,99.61497429443261
250,110,85.08207358734217
250,111,87.08710099354357
250,112,84.93568410893204
250,113,95.85895017265284
250,114,84.99959587878402
250,115,123.74550748719048
250,116,100.3710108952364
250,117,86.11972113610682
250,118,104.79961444269429
250,119,105.77215777801757
250,120,104.57846741136018
250,121,95.87594213709963
250,122,115.11076322061854
250,123,118.60749619734997
250,124,93.69565143583168
250,125,92.0017934520074
250,126,103.63335052324692
250,127,106.86494295825833
250,128,104.24796414763841
250,129,79.6594683811054
250,130,93.45364841252012
250,131,106.59991377992264
250,132,91.64092503494612
250,133,94.17040381154948
250,134,96.38555185871519
250,135,73.02608681855054
250,136,77.69686531518528
250,137,72.50635173066985
250,138,84.80067847241298
250,139,86.7756133160583
250,140,85.8230679027838
250,141,99.5563348155847
250,142,95.20719752949663
250,143,84.0197243090879
250,144,79.8430149519263
250,145,96.36213178378239
250,146,63.303656930685975
250,147,75.62164614230278
250,148,90.1891579873045
250,149,96.15344106586417
250,150,88.55808914798399
250,151,72.99414972660452
250,152,68.75617838701146
250,153,84.23296209270484
250,154,98.00881435757037
250,155,96.04184767131665
250,156,91.27728865474637
250,157,69.1403817186947
250,158,81.51067901432543
250,159,85.71789237623307
250,160,91.8648654166027
250,161,61.16082759344863
250,162,78.12259475612518
250,163,64.40012175116135
250,164,101.15517276874016
250,165,61.432422043923
250,166,79.05565154133365
250,167,65.96035369102174
250,168,57.623109898588154
250,169,79.8224548092694
250,170,84.13061183030368
250,171,66.67126895514957
250,172,74.03653623429273
250,173,62.947488724879804
250,174,71.48381117330428
250,175,64.52826144483697
250,176,60.68550955619139
250,177,51.590513922215905
250,178,67.32463980859029
250,179,76.9887132161457
250,180,73.16504336658545
250,181,76.29248743026255
250,182,50.51380666849582
250,183,67.86820916528086
250,184,61.406524002115475
250,185,61.5076786751888
250,186,45.035885267592676
250,187,70.15252491490537
250,188,41.35020215867553
250,189,61.52035470557894
250,190,78.78196125743125
250,191,57.289137676823884
250,192,49.84075010842207
250,193,35.924842835534946
250,194,38.958889729990915
250,195,55.221046011203725
250,196,53.073377436790906
250,197,52.30054317088798
250,198,53.65041440800269
250,199,75.59249143113993
250,200,54.12913687983382
250,201,43.359478806982224
250,202,37.98292289204983
250,203,46.00387167282315
250,204,31.378362910465512
250,205,54.94823240180267
250,206,26.687278799625346
250,207,50.579696219443576
250,208,21.041674707048514
250,209,38.78327215091849
250,210,52.34671029353922
250,211,43.38205812976594
250,212,30.193757555112825
250,213,16.679768828704255
250,214,6.602185878989985
250,215,19.607875805733784
250,216,41.086790221583215
250,217,39.57448780235427
250,218,7.40163602380926
250,219,40.32875589909236
250,220,15.357924182375427
250,221,3.3053079069650266
250,222,12.381385683671397
250,223,6.1334065554256085
250,224,10.745089116695453
250,225,21.08275048786163
250,226,23.835783105641895
250,227,12.253249216046243
250,228,6.883793824898021
250,229,-9.060539462712768
250,230,10.404039544857369
250,231,3.3699072197414353
250,232,3.8634307948232163
250,233,-18.020850725486525
250,234,4.734256561539951
251,1,139.1478681417866
251,2,143.48745931984013
251,3,137.66286913085787
251,4,106.00256130372145
251,5,138.55851614327548
251,6,161.36216870314092
251,7,117.70260738432262
251,8,146.83770260526944
251,9,142.4262222581965
251,10,153.4036806357908
251,11,139.1334501017045
251,12,131.39243124893983
251,13,144.48398261142574
251,14,141.29149453719583
251,15,130.5155803912494
251,16,141.4802164392022
251,17,132.1275007721415
251,18,133.63254104657972
251,19,124.68776430634898
251,20,134.68547760164074
251,21,142.57407057571982
251,22,140.48997906660225
251,23,115.51056899131072
251,24,121.04700871388923
251,25,140.76388178654452
251,26,136.57264210039284
251,27,138.47330991087074
251,28,152.02240726679156
251,29,119.12610925427725
251,30,118.67065734469361
251,31,125.6131050854674
251,32,132.0213770617338
251,33,124.80281004124117
251,34,133.15006039637956
251,35,116.57888432489563
251,36,147.1609996138941
251,37,139.24205459180666
251,38,152.33447723225254
251,39,129.89985647790309
251,40,130.22294548196078
251,41,117.51630842628947
251,42,120.89121355611132
251,43,129.98311063263827
251,44,140.10592214387725
251,45,121.2567484092724
251,46,110.0292607673473
251,47,108.5729348297391
251,48,107.45480307018443
251,49,142.33716327562433
251,50,138.21361123483075
251,51,89.85620244003803
251,52,136.7395440230248
251,53,130.86222662663204
251,54,148.03095953156298
251,55,111.37088832539303
251,56,126.74138379934448
251,57,128.29926716079353
251,58,135.06555203050084
251,59,134.82306267209788
251,60,136.2572322626438
251,61,135.07177908305312
251,62,125.90069219181896
251,63,111.78847799399955
251,64,143.93927934754174
252,1,140.42031956515711
252,2,167.0096131098544
252,3,126.22448678158253
252,4,130.6813065095339
252,5,136.83504689951224
252,6,148.81776967641053
252,7,146.61075434397208
252,8,151.6217585377599
252,9,123.45927951126214
252,10,142.0898029844684
252,11,152.1906180303049
252,12,154.78977792843943
252,13,141.43191767404642
252,14,140.92507743439637
252,15,151.8046226639126
252,16,168.20365253291675
252,17,125.61271035658137
252,18,136.78432566073025
252,19,132.34714450444153
252,20,146.80527753118804
252,21,148.48065012158622
252,22,134.7557395225158
252,23,146.1380395257438
252,24,138.4651206640192
252,25,164.29376306805352
252,26,146.5898528617472
252,27,147.0863563137391
252,28,143.53391070546786
252,29,108.26182126248023
252,30,136.78982941389404
252,31,114.15070170829858
252,32,137.35526292055874
252,33,135.77633298560977
252,34,144.39750149710017
252,35,134.9798636564592
252,36,154.94025619055174
252,37,145.42977215995052
252,38,145.05543672692875
252,39,143.23938025893585
252,40,135.8502077043886
252,41,148.53232876583206
252,42,125.11423568887403
252,43,146.3224432035713
252,44,134.01413493136351
252,45,170.02490250270057
252,46,148.8125724470301
252,47,151.40774283366773
252,48,155.05585430435167
252,49,145.15410086367046
252,50,149.99399661891948
252,51,130.13210962942685
252,52,135.15938213107438
252,53,157.69719211478514
252,54,138.26027069005067
252,55,140.54002176112408
252,56,154.63083974475012
252,57,128.23409837355575
252,58,132.19267240566842
252,59,136.36727658986638
252,60,147.7288458227049
252,61,151.04840445588343
252,62,147.29807819466805
252,63,123.31063242552773
252,64,155.83776048835716
252,65,125.56557961720682
252,66,143.5532860237363
252,67,102.79769442746328
252,68,118.2119647193249
252,69,153.50341226351884
252,70,143.98739373043645
252,71,143.58977065447107
252,72,143.5868204344879
252,73,134.77487734476745
252,74,133.42248961736186
252,75,134.11455879885762
252,76,140.71713642553368
252,77,132.16069060864538
252,78,150.1951033184232
252,79,148.5693414801426
252,80,139.81681743024092
252,81,137.40843894839054
252,82,126.51864007685072
252,83,148.10656799982098
252,84,138.0558859090961
252,85,151.79803019248357
252,86,128.86291609102773
252,87,145.50457189685403
252,88,137.9859728749434
252,89,114.05859312740358
252,90,142.66476216253795
252,91,138.9545897829521
252,92,114.37224187103857
252,93,124.99713127330324
252,94,155.76331494405895
252,95,118.82030182889866
252,96,138.26739950878255
252,97,121.09678084321786
252,98,123.75648989343608
252,99,113.11747406297945
252,100,135.23788312853867
252,101,132.62217415519262
252,102,117.48462798163382
252,103,122.78434242316143
252,104,130.17518089348596
252,105,124.97087096430187
252,106,135.4266396285966
252,107,140.27872893241874
252,108,134.4945293901983
252,109,131.36654138059384
252,110,126.56580813285836
252,111,121.27321673986444
252,112,122.46543465380819
252,113,121.67941417288239
252,114,129.52086949077056
252,115,140.90378492455784
252,116,129.32781689006515
252,117,117.72225419319875
252,118,120.49363309528417
252,119,109.75036475349043
252,120,139.77373008558789
252,121,108.63126642179122
252,122,123.58194091666519
252,123,120.00485036082682
252,124,99.27917288028402
252,125,111.06659931779723
252,126,106.99130798408441
252,127,84.10371220052184
252,128,147.00120415334095
252,129,115.71716677441873
252,130,110.8050125261143
252,131,137.4256151299196
252,132,128.84822711435118
252,133,119.33259553643438
252,134,110.97481398499076
252,135,129.0290548576595
252,136,140.08620076676016
252,137,112.26517780067661
252,138,101.24533121886634
252,139,131.39071897826943
252,140,125.16999536630465
252,141,96.50739795975096
252,142,118.3676987348299
252,143,142.2120792868227
252,144,124.55664792283642
252,145,122.66701783956523
252,146,103.63354471568891
252,147,126.30850880916842
252,148,113.05963253488153
252,149,114.51654049246281
252,150,118.67256637039827
252,151,110.76355861726188
252,152,108.31469899664808
252,153,121.82717774945922
252,154,113.03693346132059
252,155,91.2097084318084
252,156,109.65842163085472
252,157,113.5148264321615
252,158,94.21889934138017
252,159,132.2983691251211
252,160,85.08864536852343
252,161,109.73301308484224
252,162,111.87583749463374
252,163,102.59639618009533
252,164,115.00512513249123
252,165,102.37253372962732
252,166,83.87527232569846
252,167,107.611285172512
252,168,87.00427878897608
252,169,85.6229253670972
252,170,91.61513428519538
252,171,95.90058314050839
252,172,93.29948482449254
252,173,101.17278471129976
252,174,74.08108020595682
252,175,79.89602864339395
252,176,103.48952625804668
252,177,85.17936318476131
252,178,99.03240690280654
252,179,103.63476316464948
252,180,81.13160292957764
252,181,88.48557090503164
252,182,79.74265128887782
252,183,109.01613804647786
252,184,101.54131854272418
252,185,126.59653974709363
252,186,68.54338389234181
252,187,71.59803321444633
252,188,65.37481468556507
252,189,68.96965336774883
252,190,90.42798917203618
252,191,84.16833420570038
252,192,76.46009207610768
252,193,71.77281814673916
252,194,82.62070222125476
252,195,75.22972393152304
252,196,80.1492950832253
252,197,69.1693602725718
252,198,72.03931019401352
252,199,70.8069449101531
252,200,76.45494662122655
252,201,75.11587269528536
252,202,65.46194127213676
252,203,94.46088238834636
252,204,55.61822966992622
252,205,85.68212253931415
252,206,66.14838946196687
252,207,71.97995768338296
252,208,77.70304241138365
252,209,73.58757722571318
252,210,61.396754407353
252,211,37.251879398012534
252,212,42.072119702381315
252,213,73.71226817082788
252,214,32.93240287178196
252,215,56.1570084321138
252,216,71.42756467017898
252,217,54.805721503085806
252,218,73.13386441398325
252,219,37.86682412093069
252,220,49.44437753384409
252,221,69.6027226992519
252,222,33.923647120689566
252,223,19.75000001591252
252,224,57.6992104142264
252,225,52.50610831630911
252,226,39.211495519353775
252,227,39.30646020919812
252,228,39.61335115280963
252,229,38.479101576162066
252,230,56.27501046254474
252,231,22.430299771564023
252,232,14.084438185724139
252,233,63.76841442895238
252,234,62.16937627743755
252,235,45.23149703060335
252,236,18.284976828254003
252,237,6.018519461627875
252,238,6.961555141111603
252,239,21.30836600918701
252,240,13.762886363132566
252,241,25.344790697774442
252,242,11.386159756832058
252,243,22.980530772634665
252,244,-6.097968846479489
252,245,9.606082673242781
252,246,17.866288547003933
252,247,-0.34876838684431277
252,248,6.376548976244521
252,249,-15.804416445535026
253,1,144.99064127858583
253,2,146.85810579960526
253,3,139.62384229697636
253,4,145.64571670580335
253,5,147.71085761530412
253,6,118.3395437626532
253,7,137.17616802563862
253,8,131.89285726082016
253,9,126.10320130431501
253,10,112.69156390195712
253,11,140.22979128779116
253,12,146.21866260522802
253,13,131.1558387044861
253,14,142.31530079727236
253,15,120.81449267574499
253,16,133.86084550957457
253,17,112.67076364168315
253,18,124.6448204787448
253,19,112.42274647558224
253,20,144.8821371262311
253,21,119.03132237966202
253,22,126.21992068468535
253,23,116.88634521452332
253,24,149.69366768690816
253,25,125.8343051684642
253,26,114.67322491342202
253,27,124.06105124791793
253,28,135.90084925605333
253,29,157.74033545451675
253,30,119.01235538778565
253,31,134.4557980417594
253,32,131.90404410932388
253,33,130.7107711902354
253,34,132.20487671474257
253,35,131.71555320005427
253,36,141.65377580549102
253,37,124.87698967620236
253,38,133.21687711389677
253,39,106.62024618258874
253,40,127.05742077686591
253,41,111.57508477819647
253,42,134.3735625728077
253,43,142.8954522649583
253,44,121.50820193677646
253,45,153.60070094879484
253,46,121.63305518876587
253,47,131.47956193534628
253,48,115.62182925436355
253,49,147.33486603618803
253,50,171.73887723952066
253,51,118.40788494188746
253,52,133.3380691790735
253,53,131.27670970953477
253,54,113.47262716655678
253,55,83.13130532474315
253,56,124.4852855703939
253,57,120.07359936692228
253,58,124.96095610596967
253,59,133.68873941720085
253,60,125.35783026548597
253,61,111.2431446763876
253,62,124.12546308126184
253,63,112.19012417241174
253,64,121.38676774763007
253,65,125.93288618155202
253,66,115.51261370276188
253,67,102.5564651756431
253,68,128.95960164050484
253,69,132.09578308742493
253,70,115.7265862717395
253,71,136.95015562990739
253,72,134.2371429476916
253,73,104.85115255595156
253,74,134.9906167443405
253,75,91.79838214549818
253,76,110.81407193833002
253,77,123.93800962526439
253,78,146.7604396236202
253,79,122.2963563368321
253,80,91.87486932778847
253,81,106.38772864008206
253,82,107.49155067851825
253,83,121.53756746962608
253,84,116.54956067082821
253,85,102.57861711949954
253,86,106.20700748446689
253,87,94.26515653343813
253,88,96.58192169825634
253,89,82.85936159602716
253,90,112.49396814149077
253,91,103.78888893310796
253,92,107.4660690687233
253,93,116.46603614577907
253,94,109.90841888087743
253,95,127.10121093293128
253,96,101.95649868342298
253,97,97.2613301220772
253,98,118.51782490944606
253,99,88.44857033477456
253,100,115.80817449906317
253,101,98.26894244577124
253,102,118.63058607046696
253,103,96.24396354733472
253,104,60.101693278498715
253,105,106.90933499817038
253,106,101.5730371202153
253,107,99.82406140588137
253,108,73.30450282542006
253,109,99.79516136484017
253,110,64.1741952752709
253,111,92.49424455902772
253,112,87.05631969991373
253,113,90.21546970846975
253,114,117.17921731615934
253,115,111.53860373694624
253,116,85.21590670898877
253,117,94.54655728564103
253,118,76.28131326031871
253,119,92.62226908563025
253,120,91.39422231465869
253,121,86.6095001893118
253,122,87.03631902562483
253,123,79.47602634761279
253,124,72.50784241146903
253,125,76.98671139279031
253,126,88.5784780927861
253,127,77.08365142695402
253,128,75.93442323117779
253,129,72.56154806428822
253,130,54.282741665359936
253,131,62.79007135324355
253,132,66.55619351307541
253,133,78.76864423383086
253,134,47.449104402185185
253,135,70.62144356882345
253,136,79.81324655245407
253,137,54.35626204491564
253,138,70.98356628031615
253,139,52.608940164114756
254,1,144.72962455404922
254,2,145.4064369805492
254,3,156.68048886085307
254,4,148.74318787144875
254,5,153.6321392860773
254,6,139.39405838632229
254,7,152.5323502220781
254,8,139.7535854407397
254,9,157.7017108035143
254,10,126.49492157791246
254,11,142.36683159911627
254,12,156.65314317410957
254,13,157.5372600187111
254,14,151.21493979152
254,15,133.51311968913797
254,16,141.04749021805765
254,17,125.28929249481007
254,18,144.77446607726597
254,19,134.22904586393997
254,20,161.31748161777796
254,21,143.3593341491578
254,22,141.38669665018097
254,23,148.78696412850695
254,24,151.28047850439907
254,25,143.89819217861077
254,26,122.41431327484315
254,27,141.7306544195162
254,28,129.54100630240282
254,29,161.53263127309765
254,30,130.78038794152963
254,31,138.88629286992364
254,32,133.96584683679248
254,33,157.10284508382028
254,34,145.3623636164266
254,35,135.16600195753563
254,36,133.4769988403641
254,37,125.73366243218334
254,38,139.4482132308476
254,39,126.84255631270935
254,40,120.65581418394868
254,41,138.31579633030196
254,42,126.71974265467725
254,43,130.34745233613648
254,44,129.43443737210328
254,45,149.4358921089879
254,46,136.42191686824663
254,47,139.218886005503
254,48,107.34210831738892
254,49,144.31700571483816
254,50,128.4049809933058
254,51,133.4086524136801
254,52,137.40157214410283
254,53,126.92370980898704
254,54,137.19310212992423
254,55,128.26555058672238
254,56,139.72125383117236
254,57,159.5964992878653
254,58,135.52135761835962
254,59,140.04839415298193
254,60,142.48758835999615
254,61,130.4003350724015
254,62,140.57090033079294
254,63,145.53582408034708
254,64,141.51713703033602
254,65,112.343150124354
254,66,116.35926284042216
254,67,107.55747915378015
254,68,127.70701568009827
254,69,126.51656691410608
254,70,141.71773635517457
254,71,109.42984236222401
254,72,115.51095686387998
254,73,146.18047742712224
254,74,118.05922227873816
254,75,118.9084354670631
254,76,117.7600319223202
254,77,124.47346012855269
254,78,133.91494458157104
254,79,106.92454903927865
254,80,139.15079554850672
254,81,126.06263089336426
254,82,136.9785903919401
254,83,105.41161604652007
254,84,133.42790813342435
254,85,118.58659601860563
254,86,132.76444252301008
254,87,115.94366847389756
254,88,104.44269531748432
254,89,101.72175712395983
254,90,131.17142882007465
254,91,133.0833979754243
254,92,111.90723335099028
254,93,132.6959712097887
254,94,112.99298213681323
254,95,120.98061125998356
254,96,109.64165194918314
254,97,124.68353038542409
254,98,117.98331740834692
254,99,128.2713790826674
254,100,120.36789715339546
254,101,113.40382785579277
254,102,113.78636944279424
254,103,119.64901680898765
254,104,115.11963120682049
254,105,96.57943959874683
254,106,108.010119164137
254,107,103.6226001352261
254,108,97.54541194580088
254,109,104.91460843847017
254,110,91.61033163804677
254,111,94.26715887757018
254,112,120.16339429881191
254,113,107.10451470442786
254,114,84.97059223087126
254,115,86.46828538151021
254,116,96.22095630277909
254,117,83.50544581010035
254,118,73.27759125903685
254,119,80.41143045792705
254,120,108.66395807766821
254,121,91.88140349048626
254,122,72.77865337042022
254,123,84.22605001720513
254,124,79.15615828293812
254,125,89.19654640345107
254,126,94.74837740587827
254,127,60.30563545773475
254,128,71.22279270390572
254,129,101.98134776311053
254,130,54.03897600876371
254,131,74.05665576052706
255,1,187.77266702288762
255,2,156.1279657517589
255,3,169.29213238543161
255,4,194.96911502398143
255,5,151.11201729449385
255,6,166.78714821775066
255,7,191.6099637471707
255,8,186.73216795984627
255,9,160.36005179570202
255,10,174.23642894007935
255,11,171.64700859445293
255,12,175.7711292789245
255,13,167.51960300254723
255,14,190.30634087805083
255,15,166.7009141124654
255,16,188.73720026870433
255,17,183.6367081119315
255,18,168.79808030818094
255,19,200.11588664612646
255,20,164.19613373000902
255,21,189.4797874365613
255,22,166.04485498527356
255,23,169.31513926146727
255,24,170.54333423374192
255,25,170.72554560215212
255,26,165.19073136185034
255,27,184.26904416125035
255,28,158.85049895734846
255,29,154.89611023900943
255,30,168.47405727674777
255,31,169.41355933011073
255,32,187.83432286837342
255,33,155.86124623077194
255,34,156.0938507406754
255,35,177.1900275811713
255,36,161.29315676976694
255,37,166.00434211858374
255,38,155.5938979794737
255,39,181.72236879147385
255,40,198.8035531600981
255,41,183.69939137002075
255,42,164.7147872936257
255,43,158.55482410748664
255,44,179.7995632418606
255,45,154.23293755749182
255,46,176.52306248454988
255,47,151.81149198489584
255,48,178.66168691015628
255,49,147.96987798159535
255,50,184.71313811578875
255,51,179.97309997883713
255,52,158.55234356685833
255,53,178.8910873114146
255,54,160.76011683719844
255,55,173.05182194541703
255,56,174.65768869024032
255,57,146.36916000791825
255,58,178.90657018394995
255,59,143.51534978453856
255,60,160.70402493742586
255,61,155.0427781424878
255,62,177.5435074581692
255,63,163.19260865238175
255,64,144.4374435482605
255,65,170.26840321760392
255,66,152.1265472364612
255,67,173.74109263128048
255,68,170.2730690966564
255,69,173.76593745977152
255,70,145.79575421207846
255,71,147.464002198074
255,72,182.1577103456002
255,73,172.03257833958924
255,74,193.67641745250148
255,75,167.59172734821186
255,76,155.9453451931331
255,77,166.01228799234377
255,78,150.3283169459246
255,79,170.51618052713457
255,80,163.80628388145124
255,81,175.32338629464357
255,82,153.3376710927041
255,83,183.2258744527644
255,84,186.05252057783946
255,85,147.54632385226432
255,86,172.96863969721744
255,87,151.45788434195856
255,88,143.88627975654526
255,89,156.86821991665056
255,90,171.72279557861475
255,91,171.62118546949932
255,92,155.7402106194495
255,93,158.34310775571066
255,94,168.61798154875578
255,95,168.61248067237466
255,96,163.5739298241897
255,97,155.2763196085216
255,98,136.5643714898324
255,99,146.16045488924283
255,100,153.78162691216858
255,101,140.8909634990414
255,102,156.79179729802127
255,103,163.08274077354872
255,104,152.12849093221303
255,105,145.72899412969127
255,106,146.54540389835165
255,107,136.91898174372182
255,108,170.4141077827735
255,109,178.68752038216917
255,110,150.80562560527324
255,111,169.34901251437987
255,112,149.57662906806945
255,113,147.25974222285004
255,114,145.6618179309371
255,115,135.10262930345198
255,116,155.66213926990167
255,117,151.03432590678858
255,118,129.01150928717834
255,119,143.0564298580648
255,120,185.62909898659564
255,121,160.35152218896837
255,122,146.20632311489317
255,123,142.42849675958132
255,124,166.99445553655096
255,125,129.77936601689726
255,126,161.4712581382919
255,127,160.7347934112331
255,128,163.79169964417815
255,129,167.5671271828105
255,130,166.91782719738694
255,131,162.1037406817195
255,132,139.65222047781572
255,133,165.78257243889675
255,134,156.5671752516937
255,135,139.40603680144704
255,136,126.67770413590188
255,137,163.95708922074846
255,138,144.36367746550968
255,139,159.53031428001123
255,140,135.47236213601718
255,141,160.53372424899862
255,142,152.02772258778714
255,143,137.69804045471392
255,144,167.27772635420115
255,145,148.05664385110867
255,146,143.52149188910698
255,147,143.43685127676872
255,148,151.62675533266156
255,149,150.0817399840671
255,150,136.69332839314302
256,1,95.64185923315381
256,2,130.89744487546704
256,3,127.66199942280218
256,4,117.56764087102056
256,5,93.37135420630511
256,6,102.94874359011737
256,7,117.24099431704963
256,8,94.37164414727886
256,9,131.3428062212115
256,10,127.2797923439648
256,11,127.32714652187133
256,12,144.35532597400015
256,13,95.27682684019237
256,14,86.28664261482481
256,15,115.57341118009208
256,16,101.08267209432961
256,17,104.80960480309295
256,18,124.90337170272687
256,19,125.74195351648086
256,20,94.79693587213114
256,21,108.10502206979436
256,22,102.88058943155193
256,23,105.91776084880985
256,24,111.59913250124373
256,25,109.05863523809967
256,26,123.44092857905343
256,27,116.5537010688713
256,28,109.92619230551645
256,29,135.3664673076928
256,30,118.37826266825141
256,31,108.75394744104415
256,32,100.77929480206512
256,33,104.9012124705987
256,34,109.89479175760061
256,35,114.76521349864197
256,36,112.6935191880184
256,37,106.3533159969229
256,38,97.47730442998
256,39,121.39794276739121
256,40,128.7723311458176
256,41,115.80076163146441
256,42,130.6281047625962
256,43,121.07873883058346
256,44,128.9187315441668
256,45,97.59186216822854
256,46,121.93110416576383
256,47,103.66811793988018
256,48,128.19899414173415
256,49,96.87574145361577
256,50,108.180827083037
256,51,108.59853933478735
256,52,111.1828346475595
256,53,104.51526564233791
256,54,87.04427229193243
256,55,101.48122793930816
256,56,100.99323113473656
256,57,84.26853859764378
256,58,98.01561202253652
256,59,126.82798355046543
257,1,161.53922466879158
257,2,181.29357462802727
257,3,180.6132699662703
257,4,174.46262029085483
257,5,181.10418968501472
257,6,148.47721508389077
257,7,165.88477161921037
257,8,161.0934783182529
257,9,158.88735694900242
257,10,151.8156469393798
257,11,179.54624772181705
257,12,187.52307912803371
257,13,176.58836318509566
257,14,175.36379257537192
257,15,175.37764893096028
257,16,177.37297538475832
257,17,181.2775315031613
257,18,195.72907198174653
257,19,191.9042425534426
257,20,196.40837266934977
257,21,153.14384385632002
257,22,164.65856711443485
257,23,173.44266074660845
257,24,159.52312756947504
257,25,163.8324207732294
257,26,199.14925976351515
257,27,186.59406241663237
257,28,158.81932846344716
257,29,198.11720108988084
257,30,177.2756450095403
257,31,191.27665702252125
257,32,173.83496973357978
257,33,185.53030717585352
257,34,163.79512395280472
257,35,170.88729873731063
257,36,153.79123342586536
257,37,181.5868695510435
257,38,183.2635197352938
257,39,155.67078257776302
257,40,161.4488081492891
257,41,143.21567026679986
257,42,174.4594305263745
257,43,186.99190246190847
257,44,179.17522633074987
257,45,170.91463125235168
257,46,177.2243446756329
257,47,161.59375332458148
257,48,161.8917498382143
257,49,157.14231408552587
257,50,193.64136327464075
257,51,146.6620091654113
257,52,160.74995177800156
257,53,152.4849321308211
257,54,160.66729240803397
257,55,168.9994631334339
257,56,180.3736200970452
257,57,183.59411550854566
257,58,192.78897481491003
257,59,160.7601572509884
257,60,162.42283385170595
257,61,158.6966382925748
257,62,160.83341354341974
257,63,174.7451841127331
257,64,182.1716097309254
257,65,150.39620613968145
257,66,164.6339547763273
257,67,170.21302964780625
257,68,169.19621920173086
257,69,168.13449494961242
257,70,161.62112554533815
257,71,145.75494952027657
257,72,151.48111496835918
257,73,159.38496900525206
257,74,167.41755979724985
257,75,151.7104644112478
257,76,157.30757693688793
257,77,155.8983080840335
257,78,181.21175016337656
257,79,137.82757642050274
257,80,168.69285387623677
257,81,180.34696412178164
257,82,147.46603032852
257,83,155.43003404108458
257,84,186.95914097785862
257,85,133.3659385563733
257,86,159.43769936819444
257,87,144.30973230075324
257,88,155.07498057877092
257,89,172.1042228912993
257,90,169.80653732264182
257,91,184.70904318219982
257,92,158.6804629211183
257,93,159.6000528100776
257,94,181.03385693994642
257,95,160.6908761315426
257,96,151.56501159961044
257,97,173.86286353543255
257,98,159.3220302656482
257,99,157.01981415568298
257,100,162.8370550647087
257,101,159.10977207979886
257,102,179.86730032099877
257,103,156.91918009414803
257,104,165.34249090497178
257,105,161.43211053391133
257,106,130.39382596687938
257,107,175.40069197934645
257,108,150.31383305662894
257,109,130.8683008374428
257,110,155.14286995380098
257,111,153.32919995547127
257,112,160.41410380866
257,113,151.6432619374027
257,114,151.149035698465
257,115,144.0974995376164
257,116,161.23178387027292
257,117,145.87064120705327
257,118,119.90852950143744
257,119,132.2128895740825
257,120,160.15259701479226
257,121,162.18708009600232
257,122,163.06862212599663
257,123,155.14539838664496
257,124,164.65247465446737
257,125,128.44141309587576
257,126,185.8002985286439
257,127,137.30847542137053
257,128,143.69075076829176
257,129,167.50702978023764
257,130,154.61448047932936
257,131,136.44210568688868
257,132,135.78193848030787
257,133,128.84906390940887
257,134,148.39037677526358
257,135,148.65362106080283
257,136,148.82402991942945
257,137,143.91827182680572
257,138,160.9278284237589
257,139,141.39453759370372
257,140,130.32875766148936
257,141,133.84064540976397
257,142,142.74491507831408
257,143,135.6975183263712
257,144,124.71725490966492
257,145,149.99614906364877
257,146,130.6278633727634
257,147,141.2653616512689
257,148,146.3210279092673
257,149,149.74732955091895
257,150,136.04916536776727
257,151,144.55079899678822
257,152,138.5334056420761
257,153,111.24258233524597
257,154,126.02791193594021
257,155,119.20048257782037
257,156,141.56069100266177
257,157,127.61463740302861
257,158,139.28405563684646
257,159,133.69459830108826
257,160,142.7019299305175
257,161,134.084304499469
257,162,136.77118801022152
257,163,112.13671372685349
257,164,122.06107978912769
257,165,110.99158779708523
257,166,111.08616102545056
257,167,127.84341279029468
257,168,108.78882927896484
257,169,100.62753841769154
257,170,105.33715771108109
257,171,119.78967458334955
257,172,113.80854732175067
257,173,109.00162710044242
257,174,130.55024210549163
257,175,112.8014214863797
257,176,104.42083726079727
257,177,104.77018078622496
257,178,95.82243112990545
257,179,123.38869983622862
257,180,104.89429845824634
257,181,89.58349833777174
257,182,92.24900979956146
257,183,71.13304098730441
257,184,111.17671679363411
257,185,99.84956096201495
257,186,102.83534207693447
257,187,75.03377522515075
257,188,74.26784461402713
257,189,98.85821846549516
257,190,110.76471948903782
257,191,108.12219177111547
257,192,98.2454717587243
257,193,102.23602399988886
257,194,94.11844149238459
257,195,80.60555026021757
257,196,89.13256595766143
257,197,76.68653509004798
257,198,68.44253240115358
257,199,102.26731399962591
258,1,185.33288492170686
258,2,168.95169827112113
258,3,182.00009591713751
258,4,123.05204974293883
258,5,173.6792573882267
258,6,165.4293173201513
258,7,182.3259709306294
258,8,170.4107964129871
258,9,177.76863144990784
258,10,164.16717342937045
258,11,188.25481350195332
258,12,152.8225658471274
258,13,162.03877804260992
258,14,192.20502840047266
258,15,180.45460302196443
258,16,154.85750252653088
258,17,171.13382236359757
258,18,167.33391481872968
258,19,188.1996062437538
258,20,171.91963949521596
258,21,171.48566414628294
258,22,158.3276706566321
258,23,162.10752613741352
258,24,195.70389626990072
258,25,156.0704716775872
258,26,158.03012362333538
258,27,210.2650450431538
258,28,155.03914179000276
258,29,173.90965341025003
258,30,138.9298162582345
258,31,153.15976096165105
258,32,149.685064407342
258,33,192.43161356972269
258,34,162.86793696667883
258,35,163.8570523806775
258,36,151.33176876608923
258,37,189.35187122654315
258,38,152.63241677376936
258,39,174.79948483268527
258,40,185.32105533812864
258,41,165.61900946101377
258,42,168.90519059709186
258,43,138.15306098517613
258,44,161.9330718651181
258,45,185.45743006665725
258,46,156.495840590258
258,47,147.25102470777347
258,48,148.4050338576053
258,49,166.1607397724365
258,50,154.05203256726963
258,51,171.72720188948733
258,52,154.67413858237705
258,53,151.9072493965432
258,54,160.37271111386508
258,55,173.28385210868873
258,56,174.36909507677046
258,57,157.66023961064639
258,58,172.99227283886285
258,59,153.10737688567315
258,60,169.140632895811
258,61,188.74771550957666
258,62,175.67883587651886
258,63,169.3716441676006
258,64,170.62123764048738
258,65,161.41303445430822
258,66,150.41531112233497
258,67,156.73667846812168
258,68,137.88750608064584
258,69,160.8317279931798
258,70,175.7736100008915
258,71,136.65543189671007
258,72,153.51110726107436
258,73,158.06881916496786
258,74,164.41943047600216
258,75,167.37854537952808
258,76,137.66755766134884
258,77,145.85145761795866
258,78,167.8855722075241
258,79,149.10196623933734
258,80,143.51826910561795
258,81,156.61561296381115
258,82,152.22924474961474
258,83,126.02226974570658
258,84,148.16710811173107
258,85,147.5006154808434
258,86,149.75708187969576
258,87,139.54353983074543
258,88,165.9912588079169
258,89,162.50023993558716
258,90,156.2933125395066
258,91,145.15688335774757
258,92,152.2738541022918
258,93,122.43545867671492
258,94,141.8371232610807
258,95,164.13223718657537
258,96,174.7540714992938
258,97,146.45100391258893
258,98,159.9022933441156
259,1,146.66868329589488
259,2,184.76474277955276
259,3,185.10926322764863
259,4,199.16731751785846
259,5,176.12706789848744
259,6,195.95116773300106
259,7,184.1494671165492
259,8,186.11464840075496
259,9,194.1100128167891
259,10,176.37929904531484
259,11,202.7721096866153
259,12,169.59499501116807
259,13,198.05524414356478
259,14,187.1266343682073
259,15,178.0964813165192
259,16,163.80798796792806
259,17,180.65501324330398
259,18,200.14543051004875
259,19,202.62780754984124
259,20,179.43327097553265
259,21,175.0981115096365
259,22,184.391456219455
259,23,180.1546086369708
259,24,203.35037327217287
259,25,167.89830165562307
259,26,188.90573628162383
259,27,182.70347115502227
259,28,183.2279384446083
259,29,177.05179741365282
259,30,158.26140134255547
259,31,176.8625215762222
259,32,173.0100687049635
259,33,169.57497934013372
259,34,171.30350455641747
259,35,210.95005391512677
259,36,150.38953937296174
259,37,162.20652513239475
259,38,161.9890918782039
259,39,168.08639978531573
259,40,175.96721089039056
259,41,194.39384101274482
259,42,182.61105467642483
259,43,200.98433403560193
259,44,169.861151616009
259,45,181.7673032401508
259,46,184.52416710749094
259,47,151.54233329743874
259,48,183.3674968100313
259,49,169.85285477599245
259,50,171.2095884590526
259,51,174.70340238197969
259,52,163.6972683206186
259,53,163.44901200721506
259,54,188.45042937826656
259,55,166.24586357919907
259,56,181.8650220713098
259,57,181.97910250631685
259,58,177.32388069577428
259,59,177.23703289341938
259,60,168.72836062003626
259,61,171.0978046400487
259,62,168.59777515928
259,63,147.92184991715476
259,64,169.74603490081063
259,65,179.92503783576103
259,66,165.0289331266613
259,67,158.5282878042999
259,68,164.73565510901972
259,69,162.71576058240316
259,70,172.2542009647732
259,71,159.0947335605597
259,72,164.2033610094586
259,73,173.85695632999705
259,74,170.5559273740073
259,75,168.55424346517975
259,76,149.25681544120016
259,77,166.70423766486783
259,78,175.35211770699243
259,79,164.85110324525886
259,80,150.74843377350044
259,81,149.97289579489734
259,82,147.25532706421654
259,83,138.4118860552917
259,84,142.45659676219657
259,85,158.09083720044873
259,86,170.78475629278546
259,87,149.59753398850444
259,88,174.17508435183117
259,89,153.11082541751966
259,90,162.17704573190713
259,91,140.43999686517782
259,92,141.65359610986343
259,93,149.39637117813254
259,94,153.39345168040018
259,95,156.61779368097632
259,96,167.56422224410198
259,97,145.95476761460304
259,98,159.62109144445276
259,99,161.09727215224848
259,100,132.08711997380306
259,101,140.1313907043077
259,102,122.45799307418929
259,103,137.92886838898266
259,104,176.27275304094655
259,105,138.36826442020538
259,106,137.42574515319575
259,107,147.73361012590613
259,108,161.6771433661852
259,109,118.27406237438117
259,110,145.76350160505535
259,111,156.23483143482736
259,112,138.07163240082446
259,113,126.3341491849933
259,114,141.43354574392288
259,115,121.68772018899472
259,116,130.63562898999226
259,117,143.96826388077898
259,118,165.89550247704028
259,119,114.1649515186291
259,120,121.57915620839776
259,121,113.1741208917374
259,122,118.43730706536007
259,123,139.7722645494432
